"id","tweet_id","pub_date","text","slug","comment_count","urls"
"9759","2039980847957426400","2026-04-03T08:20:02.000Z","BREAKING: Iran launches new wave of missiles towards Israel","breaking-iran-launches-new-wave-of-missiles-towards-israel-2039980847957426327","0",""
"9760","2039985125405180200","2026-04-03T08:40:02.000Z","BREAKING: Kuwait says that power and water desalination facilities were targeted by Iranian attack, with teams now working to ensure continuity of operation.","breaking-kuwait-says-that-power-and-water-desalination-facilities-were-targeted-by-iranian-attack-with-teams-now-working-to-ensure-continuity-of-operation-2039985125405180179","0",""
"9761","2039990648326267100","2026-04-03T09:00:02.000Z","BREAKING: French-owned container ship passes through Strait of Hormuz, in 'what appears to be the first known transit by a vessel linked to Western Europe since the Iran war', according to Bloomberg report.","breaking-french-owned-container-ship-passes-through-strait-of-hormuz-in-what-appears-to-be-the-first-known-transit-by-a-vessel-linked-to-western-europe-since-the-iran-war-according-to-bloomberg-report-2039990648326267201","0",""
"9762","2040142698993291500","2026-04-03T19:10:01.000Z","BREAKING: US F-15 downed and an A-10 Warthog crashed earlier today near the Strait of Hormuz, according to NY Times report.","breaking-us-f-15-downed-and-an-a-10-warthog-crashed-earlier-today-near-the-strait-of-hormuz-according-to-ny-times-report-2040142698993291445","0",""
"9764","2040145370987311400","2026-04-03T19:20:02.000Z","BREAKING: Abu Dhabi halts operations at the UAE's largest natural-gas processing plant after attack caused a fire","breaking-abu-dhabi-halts-operations-at-the-uaes-largest-natural-gas-processing-plant-after-attack-caused-a-fire-2040145370987311243","0",""
"9763","2040146672295293200","2026-04-03T19:20:02.000Z","BREAKING: Iran claims it targeted the A-10 aircraft near Strait of Hormuz, which NY times reports crashed in the region.","breaking-iran-claims-it-targeted-the-a-10-aircraft-near-strait-of-hormuz-which-ny-times-reports-crashed-in-the-region-2040146672295293158","0",""
"9765","2040148460926898400","2026-04-03T19:30:02.000Z","BREAKING: New post from Trump asking about keeping Iranian oil https://t.co/lvFKMQSfr8","breaking-new-post-from-trump-asking-about-keeping-iranian-oil-httpstcolvfkmqsfr8-2040148460926898410","0","https://t.co/lvFKMQSfr8"
"9767","2040150488600248600","2026-04-03T19:40:02.000Z","BREAKING: US search and rescue operation in southern Iran for officer on board the F-15 that was downed in Iran earlier today","breaking-us-search-and-rescue-operation-in-southern-iran-for-officer-on-board-the-f-15-that-was-downed-in-iran-earlier-today-2040150488600248498","0",""
"9766","2040150976238399500","2026-04-03T19:40:02.000Z","BREAKING: Two US rescue helicopters involved in  F-15 search and rescue efforts were struck by Iranian fire, according to NBC report.","breaking-two-us-rescue-helicopters-involved-in-f-15-search-and-rescue-efforts-were-struck-by-iranian-fire-according-to-nbc-report-2040150976238399530","0",""
"9768","2040152852728042000","2026-04-03T19:50:02.000Z","When asked if downed jet will affect talks with Iran, Trump says, 'not at all, no, it's war', according to NBC News.","when-asked-if-downed-jet-will-affect-talks-with-iran-trump-says-not-at-all-no-its-war-according-to-nbc-news-2040152852728041861","0",""
"9769","2040158554750173700","2026-04-03T20:10:03.000Z","BREAKING: Large strikes reported in Tehran","breaking-large-strikes-reported-in-tehran-2040158554750173694","0",""
"9770","2040167146207244800","2026-04-03T20:40:03.000Z","President Trump’s national security team has gathered at the White House, according to ABC News.","president-trumps-national-security-team-has-gathered-at-the-white-house-according-to-abc-news-2040167146207244676","0",""
"9771","2040187972923109600","2026-04-03T22:10:02.000Z","Netanyahu says that 70% of Iran's steel production capability has been destroyed. https://t.co/iiABsWTh8O","netanyahu-says-that-70-of-irans-steel-production-capability-has-been-destroyed-httpstcoiiabswth8o-2040187972923109530","0","https://t.co/iiABsWTh8O"
"9772","2040199940807573500","2026-04-03T22:50:03.000Z","BREAKING: Reports of blasts near Damascus with the cause still unclear","breaking-reports-of-blasts-near-damascus-with-the-cause-still-unclear-2040199940807573630","0",""
"9773","2040203311794762000","2026-04-03T23:10:02.000Z","UPDATE: State media says blasts heard in Damascus were due to Israeli interception of Iranian missiles","update-state-media-says-blasts-heard-in-damascus-were-due-to-israeli-interception-of-iranian-missiles-2040203311794761931","0",""
"9774","2040209135258697700","2026-04-03T23:30:02.000Z","BREAKING: Fires break out at a site in Tel Aviv due to Iranian missile attack","breaking-fires-break-out-at-a-site-in-tel-aviv-due-to-iranian-missile-attack-2040209135258697795","0",""
"9776","2040225973950718000","2026-04-04T00:40:02.000Z","BREAKING: US intelligence reports are warning that Iran is 'unlikely to open the Strait of Hormuz any time soon', according to Reuters report.","breaking-us-intelligence-reports-are-warning-that-iran-is-unlikely-to-open-the-strait-of-hormuz-any-time-soon-according-to-reuters-report-2040225973950718044","0",""
"9775","2040226468031295500","2026-04-04T00:40:02.000Z","BREAKING: Warning sirens sound in Bahrain","breaking-warning-sirens-sound-in-bahrain-2040226468031295506","0",""
"9777","2040230305362281000","2026-04-04T00:50:02.000Z","BREAKING: Japanese LNG tanker has passed through the Strait of Hormuz, the first Japanese commercial vessel since Iran war began.","breaking-japanese-lng-tanker-has-passed-through-the-strait-of-hormuz-the-first-japanese-commercial-vessel-since-iran-war-began-2040230305362280839","0",""
"9778","2040332116995744000","2026-04-04T07:40:01.000Z","BREAKING: Chief of Iran's energy agency says that the country's oil exports are increasing","breaking-chief-of-irans-energy-agency-says-that-the-countrys-oil-exports-are-increasing-2040332116995744065","0",""
"9779","2040360440757412000","2026-04-04T09:30:02.000Z","BREAKING: Israeli airstrikes on petrochemical facilities in southwestern Iran","breaking-israeli-airstrikes-on-petrochemical-facilities-in-southwestern-iran-2040360440757412015","0",""
"9780","2040372021960556800","2026-04-04T10:20:02.000Z","BREAKING: Israeli military has conducted a new wave of airstrikes against targets in Tehran","breaking-israeli-military-has-conducted-a-new-wave-of-airstrikes-against-targets-in-tehran-2040372021960556688","0",""
"9781","2040511840925688000","2026-04-04T19:30:02.000Z","BREAKING: Iranian military says the entire region will 'turn into hell' for the United States and Israel if they escalate the war","breaking-iranian-military-says-the-entire-region-will-turn-into-hell-for-the-united-states-and-israel-if-they-escalate-the-war-2040511840925687979","0",""
"9783","2040509832386707700","2026-04-04T19:30:03.000Z","BREAKING: Israel is preparing attack on Iranian energy facilities, but first awaiting green light from the United States, according to Reuters report.","breaking-israel-is-preparing-attack-on-iranian-energy-facilities-but-first-awaiting-green-light-from-the-united-states-according-to-reuters-report-2040509832386707650","0",""
"9782","2040511131287187500","2026-04-04T19:30:03.000Z","BREAKING: Trump posts, 'If you import The Third World, you become The Third World!' https://t.co/IWsZtDNmYZ","breaking-trump-posts-if-you-import-the-third-world-you-become-the-third-world-httpstcoiwsztdnmyz-2040511131287187457","0","https://t.co/IWsZtDNmYZ"
"9784","2040533140507443500","2026-04-04T21:00:02.000Z","BREAKING: President Trump shares video of US attack that terminated 'many of Iran's military leaders'. https://t.co/j6MYT4gJHT","breaking-president-trump-shares-video-of-us-attack-that-terminated-many-of-irans-military-leaders-httpstcoj6myt4gjht-2040533140507443470","0","https://t.co/j6MYT4gJHT"
"9785","2040537459801629200","2026-04-04T21:20:03.000Z","BREAKING: Trump's top aides have made the case that 'Iran’s power-generating facilities and bridges are legitimate military targets because destroying them could cripple the country’s missile and nuclear programs', according to Wall Street Journal report. https://t.co/cFliNgU73v","breaking-trumps-top-aides-have-made-the-case-that-irans-power-generating-facilities-and-bridges-are-legitimate-military-targets-because-destroying-them-could-cripple-the-countrys-missile-and-nuclear-programs-according-to-wall-street-journal-report-httpstc","0","https://t.co/cFliNgU73v"
"9786","2040560004487663600","2026-04-04T22:40:02.000Z","BREAKING: Iran says it has launched new wave of missiles towards Israel","breaking-iran-says-it-has-launched-new-wave-of-missiles-towards-israel-2040560004487663625","0",""
"9787","2040569782056214800","2026-04-04T23:20:03.000Z","BREAKING: Sirens are sounding in Kuwait amid Iranian missile and drone attack","breaking-sirens-are-sounding-in-kuwait-amid-iranian-missile-and-drone-attack-2040569782056214690","0",""
"9788","2040579403189834000","2026-04-05T00:00:06.000Z","BREAKING: Reports of attack on Ministry of Oil building in Kuwait","breaking-reports-of-attack-on-ministry-of-oil-building-in-kuwait-2040579403189833919","0",""
"9789","2040598478825697500","2026-04-05T01:20:02.000Z","BREAKING: Iranian media reports a new missile barrage has been launched towards Northern Israel","breaking-iranian-media-reports-a-new-missile-barrage-has-been-launched-towards-northern-israel-2040598478825697658","0",""
"9791","2040601244293882000","2026-04-05T01:30:02.000Z","BREAKING: Kuwait reports that power generation and water desalination facilities were targeted by Iranian drone","breaking-kuwait-reports-that-power-generation-and-water-desalination-facilities-were-targeted-by-iranian-drone-2040601244293882018","0",""
"9790","2040602261622248000","2026-04-05T01:30:02.000Z","BREAKING: Kuwait says two power plants were targeted by Iranian drones","breaking-kuwait-says-two-power-plants-were-targeted-by-iranian-drones-2040602261622247856","0",""
"9792","2040638680910688500","2026-04-05T04:00:01.000Z","BREAKING: Second US F-15 crew member has been rescued, according to Fox News report.","breaking-second-us-f-15-crew-member-has-been-rescued-according-to-fox-news-report-2040638680910688636","0",""
"9793","2040642876091368000","2026-04-05T04:10:02.000Z","BREAKING: Reuters also reports that second US F-15 pilot has been rescued","breaking-reuters-also-reports-that-second-us-f-15-pilot-has-been-rescued-2040642876091367925","0",""
"9794","2040651293275107300","2026-04-05T04:50:03.000Z","BREAKING: Trump post about F-15 crew member rescue https://t.co/oONd6hYlWl","breaking-trump-post-about-f-15-crew-member-rescue-httpstcooond6hylwl-2040651293275107378","0","https://t.co/oONd6hYlWl"
"9795","2040759706902540800","2026-04-05T12:00:03.000Z","BREAKING: Israeli defense minister says that as long as Iranian missile fire continues, Iran will see its national infrastructure 'erode and collapse'.","breaking-israeli-defense-minister-says-that-as-long-as-iranian-missile-fire-continues-iran-will-see-its-national-infrastructure-erode-and-collapse-2040759706902540716","0",""
"9796","2040874415328797200","2026-04-05T19:30:02.000Z","BREAKING: Iran rejected proposal to open Strait of Hormuz in exchange for temporary ceasefire, according to Wall Street Journal report.","breaking-iran-rejected-proposal-to-open-strait-of-hormuz-in-exchange-for-temporary-ceasefire-according-to-wall-street-journal-report-2040874415328797162","0",""
"9797","2040877154083463400","2026-04-05T19:50:02.000Z","BREAKING: Trump says there is still a 'good chance' of a deal, but if Iran does not make one, 'I am blowing up everything over there', according to Axios report.","breaking-trump-says-there-is-still-a-good-chance-of-a-deal-but-if-iran-does-not-make-one-i-am-blowing-up-everything-over-there-according-to-axios-report-2040877154083463366","0",""
"9798","2040880360511406600","2026-04-05T20:00:03.000Z","The Iran war has 'eroded faith in the US role as protector of the high seas' and raised 'growing doubts about Washington's ability to manage the consequences of the war', according to Bloomberg report.","the-iran-war-has-eroded-faith-in-the-us-role-as-protector-of-the-high-seas-and-raised-growing-doubts-about-washingtons-ability-to-manage-the-consequences-of-the-war-according-to-bloomberg-report-2040880360511406467","0",""
"9799","2040886093432943000","2026-04-05T20:20:02.000Z","BREAKING: Iranian Revolutionary Guards say the Strait of Hormuz will never return to its previous state, particularly for the United States and Israel.","breaking-iranian-revolutionary-guards-say-the-strait-of-hormuz-will-never-return-to-its-previous-state-particularly-for-the-united-states-and-israel-2040886093432943095","0",""
"9800","2040894464051544300","2026-04-05T20:50:02.000Z","BREAKING: Iranian Revolutionary Guards say they are preparing for a 'new order' in the Gulf","breaking-iranian-revolutionary-guards-say-they-are-preparing-for-a-new-order-in-the-gulf-2040894464051544308","0",""
"9801","2040901446389076500","2026-04-05T21:20:03.000Z","BREAKING: Sirens sound in Kuwait amid Iranian missile and drone attack, with air defenses intercepting.","breaking-sirens-sound-in-kuwait-amid-iranian-missile-and-drone-attack-with-air-defenses-intercepting-2040901446389076382","0",""
"9802","2040909426471887000","2026-04-05T21:50:01.000Z","Reuters reports that the US military destroyed two of their disabled MC-130 planes and four helicopters inside Iran 'rather than risk leaving sensitive equipment behind', as rescue mission 'nearly went off course'.","reuters-reports-that-the-us-military-destroyed-two-of-their-disabled-mc-130-planes-and-four-helicopters-inside-iran-rather-than-risk-leaving-sensitive-equipment-behind-as-rescue-mission-nearly-went-off-course-2040909426471887165","0",""
"9804","2040914945232208000","2026-04-05T22:20:02.000Z","BREAKING: Oil prices rise by 3%","breaking-oil-prices-rise-by-3-2040914945232207977","0",""
"9803","2040915121405653200","2026-04-05T22:20:02.000Z","BREAKING: US crude oil prices rise by over 3%, now trading at $115.","breaking-us-crude-oil-prices-rise-by-over-3-now-trading-at-115-2040915121405653187","0",""
"9805","2040919195333054700","2026-04-05T22:30:02.000Z","BREAKING: Stock market futures in the US are down by 0.6%, as oil prices rise by 3%.","breaking-stock-market-futures-in-the-us-are-down-by-06-as-oil-prices-rise-by-3-2040919195333054707","0",""
"9807","2040919932066844700","2026-04-05T22:40:03.000Z","US crude oil prices have now doubled since the start of 2026, rising from $57 to current $115.","us-crude-oil-prices-have-now-doubled-since-the-start-of-2026-rising-from-57-to-current-115-2040919932066844674","0",""
"9806","2040921270855049700","2026-04-05T22:40:03.000Z","Bitcoin price

Six months ago: $114,300

Now: $67,500","bitcoin-price-six-months-ago-114300-now-67500-2040921270855049628","0",""
"9808","2040928924281258200","2026-04-05T23:10:02.000Z","BREAKING: Very large blasts reported in Iranian cities of Shiraz and Qom","breaking-very-large-blasts-reported-in-iranian-cities-of-shiraz-and-qom-2040928924281258151","0",""
"9809","2040932907997655300","2026-04-05T23:30:03.000Z","European allies are now 'losing hope of keeping America in NATO', and the situation 'may have gone beyond the point where European action could soften Mr Trump's contempt for NATO', according to The Economist. https://t.co/9REifYOSao","european-allies-are-now-losing-hope-of-keeping-america-in-nato-and-the-situation-may-have-gone-beyond-the-point-where-european-action-could-soften-mr-trumps-contempt-for-nato-according-to-the-economist-httpstco9reifyosao-2040932907997655386","0","https://t.co/9REifYOSao"
"9810","2040952213351399700","2026-04-06T00:40:02.000Z","BREAKING: Iran launches new wave of missiles at Israel","breaking-iran-launches-new-wave-of-missiles-at-israel-2040952213351399651","0",""
"9811","2040953711976227000","2026-04-06T00:50:01.000Z","BREAKING: Reports of blasts and interceptions in central Israel after Iran launched missile attack","breaking-reports-of-blasts-and-interceptions-in-central-israel-after-iran-launched-missile-attack-2040953711976227150","0",""
"9812","2040957123375620400","2026-04-06T01:00:03.000Z","BREAKING: Iranian media says that three volleys of missiles were fired towards Israel","breaking-iranian-media-says-that-three-volleys-of-missiles-were-fired-towards-israel-2040957123375620275","0",""
"9813","2040976861728252400","2026-04-06T02:20:02.000Z","BREAKING: US, Iran and regional mediators are discussing terms for a potential 45-day ceasefire, according to Axios report.","breaking-us-iran-and-regional-mediators-are-discussing-terms-for-a-potential-45-day-ceasefire-according-to-axios-report-2040976861728252328","0",""
"9814","2040990143377752300","2026-04-06T03:10:02.000Z","BREAKING: Several fires reported in the city of Haifa in northern Israel following Iranian attack","breaking-several-fires-reported-in-the-city-of-haifa-in-northern-israel-following-iranian-attack-2040990143377752446","0",""
"9815","2040992224159338800","2026-04-06T03:20:02.000Z","BREAKING: 🇯🇵 Japan's 10-year government bond yield rises to the highest in 28 years","breaking-japans-10-year-government-bond-yield-rises-to-the-highest-in-28-years-2040992224159338768","0",""
"9816","2041051619937472800","2026-04-06T07:20:02.000Z","BREAKING: Proposal, dubbed the 'Islamabad Accord', would involve a ceasefire that would take effect 'immediately' and involve 'reopening the Strait of Hormuz, with 15-20 days to finalise a broader agreement', according to Reuters report.","breaking-proposal-dubbed-the-islamabad-accord-would-involve-a-ceasefire-that-would-take-effect-immediately-and-involve-reopening-the-strait-of-hormuz-with-15-20-days-to-finalise-a-broader-agreement-according-to-reuters-report-2041051619937472761","0",""
"9817","2041050873359688000","2026-04-06T07:20:03.000Z","BREAKING: US and Iran received a plan to end conflict, including immediate ceasefire, mediated by Pakistan's army chief, according to Reuters report.","breaking-us-and-iran-received-a-plan-to-end-conflict-including-immediate-ceasefire-mediated-by-pakistans-army-chief-according-to-reuters-report-2041050873359688020","0",""
"9818","2041062224345891000","2026-04-06T08:00:03.000Z","BREAKING: Iran's Revolutionary Guards intelligence chief has been killed, according to Iranian media.","breaking-irans-revolutionary-guards-intelligence-chief-has-been-killed-according-to-iranian-media-2041062224345891147","0",""
"9819","2041067526873137700","2026-04-06T08:20:02.000Z","US crude oil prices are down 2%, amid reports of proposals to end the conflict in the Middle East.","us-crude-oil-prices-are-down-2-amid-reports-of-proposals-to-end-the-conflict-in-the-middle-east-2041067526873137579","0",""
"9820","2041071313062871000","2026-04-06T08:40:03.000Z","BREAKING: Israeli military struck airports in Tehran that were being used by the Quds Force","breaking-israeli-military-struck-airports-in-tehran-that-were-being-used-by-the-quds-force-2041071313062871124","0",""
"9821","2041090867193414000","2026-04-06T09:50:02.000Z","BREAKING: Chances for a breakthrough over Iran war 'remain slim' and Iran has 'so far declined to accept a temporary cease-fire in exchange for opening the Strait of Hormuz or giving up the country’s highly enriched uranium stockpile', according to Wall Street Journal report.","breaking-chances-for-a-breakthrough-over-iran-war-remain-slim-and-iran-has-so-far-declined-to-accept-a-temporary-cease-fire-in-exchange-for-opening-the-strait-of-hormuz-or-giving-up-the-countrys-highly-enriched-uranium-stockpile-according-to-wall-street-j","0",""
"9822","2041110779525738800","2026-04-06T11:10:02.000Z","BREAKING: Attack on petrochemical facility in Asaluyeh, southern Iran.","breaking-attack-on-petrochemical-facility-in-asaluyeh-southern-iran-2041110779525738685","0",""
"9823","2041118942677368800","2026-04-06T11:50:02.000Z","BREAKING: Israel's defense minister says the military has attacked Iran's 'largest petrochemical facility'","breaking-israels-defense-minister-says-the-military-has-attacked-irans-largest-petrochemical-facility-2041118942677368916","0",""
"9824","2041121527253680400","2026-04-06T12:00:03.000Z","BREAKING: Reports of attack on power facility in Shiraz, Iran.","breaking-reports-of-attack-on-power-facility-in-shiraz-iran-2041121527253680491","0",""
"9826","2041243698743440000","2026-04-06T20:00:03.000Z","BREAKING: Iranian media reports strike on power station in Mashhad, northeastern Iran.","breaking-iranian-media-reports-strike-on-power-station-in-mashhad-northeastern-iran-2041243698743439826","0",""
"9825","2041244240676819200","2026-04-06T20:00:03.000Z","BREAKING: Russia provided Iran with list of '55 critical energy infrastructure targets within Israel', according to Jerusalem Post report.","breaking-russia-provided-iran-with-list-of-55-critical-energy-infrastructure-targets-within-israel-according-to-jerusalem-post-report-2041244240676819287","0",""
"9827","2041246169469456400","2026-04-06T20:10:03.000Z","BREAKING: Republican Congressman Pat Fallon says regarding troop deployment in Iran, 'I just don't see any other way', adding that 'I personally think it’s going to be boots - at least special ops, American special operators - on the ground, with allies in the region and air cover'.","breaking-republican-congressman-pat-fallon-says-regarding-troop-deployment-in-iran-i-just-dont-see-any-other-way-adding-that-i-personally-think-its-going-to-be-boots-at-least-special-ops-american-special-operators-on-the-ground-with-allies-in-the-region-a","0",""
"9829","2041251685864186400","2026-04-06T20:30:03.000Z","US military says it has attacked over 13,000 targets since the war in Iran began.","us-military-says-it-has-attacked-over-13000-targets-since-the-war-in-iran-began-2041251685864186295","0",""
"9828","2041251921642852400","2026-04-06T20:30:03.000Z","BREAKING: Iranian military says that President Trump's threats are 'delusional' and will not compensate for his country's 'humiliation and disgrace'","breaking-iranian-military-says-that-president-trumps-threats-are-delusional-and-will-not-compensate-for-his-countrys-humiliation-and-disgrace-2041251921642852463","0",""
"9830","2041255536163967500","2026-04-06T20:50:02.000Z","BREAKING: US military says it has destroyed or damaged over 155 Iranian navy ships so far in the war","breaking-us-military-says-it-has-destroyed-or-damaged-over-155-iranian-navy-ships-so-far-in-the-war-2041255536163967431","0",""
"9831","2041258096396477000","2026-04-06T21:00:03.000Z","Loud blasts are being heard across the Iranian city of Isfahan amid ongoing US-Israeli strikes.","loud-blasts-are-being-heard-across-the-iranian-city-of-isfahan-amid-ongoing-us-israeli-strikes-2041258096396476826","0",""
"9832","2041263793712624000","2026-04-06T21:20:03.000Z","BREAKING: Iran is telling youth to form 'human chains' around power plants, amid Trump's threats to strike the key infrastructure facilities.","breaking-iran-is-telling-youth-to-form-human-chains-around-power-plants-amid-trumps-threats-to-strike-the-key-infrastructure-facilities-2041263793712624025","0",""
"9834","2041264866254893300","2026-04-06T21:30:02.000Z","BREAKING: Israel has approved an 'updated target list of energy and infrastructure sites in Iran' in case diplomatic talks fail, according to CNN report. https://t.co/aR6DBUzlmP","breaking-israel-has-approved-an-updated-target-list-of-energy-and-infrastructure-sites-in-iran-in-case-diplomatic-talks-fail-according-to-cnn-report-httpstcoar6dbuzlmp-2041264866254893370","0","https://t.co/aR6DBUzlmP"
"9833","2041266577602134300","2026-04-06T21:30:02.000Z","Saudi Arabia has raised the price of its main oil grade sales to Asia to a 'record high premium', according to Bloomberg report. https://t.co/5IC7kUkK1r","saudi-arabia-has-raised-the-price-of-its-main-oil-grade-sales-to-asia-to-a-record-high-premium-according-to-bloomberg-report-httpstco5ic7kukk1r-2041266577602134323","0","https://t.co/5IC7kUkK1r"
"9835","2041298591797678600","2026-04-06T23:40:02.000Z","BREAKING: Fire reported at Saudi Arabia's Jubail Industrial City following Iranian attack","breaking-fire-reported-at-saudi-arabias-jubail-industrial-city-following-iranian-attack-2041298591797678577","0",""
"9836","2041324160249675800","2026-04-07T01:20:02.000Z","BREAKING: Negotiators are 'pessimistic Iran will bend to meet President Trump’s demand to reopen the Strait of Hormuz', ahead of his deadline of Tuesday night, before targeting Iran's power plants and bridges, according to Wall Street Journal report.","breaking-negotiators-are-pessimistic-iran-will-bend-to-meet-president-trumps-demand-to-reopen-the-strait-of-hormuz-ahead-of-his-deadline-of-tuesday-night-before-targeting-irans-power-plants-and-bridges-according-to-wall-street-journal-report-2041324160249","0",""
"9837","2041327335526552000","2026-04-07T01:30:02.000Z","BREAKING: Sirens sound in Bahrain amid new Iranian attack","breaking-sirens-sound-in-bahrain-amid-new-iranian-attack-2041327335526552018","0",""
"9838","2041335190321308200","2026-04-07T02:10:02.000Z","WTI crude oil price forecast to rise as high as $147 by the end of the year, according to @Kalshi prediction market. https://t.co/KrFowXdNQu","wti-crude-oil-price-forecast-to-rise-as-high-as-147-by-the-end-of-the-year-according-to-kalshi-prediction-market-httpstcokrfowxdnqu-2041335190321308099","0","https://t.co/KrFowXdNQu"
"9839","2041339904177930500","2026-04-07T02:20:02.000Z","JUST IN: X product chief Nikita Bier says auto-translate will be rolled out to give posts global reach on the platform.","just-in-x-product-chief-nikita-bier-says-auto-translate-will-be-rolled-out-to-give-posts-global-reach-on-the-platform-2041339904177930450","0",""
"9840","2041373493959475500","2026-04-07T04:40:02.000Z","BREAKING: US crude oil prices rise by 3%, up to over $115.","breaking-us-crude-oil-prices-rise-by-3-up-to-over-115-2041373493959475376","0",""
"9841","2041380396890529800","2026-04-07T05:00:02.000Z","BREAKING: US defense official says they are 'skeptical' there would be an extension of Trump's deadline to Iran this time around, according to Axios report.","breaking-us-defense-official-says-they-are-skeptical-there-would-be-an-extension-of-trumps-deadline-to-iran-this-time-around-according-to-axios-report-2041380396890529906","0",""
"9842","2041388950972170200","2026-04-07T05:40:02.000Z","BREAKING: Israeli military warns Iranian citizens to keep away from trains and railway lines until later tonight","breaking-israeli-military-warns-iranian-citizens-to-keep-away-from-trains-and-railway-lines-until-later-tonight-2041388950972170275","0",""
"9843","2041414652979208400","2026-04-07T07:20:02.000Z","BREAKING: Indonesia's rupiah falls to record low of 17,100 per US Dollar","breaking-indonesias-rupiah-falls-to-record-low-of-17100-per-us-dollar-2041414652979208512","0",""
"9844","2041453913271054300","2026-04-07T10:00:02.000Z","BREAKING: 3 people killed in shooting near the Israeli consulate in Istanbul","breaking-3-people-killed-in-shooting-near-the-israeli-consulate-in-istanbul-2041453913271054430","0",""
"9845","2041456101485580800","2026-04-07T10:10:02.000Z","BREAKING: Turkish media reports that three gunmen were killed near Israeli consulate in Istanbul, and that two police officers were wounded.","breaking-turkish-media-reports-that-three-gunmen-were-killed-near-israeli-consulate-in-istanbul-and-that-two-police-officers-were-wounded-2041456101485580713","0",""
"9846","2041463051866808600","2026-04-07T10:30:03.000Z","BREAKING: Iranian media reports explosions have been heard on Kharg Island","breaking-iranian-media-reports-explosions-have-been-heard-on-kharg-island-2041463051866808621","0",""
"9848","2041464491729404400","2026-04-07T10:40:02.000Z","BREAKING: Senior Iranian source says that Iran 'had ‌rejected a proposal conveyed by intermediaries for a temporary ceasefire', according to Reuters report.","breaking-senior-iranian-source-says-that-iran-had-rejected-a-proposal-conveyed-by-intermediaries-for-a-temporary-ceasefire-according-to-reuters-report-2041464491729404413","0",""
"9847","2041464721019400400","2026-04-07T10:40:02.000Z","BREAKING: Senior Iranian source says talks over a lasting peace could begin 'only after the U.S. and Israel end their strikes, provide a guarantee they will not resume and offer compensation for damages', according to Reuters report.","breaking-senior-iranian-source-says-talks-over-a-lasting-peace-could-begin-only-after-the-us-and-israel-end-their-strikes-provide-a-guarantee-they-will-not-resume-and-offer-compensation-for-damages-according-to-reuters-report-2041464721019400509","0",""
"9849","2041467114427744500","2026-04-07T10:50:02.000Z","BREAKING: Iran's Revolutionary Guards announces all restraint in targeting will be ending and it will strike infrastructure in a way that could deprive US and regional countries of oil and gas resources for years.","breaking-irans-revolutionary-guards-announces-all-restraint-in-targeting-will-be-ending-and-it-will-strike-infrastructure-in-a-way-that-could-deprive-us-and-regional-countries-of-oil-and-gas-resources-for-years-2041467114427744628","0",""
"9850","2041468895241060400","2026-04-07T11:00:02.000Z","BREAKING: Strikes on Iran's strategic Kharg Island","breaking-strikes-on-irans-strategic-kharg-island-2041468895241060380","0",""
"9851","2041468662742458400","2026-04-07T11:00:03.000Z","BREAKING: Iran's Revolutionary Guards announces that if the US crosses 'red lines', the response will be beyond the region.","breaking-irans-revolutionary-guards-announces-that-if-the-us-crosses-red-lines-the-response-will-be-beyond-the-region-2041468662742458385","0",""
"9852","2041478658792264200","2026-04-07T11:40:02.000Z","BREAKING: The US military conducted strikes on Iran's strategic Kharg Island","breaking-the-us-military-conducted-strikes-on-irans-strategic-kharg-island-2041478658792264171","0",""
"9853","2041482667892601300","2026-04-07T11:50:03.000Z","BREAKING: Fox News reports that dozens of targets were bombed by the US on Kharg Island","breaking-fox-news-reports-that-dozens-of-targets-were-bombed-by-the-us-on-kharg-island-2041482667892601261","0",""
"9854","2041484527147913500","2026-04-07T12:00:03.000Z","BREAKING: Railways have been targeted in different parts of Iran","breaking-railways-have-been-targeted-in-different-parts-of-iran-2041484527147913373","0",""
"9857","2041487522853949700","2026-04-07T12:10:02.000Z","BREAKING: President Trump's deadline is now only 12 hours away","breaking-president-trumps-deadline-is-now-only-12-hours-away-2041487522853949593","0",""
"9856","2041488001688322300","2026-04-07T12:10:02.000Z","BREAKING: Israeli military targeted 10 Iranian railway segments and bridges","breaking-israeli-military-targeted-10-iranian-railway-segments-and-bridges-2041488001688322266","0",""
"9855","2041488397894828300","2026-04-07T12:10:02.000Z","BREAKING: Trump says a 'whole civilization will die tonight, never to be brought back again. I don’t want that to happen, but it probably will'. https://t.co/cHTWP0dic1","breaking-trump-says-a-whole-civilization-will-die-tonight-never-to-be-brought-back-again-i-dont-want-that-to-happen-but-it-probably-will-httpstcochtwp0dic1-2041488397894828398","0","https://t.co/cHTWP0dic1"
"9858","2041491056592834800","2026-04-07T12:20:02.000Z","BREAKING: US Vice President JD Vance says 'very shortly, this war will conclude'.","breaking-us-vice-president-jd-vance-says-very-shortly-this-war-will-conclude-2041491056592834872","0",""
"9859","2041491722136662500","2026-04-07T12:30:02.000Z","The US military struck over 50 military targets on Kharg Island, according to Wall Street Journal report.","the-us-military-struck-over-50-military-targets-on-kharg-island-according-to-wall-street-journal-report-2041491722136662504","0",""
"9860","2041498452073583000","2026-04-07T12:50:02.000Z","BREAKING: Iranian media says talks and indirect negotiations with the US have been halted following Trump's threats","breaking-iranian-media-says-talks-and-indirect-negotiations-with-the-us-have-been-halted-following-trumps-threats-2041498452073583008","0",""
"9861","2041498874486124500","2026-04-07T13:00:03.000Z","BREAKING: Pakistani official says the country will stand with Saudi Arabia under their military pact if the conflict escalates, according to Reuters report.","breaking-pakistani-official-says-the-country-will-stand-with-saudi-arabia-under-their-military-pact-if-the-conflict-escalates-according-to-reuters-report-2041498874486124630","0",""
"9862","2041579984574464500","2026-04-07T18:20:02.000Z","BREAKING: Tehran told Pakistan that Iranian military 'retained 15,000 missiles and 45,000 drones in its arsenal', according to Wall Street Journal report.","breaking-tehran-told-pakistan-that-iranian-military-retained-15000-missiles-and-45000-drones-in-its-arsenal-according-to-wall-street-journal-report-2041579984574464509","0",""
"9863","2041582845936988400","2026-04-07T18:30:02.000Z","BREAKING: France's foreign minister says that he hopes Trump does not go ahead with his threats against Iran","breaking-frances-foreign-minister-says-that-he-hopes-trump-does-not-go-ahead-with-his-threats-against-iran-2041582845936988509","0",""
"9864","2041586654834807300","2026-04-07T18:40:03.000Z","BREAKING: Dated brent crude oil price hits record $144 a barrel","breaking-dated-brent-crude-oil-price-hits-record-144-a-barrel-2041586654834807222","0",""
"9865","2041589206615782000","2026-04-07T18:50:02.000Z","BREAKING: Iranian state media reports the Iranian military will add Saudi Arabia's Aramco and its east-west pipeline, as well as the UAE's pipeline, as targets if Trump attacks Iranian power plants.","breaking-iranian-state-media-reports-the-iranian-military-will-add-saudi-arabias-aramco-and-its-east-west-pipeline-as-well-as-the-uaes-pipeline-as-targets-if-trump-attacks-iranian-power-plants-2041589206615781852","0",""
"9866","2041588485447151600","2026-04-07T18:50:03.000Z","BREAKING: Pope Leo says Trump's threats to the entire Iranian populations are 'unacceptable', according to AFP report.","breaking-pope-leo-says-trumps-threats-to-the-entire-iranian-populations-are-unacceptable-according-to-afp-report-2041588485447151699","0",""
"9867","2041590406111228400","2026-04-07T19:00:03.000Z","BREAKING: Iranian media reports a military source saying oil price will reach $200 if Trump acts on his threat","breaking-iranian-media-reports-a-military-source-saying-oil-price-will-reach-200-if-trump-acts-on-his-threat-2041590406111228384","0",""
"9868","2041593941305540900","2026-04-07T19:10:02.000Z","BREAKING: Reports that Kuwait's consulate in Basra, Iraq, has been stormed.","breaking-reports-that-kuwaits-consulate-in-basra-iraq-has-been-stormed-2041593941305540910","0",""
"9869","2041597483080675300","2026-04-07T19:30:02.000Z","BREAKING: Pakistan's prime minister has asked Iran to open the Strait of Hormuz for two weeks as a 'goodwill gesture'","breaking-pakistans-prime-minister-has-asked-iran-to-open-the-strait-of-hormuz-for-two-weeks-as-a-goodwill-gesture-2041597483080675406","0",""
"9870","2041597227332989000","2026-04-07T19:30:03.000Z","BREAKING: Pakistan's prime minister asks President Trump to extend the deadline by two weeks, 'to allow diplomacy to run its course'.","breaking-pakistans-prime-minister-asks-president-trump-to-extend-the-deadline-by-two-weeks-to-allow-diplomacy-to-run-its-course-2041597227332989016","0",""
"9871","2041601667712610600","2026-04-07T19:40:03.000Z","Reports of blasts and interceptions in Qatar's capital Doha.","reports-of-blasts-and-interceptions-in-qatars-capital-doha-2041601667712610483","0",""
"9872","2041603946503139600","2026-04-07T19:50:01.000Z","BREAKING: Iran is 'positively reviewing' Pakistan's request for two-week ceasefire according to Reuters report","breaking-iran-is-positively-reviewing-pakistans-request-for-two-week-ceasefire-according-to-reuters-report-2041603946503139607","0",""
"9873","2041606778253983700","2026-04-07T20:00:03.000Z","Trump says he cannot comment on Pakistan's two-week ceasefire proposal as the US and Iran are currently in 'heated negotiations'.","trump-says-he-cannot-comment-on-pakistans-two-week-ceasefire-proposal-as-the-us-and-iran-are-currently-in-heated-negotiations-2041606778253983836","0",""
"9874","2041622036498571300","2026-04-07T21:00:03.000Z","BREAKING: Reports of potential ceasefire between US and Iran to be closed tonight, according to CNN report.","breaking-reports-of-potential-ceasefire-between-us-and-iran-to-be-closed-tonight-according-to-cnn-report-2041622036498571280","0",""
"9875","2041626335878214000","2026-04-07T21:20:03.000Z","BREAKING: Massive strike on Iranian Aluminium Company in Arak, the biggest aluminium producer in the country.","breaking-massive-strike-on-iranian-aluminium-company-in-arak-the-biggest-aluminium-producer-in-the-country-2041626335878213821","0",""
"9877","2041625519641497600","2026-04-07T21:20:04.000Z","BREAKING: Several attacks targeting Iran-affiliated militias in Baghdad","breaking-several-attacks-targeting-iran-affiliated-militias-in-baghdad-2041625519641497605","0",""
"9876","2041626053073105200","2026-04-07T21:20:04.000Z","BREAKING: Iranian media reports attack on a petrochemical facility in Mahshahr","breaking-iranian-media-reports-attack-on-a-petrochemical-facility-in-mahshahr-2041626053073105176","0",""
"9878","2041628509454659800","2026-04-07T21:30:01.000Z","Chances of US-Iran nuclear deal before June rise to 32%, according to @Kalshi prediction market. https://t.co/iKr9xgz8MV","chances-of-us-iran-nuclear-deal-before-june-rise-to-32-according-to-kalshi-prediction-market-httpstcoikr9xgz8mv-2041628509454659917","0","https://t.co/iKr9xgz8MV"
"9879","2041634458697396500","2026-04-07T21:50:02.000Z","CBS News reports that Pakistan's prime minister Shehbaz Sharif is negotiating the ceasefire between the US and Iran. https://t.co/hudbmaeL9l","cbs-news-reports-that-pakistans-prime-minister-shehbaz-sharif-is-negotiating-the-ceasefire-between-the-us-and-iran-httpstcohudbmael9l-2041634458697396456","0","https://t.co/hudbmaeL9l"
"9880","2041635224380174300","2026-04-07T22:00:02.000Z","BREAKING: Massive strikes reported in Tehran","breaking-massive-strikes-reported-in-tehran-2041635224380174408","0",""
"9883","2041637263218712600","2026-04-07T22:10:02.000Z","BREAKING: Trump's deadline is now two hours away","breaking-trumps-deadline-is-now-two-hours-away-2041637263218712611","0",""
"9882","2041638504581755000","2026-04-07T22:10:02.000Z","BREAKING: Brent crude oil price plunges by 5% on reports of possible ceasefire","breaking-brent-crude-oil-price-plunges-by-5-on-reports-of-possible-ceasefire-2041638504581754895","0",""
"9881","2041638766901916200","2026-04-07T22:10:02.000Z","BREAKING: US crude oil price down over 4%, Brent crude down 6.6% amid progress towards possible ceasefire.","breaking-us-crude-oil-price-down-over-4-brent-crude-down-66-amid-progress-towards-possible-ceasefire-2041638766901916143","0",""
"9884","2041640655508930800","2026-04-07T22:20:02.000Z","🇶🇦 Qatar has shut schools in the country for a week, 'in light of current regional developments'.","-qatar-has-shut-schools-in-the-country-for-a-week-in-light-of-current-regional-developments-2041640655508930718","0",""
"9886","2041645895662629000","2026-04-07T22:40:02.000Z","BREAKING: Trump extends deadline by two weeks https://t.co/moCAN3QRc3","breaking-trump-extends-deadline-by-two-weeks-httpstcomocan3qrc3-2041645895662629042","0","https://t.co/moCAN3QRc3"
"9885","2041646116551410000","2026-04-07T22:40:02.000Z","BREAKING: Trump announces ceasefire","breaking-trump-announces-ceasefire-2041646116551409823","0",""
"9887","2041651518873702700","2026-04-07T23:00:03.000Z","BREAKING: Oil prices plunge by over 12%","breaking-oil-prices-plunge-by-over-12-2041651518873702579","0",""
"9888","2041652993129640200","2026-04-07T23:10:02.000Z","BREAKING: Iran's leadership accepts two week ceasefire proposal","breaking-irans-leadership-accepts-two-week-ceasefire-proposal-2041652993129640231","0",""
"9890","2041657718273142800","2026-04-07T23:30:02.000Z","BREAKING: Oil prices plunge by 17%","breaking-oil-prices-plunge-by-17-2041657718273142847","0",""
"9889","2041657804034077200","2026-04-07T23:30:02.000Z","BREAKING: US military strikes on Iran have stopped","breaking-us-military-strikes-on-iran-have-stopped-2041657804034077152","0",""
"9891","2041659839982748200","2026-04-07T23:40:03.000Z","BREAKING: North Korea test-fired unidentified projectile, according to South Korean officials.","breaking-north-korea-test-fired-unidentified-projectile-according-to-south-korean-officials-2041659839982748032","0",""
"9892","2041662801471828500","2026-04-07T23:50:01.000Z","BREAKING: Alerts of missile attack targeting southern Israel","breaking-alerts-of-missile-attack-targeting-southern-israel-2041662801471828443","0",""
"9893","2041676337723900200","2026-04-08T00:40:02.000Z","BREAKING: Iranian missile attack on Israel","breaking-iranian-missile-attack-on-israel-2041676337723900035","0",""
"9894","2041678674718814200","2026-04-08T00:50:03.000Z","BREAKING: Regional official says ceasefire plan allows Iran and Oman to charge fees to ships passing through Strait of Hormuz, according to Associated Press report.","breaking-regional-official-says-ceasefire-plan-allows-iran-and-oman-to-charge-fees-to-ships-passing-through-strait-of-hormuz-according-to-associated-press-report-2041678674718814243","0",""
"9895","2041681802314780700","2026-04-08T01:00:01.000Z","BREAKING: Israeli media reports the military is continuing to launch raids on Iranian targets","breaking-israeli-media-reports-the-military-is-continuing-to-launch-raids-on-iranian-targets-2041681802314780799","0",""
"9897","2041680888363413800","2026-04-08T01:00:02.000Z","BREAKING: Iranian media reports that the Supreme Leader has ordered the military to implement ceasefire","breaking-iranian-media-reports-that-the-supreme-leader-has-ordered-the-military-to-implement-ceasefire-2041680888363413726","0",""
"9896","2041681627064234200","2026-04-08T01:00:02.000Z","🇯🇵  Japan's Nikkei 225 has surged by 4.9%.","-japans-nikkei-225-has-surged-by-49-2041681627064234172","0",""
"9898","2041683966768640300","2026-04-08T01:10:02.000Z","Prices, today.

US crude oil: -14%
Brent crude oil: -13%
Gasoline: -10%
Heating oil: -17%","prices-today-us-crude-oil-14-brent-crude-oil-13-gasoline-10-heating-oil-17-2041683966768640207","0",""
"9899","2041719731439431700","2026-04-08T03:30:02.000Z","BREAKING: Israeli PM Netanyahu says ceasefire does not include Lebanon","breaking-israeli-pm-netanyahu-says-ceasefire-does-not-include-lebanon-2041719731439431784","0",""
"9900","2041725036265148700","2026-04-08T03:50:02.000Z","🇯🇵 Japan's Nikkei 225 is up 5%, while 🇰🇷 South Korea's KOSPI is up 6%.","-japans-nikkei-225-is-up-5-while-south-koreas-kospi-is-up-6-2041725036265148588","0",""
"9901","2041733390320464100","2026-04-08T04:30:02.000Z","BREAKING: Trump says 'this could be the Golden Age of the Middle East' https://t.co/0y2cHZ12Di","breaking-trump-says-this-could-be-the-golden-age-of-the-middle-east-httpstco0y2chz12di-2041733390320464206","0","https://t.co/0y2cHZ12Di"
"9902","2041761551670186000","2026-04-08T06:20:02.000Z","BREAKING: Germany's Chancellor and UK PM welcome two-week ceasefire between US and Iran","breaking-germanys-chancellor-and-uk-pm-welcome-two-week-ceasefire-between-us-and-iran-2041761551670186053","0",""
"9903","2041761237755949000","2026-04-08T06:20:03.000Z","BREAKING: Israeli military issues evacuation order for city of Tyre in southern Lebanon","breaking-israeli-military-issues-evacuation-order-for-city-of-tyre-in-southern-lebanon-2041761237755949142","0",""
"9904","2041763131840721200","2026-04-08T06:30:01.000Z","US crude oil price is down 16%, while Brent crude oil is down 15% after two-week ceasefire.","us-crude-oil-price-is-down-16-while-brent-crude-oil-is-down-15-after-two-week-ceasefire-2041763131840721031","0",""
"9905","2041769742609085000","2026-04-08T06:50:02.000Z","BREAKING: Israeli opposition leader Yair Lapid says Netanyahu failed in war objectives","breaking-israeli-opposition-leader-yair-lapid-says-netanyahu-failed-in-war-objectives-2041769742609084854","0",""
"9906","2041784384924348400","2026-04-08T07:50:02.000Z","BREAKING: Israel says it is continuing combat operations against Hezbollah","breaking-israel-says-it-is-continuing-combat-operations-against-hezbollah-2041784384924348529","0",""
"9907","2041799239945351400","2026-04-08T08:50:03.000Z","BREAKING: Qatar says Iran must compensate it for damages from its attacks","breaking-qatar-says-iran-must-compensate-it-for-damages-from-its-attacks-2041799239945351534","0",""
"9908","2041808547407941600","2026-04-08T09:30:02.000Z","Stock market, today.

🇯🇵 Japan: +5.3%
🇩🇪 Germany: +4.8%
🇫🇷 France: +4.2%
🇮🇹 Italy: +3.7%
🇪🇸 Spain: +3.3%","stock-market-today-japan-53-germany-48-france-42-italy-37-spain-33-2041808547407941635","0",""
"9909","2041814278169358600","2026-04-08T09:50:02.000Z","BREAKING: UAE air defense are engaging missile attack","breaking-uae-air-defense-are-engaging-missile-attack-2041814278169358617","0",""
"9910","2041816415590871300","2026-04-08T10:00:07.000Z","BREAKING: Kuwait says it has had to intercept 28 Iranian drones since this morning","breaking-kuwait-says-it-has-had-to-intercept-28-iranian-drones-since-this-morning-2041816415590871206","0",""
"9911","2041816077479608300","2026-04-08T10:00:08.000Z","BREAKING: United States VP JD Vance says that Iran has agreed to open the Strait of Hormuz","breaking-united-states-vp-jd-vance-says-that-iran-has-agreed-to-open-the-strait-of-hormuz-2041816077479608418","0",""
"9912","2041823127798423800","2026-04-08T10:20:02.000Z","Kuwait says Iran and its proxies must stop attacks and open the Strait of Hormuz.","kuwait-says-iran-and-its-proxies-must-stop-attacks-and-open-the-strait-of-hormuz-2041823127798423867","0",""
"9913","2041823526823588000","2026-04-08T10:30:02.000Z","BREAKING: Iranian state media reports attack at Lavan oil refinery","breaking-iranian-state-media-reports-attack-at-lavan-oil-refinery-2041823526823588146","0",""
"9914","2041840494637150700","2026-04-08T11:30:02.000Z","BREAKING: Trump post about Iran https://t.co/oWePjI1uvh","breaking-trump-post-about-iran-httpstcoowepji1uvh-2041840494637150628","0","https://t.co/oWePjI1uvh"
"9915","2041839007362118000","2026-04-08T11:30:03.000Z","BREAKING: Israeli strikes on suburbs south of Beirut","breaking-israeli-strikes-on-suburbs-south-of-beirut-2041839007362117802","0",""
"9916","2041842665172693200","2026-04-08T11:40:01.000Z","BREAKING: Trump says any country supplying weapons to Iran will have tariffs of 50% imposed immediately","breaking-trump-says-any-country-supplying-weapons-to-iran-will-have-tariffs-of-50-imposed-immediately-2041842665172693207","0",""
"9917","2041842331922657500","2026-04-08T11:40:02.000Z","BREAKING: Israeli military has conducted 100 strikes on Hezbollah targets in space of 10 minutes","breaking-israeli-military-has-conducted-100-strikes-on-hezbollah-targets-in-space-of-10-minutes-2041842331922657605","0",""
"9920","2041962582194712800","2026-04-08T19:40:05.000Z","BREAKING: Iran will limit number of ships crossing the Strait of Hormuz to around 12 per day and impose tolls, according to Wall Street Journal report.","breaking-iran-will-limit-number-of-ships-crossing-the-strait-of-hormuz-to-around-12-per-day-and-impose-tolls-according-to-wall-street-journal-report-2041962582194712746","0",""
"9919","2041962864832082200","2026-04-08T19:40:05.000Z","BREAKING: Iran's Speaker of Parliament says 10-point plan has been violated","breaking-irans-speaker-of-parliament-says-10-point-plan-has-been-violated-2041962864832082094","0",""
"9918","2041963399178023000","2026-04-08T19:40:05.000Z","BREAKING: Iran is requiring ships to pay tolls to pass through Strait of Hormuz in either cryptocurrency or Chinese yuan, according to WSJ.","breaking-iran-is-requiring-ships-to-pay-tolls-to-pass-through-strait-of-hormuz-in-either-cryptocurrency-or-chinese-yuan-according-to-wsj-2041963399178023026","0",""
"9921","2041965132717420500","2026-04-08T19:50:02.000Z","BREAKING: Iran's Press TV says that the Strait of Hormuz has been closed","breaking-irans-press-tv-says-that-the-strait-of-hormuz-has-been-closed-2041965132717420597","0",""
"9922","2041968049230901500","2026-04-08T20:00:04.000Z","Despite ceasefire agreement, all indications are that maritime traffic through the Strait of Hormuz remains severely disrupted.","despite-ceasefire-agreement-all-indications-are-that-maritime-traffic-through-the-strait-of-hormuz-remains-severely-disrupted-2041968049230901591","0",""
"9923","2041966860149899800","2026-04-08T20:00:05.000Z","BREAKING: US Vice President JD Vance says the 'Iranians thought that the ceasefire included Lebanon and it just didn't. We never made that promise.'","breaking-us-vice-president-jd-vance-says-the-iranians-thought-that-the-ceasefire-included-lebanon-and-it-just-didnt-we-never-made-that-promise-2041966860149899724","0",""
"9924","2041969549181120800","2026-04-08T20:10:02.000Z","BREAKING: US S&amp;P 500 up 2.6% despite fragility of Middle East ceasefire","breaking-us-sampp-500-up-26-despite-fragility-of-middle-east-ceasefire-2041969549181120841","0",""
"9925","2041972995904942600","2026-04-08T20:20:03.000Z","BREAKING: Trump administration considering plan to punish members of NATO who were unhelpful to the U.S. and Israel during Iran war, and possibly moving U.S. troops out of those countries and stationing them in countries that were more supportive, according to WSJ report.","breaking-trump-administration-considering-plan-to-punish-members-of-nato-who-were-unhelpful-to-the-us-and-israel-during-iran-war-and-possibly-moving-us-troops-out-of-those-countries-and-stationing-them-in-countries-that-were-more-supportive-according-to-w","0",""
"9926","2041972015951966200","2026-04-08T20:20:04.000Z","Over $1.5 trillion in market value was added to the US stock market today. https://t.co/EV0K4Ojq8F","over-15-trillion-in-market-value-was-added-to-the-us-stock-market-today-httpstcoev0k4ojq8f-2041972015951966301","0","https://t.co/EV0K4Ojq8F"
"9928","2041977894193524700","2026-04-08T20:40:03.000Z","The ceasefire is now 'shaky' as Israel 'pounded Lebanon with its heaviest strikes' yet and as the US and Iran 'laid out sharply contrasting agendas for talks', according to Reuters report.","the-ceasefire-is-now-shaky-as-israel-pounded-lebanon-with-its-heaviest-strikes-yet-and-as-the-us-and-iran-laid-out-sharply-contrasting-agendas-for-talks-according-to-reuters-report-2041977894193524820","0",""
"9927","2041978199392100900","2026-04-08T20:40:03.000Z","BREAKING: Lebanon's health ministry says 182 people were killed in today's Israeli strikes, the highest toll of the war so far.","breaking-lebanons-health-ministry-says-182-people-were-killed-in-todays-israeli-strikes-the-highest-toll-of-the-war-so-far-2041978199392100829","0",""
"9929","2041989109535928800","2026-04-08T21:20:02.000Z","Iranian opposition figure Reza Pahlavi says that 'Ali Khamenei is dead but the regime has not changed, because its nature and its DNA are unchangeable. We see it clearly at this very moment.' https://t.co/KiSVs8oaWJ","iranian-opposition-figure-reza-pahlavi-says-that-ali-khamenei-is-dead-but-the-regime-has-not-changed-because-its-nature-and-its-dna-are-unchangeable-we-see-it-clearly-at-this-very-moment-httpstcokisvs8oawj-2041989109535928772","0","https://t.co/KiSVs8oaWJ"
"9930","2042004177212326100","2026-04-08T22:20:02.000Z","BREAKING: Oil company executives are reaching out to the White House to 'protest allowing Iran to charge tolls through the strategic Strait of Hormuz as a condition of peace talks', according to Politico report.","breaking-oil-company-executives-are-reaching-out-to-the-white-house-to-protest-allowing-iran-to-charge-tolls-through-the-strategic-strait-of-hormuz-as-a-condition-of-peace-talks-according-to-politico-report-2042004177212326020","0",""
"9931","2042006416161174000","2026-04-08T22:30:02.000Z","BREAKING: Renewed Israeli strikes on suburbs south of Beirut","breaking-renewed-israeli-strikes-on-suburbs-south-of-beirut-2042006416161173954","0",""
"9932","2042024474925728000","2026-04-08T23:40:02.000Z","BREAKING: Trump says NATO was not there when they were needed by the US https://t.co/EhzI4p3apl","breaking-trump-says-nato-was-not-there-when-they-were-needed-by-the-us-httpstcoehzi4p3apl-2042024474925727935","0","https://t.co/EhzI4p3apl"
"9933","2042038216069710000","2026-04-09T00:40:07.000Z","BREAKING: New York Times reports that no oil tankers have crossed Strait of Hormuz since ceasefire, citing data from shipping intelligence firm Kpler.","breaking-new-york-times-reports-that-no-oil-tankers-have-crossed-strait-of-hormuz-since-ceasefire-citing-data-from-shipping-intelligence-firm-kpler-2042038216069710060","0",""
"9934","2042042109604328000","2026-04-09T00:50:02.000Z","BREAKING: Oil prices up 3%","breaking-oil-prices-up-3-2042042109604327936","0",""
"9935","2042052281882071300","2026-04-09T01:30:02.000Z","BREAKING: US crude oil price is now up 4%","breaking-us-crude-oil-price-is-now-up-4-2042052281882071391","0",""
"9936","2042073906295795700","2026-04-09T03:00:07.000Z","🇯🇵 Japan's Nikkei 225 turns negative amid ongoing concerns over Middle East ceasefire.","-japans-nikkei-225-turns-negative-amid-ongoing-concerns-over-middle-east-ceasefire-2042073906295795739","0",""
"9937","2042076122297593900","2026-04-09T03:10:03.000Z","Trump post on 10-point plan published by some media outlets. https://t.co/sOk3wgQso8","trump-post-on-10-point-plan-published-by-some-media-outlets-httpstcosok3wgqso8-2042076122297593934","0","https://t.co/sOk3wgQso8"
"9938","2042082128545137000","2026-04-09T03:30:02.000Z","BREAKING: 254 people killed and over 1,000 wounded across Lebanon in yesterday's Israeli strikes, according to the country's civil defence service.","breaking-254-people-killed-and-over-1000-wounded-across-lebanon-in-yesterdays-israeli-strikes-according-to-the-countrys-civil-defence-service-2042082128545136954","0",""
"9939","2042086281145152000","2026-04-09T03:50:02.000Z","BREAKING: Hezbollah launches projectiles at Israeli territory","breaking-hezbollah-launches-projectiles-at-israeli-territory-2042086281145151969","0",""
"9940","2042088240451395800","2026-04-09T04:00:02.000Z","BREAKING: Trump says US military assets will remain in place until a 'real agreement' is reached and complied with https://t.co/PUBjyicoM2","breaking-trump-says-us-military-assets-will-remain-in-place-until-a-real-agreement-is-reached-and-complied-with-httpstcopubjyicom2-2042088240451395773","0","https://t.co/PUBjyicoM2"
"9941","2042096448146420000","2026-04-09T04:30:02.000Z","BREAKING: 🇯🇵 Japan considers release of about 20 days worth of oil reserves","breaking-japan-considers-release-of-about-20-days-worth-of-oil-reserves-2042096448146420052","0",""
"9942","2042111861886480400","2026-04-09T05:30:02.000Z","BREAKING: UK says Lebanon should be covered by ceasefire","breaking-uk-says-lebanon-should-be-covered-by-ceasefire-2042111861886480426","0",""
"9943","2042147914441740800","2026-04-09T07:50:02.000Z","BREAKING: Spain set to reopen its embassy in Iran","breaking-spain-set-to-reopen-its-embassy-in-iran-2042147914441740678","0",""
"9944","2042169617922314500","2026-04-09T09:20:02.000Z","BREAKING: Netanyahu says Israel will continue to strike Hezbollah wherever necessary","breaking-netanyahu-says-israel-will-continue-to-strike-hezbollah-wherever-necessary-2042169617922314481","0",""
"9945","2042179387060347100","2026-04-09T10:00:03.000Z","BREAKING: Abu Dhabi National Oil Company says that around 230 ships are loaded with oil and ready to sail, but adds that the 'Strait of Hormuz is not open'.","breaking-abu-dhabi-national-oil-company-says-that-around-230-ships-are-loaded-with-oil-and-ready-to-sail-but-adds-that-the-strait-of-hormuz-is-not-open-2042179387060347026","0",""
"9946","2042198242285482500","2026-04-09T11:10:02.000Z","From the Index Briefing for the 9th of April - https://t.co/rI7dVdP0mm

The world is watching how firm the ceasefire in the Middle East really is. Whether Lebanon is covered by the truce isn't a minor detail, it's a central issue in the conflict and reflective of US-Israeli efforts to curb Iran's regional influence. 

Accordingly, markets are caught between hope and reality; traders are now pricing in a muddled outcome, with some de-escalation but not a full resolution. Critically, oil bouncing back by over 3% suggests the market doesn't believe Hormuz is reopening soon.","from-the-index-briefing-for-the-9th-of-april-httpstcori7dvdp0mm-the-world-is-watching-how-firm-the-ceasefire-in-the-middle-east-really-is-whether-lebanon-is-covered-by-the-truce-isnt-a-minor-detail-its-a-central-issue-in-the-conflict-and-reflective-of-us-","0","https://t.co/rI7dVdP0mm"
"9947","2042199949476274700","2026-04-09T11:20:02.000Z","BREAKING: European Union says navigation through Strait of Hormuz should be with 'no payment or toll whatsoever'","breaking-european-union-says-navigation-through-strait-of-hormuz-should-be-with-no-payment-or-toll-whatsoever-2042199949476274619","0",""
"9948","2042202346693022200","2026-04-09T11:30:03.000Z","BREAKING: Reuters reports that Russia's revenue from its biggest oil tax will double to $9 billion in April","breaking-reuters-reports-that-russias-revenue-from-its-biggest-oil-tax-will-double-to-9-billion-in-april-2042202346693022091","0",""
"9949","2042203955808330200","2026-04-09T11:40:03.000Z","BREAKING: Iran's Speaker of Parliament says that Lebanon and the Resistance Axis are an 'inseparable part of the ceasefire'. https://t.co/6wa5dfa10s","breaking-irans-speaker-of-parliament-says-that-lebanon-and-the-resistance-axis-are-an-inseparable-part-of-the-ceasefire-httpstco6wa5dfa10s-2042203955808330203","0","https://t.co/6wa5dfa10s"
"9950","2042207993773855200","2026-04-09T11:50:02.000Z","BREAKING: US crude oil prices rise by 5%, up to $99.5.","breaking-us-crude-oil-prices-rise-by-5-up-to-995-2042207993773855173","0",""
"9951","2042207819190149600","2026-04-09T11:50:03.000Z","BREAKING: Iran’s President says Israel's strikes on Lebanon violate ceasefire","breaking-irans-president-says-israels-strikes-on-lebanon-violate-ceasefire-2042207819190149616","0",""
"9952","2042208436222616000","2026-04-09T12:00:03.000Z","BREAKING: Iran's president says Israeli attacks on Lebanon 'render negotiations meaningless' and that 'our fingers remain on the trigger'.","breaking-irans-president-says-israeli-attacks-on-lebanon-render-negotiations-meaningless-and-that-our-fingers-remain-on-the-trigger-2042208436222615992","0",""
"9953","2042217411877949700","2026-04-09T12:30:03.000Z","Heating oil prices up 5%, now trading at over $4.","heating-oil-prices-up-5-now-trading-at-over-4-2042217411877949682","0",""
"9954","2042330135412818200","2026-04-09T20:00:02.000Z","BREAKING: Saudi Arabia’s Energy Ministry says oil production capacity has fallen by 600,000 barrels a day due to the recent attacks","breaking-saudi-arabias-energy-ministry-says-oil-production-capacity-has-fallen-by-600000-barrels-a-day-due-to-the-recent-attacks-2042330135412818204","0",""
"9957","2042331744662384600","2026-04-09T20:10:02.000Z","Iran’s Speaker of Parliament says regarding ceasefire deal, 'Time is running out'. https://t.co/zpzxIKkTW3","irans-speaker-of-parliament-says-regarding-ceasefire-deal-time-is-running-out-httpstcozpzxikktw3-2042331744662384698","0","https://t.co/zpzxIKkTW3"
"9956","2042332788846961200","2026-04-09T20:10:02.000Z","BREAKING: Hezbollah launches rocket attack on Northern Israel","breaking-hezbollah-launches-rocket-attack-on-northern-israel-2042332788846961139","0",""
"9955","2042333981191127000","2026-04-09T20:10:02.000Z","BREAKING: Iran’s new Supreme Leader Mojtaba Khamenei says in written message said that his country 'did not seek war and we do not want it' but that 'we will not renounce our legitimate rights under any circumstances, and in this respect, we consider the entire resistance front as a whole'.","breaking-irans-new-supreme-leader-mojtaba-khamenei-says-in-written-message-said-that-his-country-did-not-seek-war-and-we-do-not-want-it-but-that-we-will-not-renounce-our-legitimate-rights-under-any-circumstances-and-in-this-respect-we-consider-the-entire-","0",""
"9958","2042334362172355000","2026-04-09T20:20:03.000Z","The death toll from Israeli attacks on Lebanon on Wednesday has reached 303, according to Lebanon’s Health Ministry.","the-death-toll-from-israeli-attacks-on-lebanon-on-wednesday-has-reached-303-according-to-lebanons-health-ministry-2042334362172354958","0",""
"9959","2042337509712203800","2026-04-09T20:30:02.000Z","Netanyahu says, 'There is no ceasefire in Lebanon. We are continuing to strike Hezbollah with force, and we will not stop until we restore your security'. https://t.co/6VdCbfK1rV","netanyahu-says-there-is-no-ceasefire-in-lebanon-we-are-continuing-to-strike-hezbollah-with-force-and-we-will-not-stop-until-we-restore-your-security-httpstco6vdcbfk1rv-2042337509712203833","0","https://t.co/6VdCbfK1rV"
"9960","2042341017383543000","2026-04-09T20:40:03.000Z","Long Trump post criticizing Tucker Carlson, Megyn Kelly, Candace Owens and Alex Jones. https://t.co/moJzmIcb6G","long-trump-post-criticizing-tucker-carlson-megyn-kelly-candace-owens-and-alex-jones-httpstcomojzmicb6g-2042341017383542996","0","https://t.co/moJzmIcb6G"
"9961","2042345404709421300","2026-04-09T21:00:02.000Z","BREAKING: US is offering 30 million barrels in crude oil from Strategic Petroleum Reserve","breaking-us-is-offering-30-million-barrels-in-crude-oil-from-strategic-petroleum-reserve-2042345404709421328","0",""
"9962","2042344603135984000","2026-04-09T21:00:03.000Z","If the ceasefire marks the end of the war, then 'the biggest loser will be Donald Trump' as the conflict has 'set back his chief war aims and revealed the shallowness of his vision for a new way of wielding American power', according to report in The Economist. https://t.co/yaD9G0D7V3","if-the-ceasefire-marks-the-end-of-the-war-then-the-biggest-loser-will-be-donald-trump-as-the-conflict-has-set-back-his-chief-war-aims-and-revealed-the-shallowness-of-his-vision-for-a-new-way-of-wielding-american-power-according-to-report-in-the-economist-","0","https://t.co/yaD9G0D7V3"
"9963","2042350135343268000","2026-04-09T21:20:02.000Z","BREAKING: Trump says Iran 'better stop' charging fees to tankers https://t.co/6N6WqY7D5X","breaking-trump-says-iran-better-stop-charging-fees-to-tankers-httpstco6n6wqy7d5x-2042350135343268156","0","https://t.co/6N6WqY7D5X"
"9964","2042355273004958200","2026-04-09T21:40:02.000Z","BREAKING: Trump criticizes WSJ editorial board and says oil will flow 'with or without the help of Iran' https://t.co/i5mAEvvMzY","breaking-trump-criticizes-wsj-editorial-board-and-says-oil-will-flow-with-or-without-the-help-of-iran-httpstcoi5maevvmzy-2042355273004958186","0","https://t.co/i5mAEvvMzY"
"9965","2042367707702837500","2026-04-09T22:30:02.000Z","BREAKING: Hezbollah launches projectile at Israel, sirens sound in Tel Aviv","breaking-hezbollah-launches-projectile-at-israel-sirens-sound-in-tel-aviv-2042367707702837535","0",""
"9966","2042372927631606000","2026-04-09T22:50:02.000Z","BREAKING: Trump says 'This is not the agreement we have!' regarding oil going through the Strait of Hormuz https://t.co/zZlwzE4PJD","breaking-trump-says-this-is-not-the-agreement-we-have-regarding-oil-going-through-the-strait-of-hormuz-httpstcozzlwze4pjd-2042372927631606134","0","https://t.co/zZlwzE4PJD"
"9967","2042400810777322000","2026-04-10T00:40:02.000Z","BREAKING: Ship traffic through Strait of Hormuz is still 'well below 10% of normal volumes' according to Reuters report","breaking-ship-traffic-through-strait-of-hormuz-is-still-well-below-10-of-normal-volumes-according-to-reuters-report-2042400810777321972","0",""
"9968","2042404350778360000","2026-04-10T00:50:02.000Z","The Democratic Party now has a 86% chance of winning the US House of Representatives, according to prediction market @Kalshi. https://t.co/33b1tXAHNh","the-democratic-party-now-has-a-86-chance-of-winning-the-us-house-of-representatives-according-to-prediction-market-kalshi-httpstco33b1txahnh-2042404350778360058","0","https://t.co/33b1tXAHNh"
"9969","2042415578535903700","2026-04-10T01:40:02.000Z","BREAKING: China is responsible for 'nudging' Iran to agree for talks with US and now has 'diplomatic capital' with Trump, according to Wall Street Journal report.","breaking-china-is-responsible-for-nudging-iran-to-agree-for-talks-with-us-and-now-has-diplomatic-capital-with-trump-according-to-wall-street-journal-report-2042415578535903664","0",""
"9970","2042419895045091600","2026-04-10T02:00:02.000Z","BREAKING: US Treasury Secretary Scott Bessent and Federal Reserve Chair Jerome Powell called Wall Street leaders to an 'urgent meeting' on concerns that the latest AI model from Anthropic will 'usher in an era of greater cyber risk', according to Bloomberg report. https://t.co/OUzhx2Yx2M","breaking-us-treasury-secretary-scott-bessent-and-federal-reserve-chair-jerome-powell-called-wall-street-leaders-to-an-urgent-meeting-on-concerns-that-the-latest-ai-model-from-anthropic-will-usher-in-an-era-of-greater-cyber-risk-according-to-bloomberg-repo","0","https://t.co/OUzhx2Yx2M"
"9971","2042510138997903400","2026-04-10T07:50:02.000Z","BREAKING: Israeli army chief of staff says Iran is 'far weaker' after the war","breaking-israeli-army-chief-of-staff-says-iran-is-far-weaker-after-the-war-2042510138997903466","0",""
"9972","2042544676776088000","2026-04-10T10:10:02.000Z","BREAKING: European airports are facing 'systemic' jet fuel shortages 'within three weeks' if the Strait of Hormuz is not fully reopened, according to Financial Times report.","breaking-european-airports-are-facing-systemic-jet-fuel-shortages-within-three-weeks-if-the-strait-of-hormuz-is-not-fully-reopened-according-to-financial-times-report-2042544676776087999","0",""
"9973","2042572287799628300","2026-04-10T12:00:02.000Z","BREAKING: Hezbollah fires rockets at northern Israel","breaking-hezbollah-fires-rockets-at-northern-israel-2042572287799628246","0",""
"9974","2042686440736436500","2026-04-10T19:30:02.000Z","BREAKING: Trump promises mass pardons for his staff before he leaves office, according to Wall Street Journal report.","breaking-trump-promises-mass-pardons-for-his-staff-before-he-leaves-office-according-to-wall-street-journal-report-2042686440736436442","0",""
"9976","2042689508853109000","2026-04-10T19:50:03.000Z","BREAKING: Trump says that US warships are being reloaded with the 'best ammunition' to resume strikes on Iran if peace talks fail, according to NY Post report. https://t.co/yIr5IuaFN3","breaking-trump-says-that-us-warships-are-being-reloaded-with-the-best-ammunition-to-resume-strikes-on-iran-if-peace-talks-fail-according-to-ny-post-report-httpstcoyir5iuafn3-2042689508853109035","0","https://t.co/yIr5IuaFN3"
"9975","2042691167658348500","2026-04-10T19:50:03.000Z","BREAKING: Lebanon's war death toll has risen to 1,950, according to the country's health ministry.","breaking-lebanons-war-death-toll-has-risen-to-1950-according-to-the-countrys-health-ministry-2042691167658348621","0",""
"9978","2042691953243123700","2026-04-10T20:00:02.000Z","The US military is continuing to deploy troops to the Middle East for 'potential operations', with 'thousands of sailors and Marines' making their way to the region, according to Wall Street Journal.","the-us-military-is-continuing-to-deploy-troops-to-the-middle-east-for-potential-operations-with-thousands-of-sailors-and-marines-making-their-way-to-the-region-according-to-wall-street-journal-2042691953243123744","0",""
"9977","2042692978498769000","2026-04-10T20:00:02.000Z","BREAKING: Iran says negotiations with the US will only proceed if 'preconditions are met'","breaking-iran-says-negotiations-with-the-us-will-only-proceed-if-preconditions-are-met-2042692978498768919","0",""
"9979","2042705169469837300","2026-04-10T20:50:04.000Z","Trump says his country is 'ready to use the full economic might of the US' to strengthen Hungary's economy. https://t.co/IM1gV303aF","trump-says-his-country-is-ready-to-use-the-full-economic-might-of-the-us-to-strengthen-hungarys-economy-httpstcoim1gv303af-2042705169469837328","0","https://t.co/IM1gV303aF"
"9980","2042709091680924000","2026-04-10T21:00:02.000Z","🇺🇸 JD Vance has a 38% chance of becoming the Republican Party's presidential nominee for 2028, compared to 24% for Marco Rubio, according to prediction market @Kalshi. https://t.co/DrtkAHiSZb","-jd-vance-has-a-38-chance-of-becoming-the-republican-partys-presidential-nominee-for-2028-compared-to-24-for-marco-rubio-according-to-prediction-market-kalshi-httpstcodrtkahiszb-2042709091680923935","0","https://t.co/DrtkAHiSZb"
"9981","2042716960690212900","2026-04-10T21:40:02.000Z","BREAKING: Trump says will not allow tolls in Strait of Hormuz","breaking-trump-says-will-not-allow-tolls-in-strait-of-hormuz-2042716960690212902","0",""
"9982","2042732455501927000","2026-04-10T22:40:03.000Z","US Vice President JD Vance has departed Paris and is on his way to Pakistan for Iran talks.","us-vice-president-jd-vance-has-departed-paris-and-is-on-his-way-to-pakistan-for-iran-talks-2042732455501926796","0",""
"9983","2042746358361395200","2026-04-10T23:30:01.000Z","BREAKING: Iran has been unable to fully open the Strait of Hormuz because it 'cannot locate all of the mines it laid in the waterway' and currently 'lacks the capability to remove them', according to New York Times report.","breaking-iran-has-been-unable-to-fully-open-the-strait-of-hormuz-because-it-cannot-locate-all-of-the-mines-it-laid-in-the-waterway-and-currently-lacks-the-capability-to-remove-them-according-to-new-york-times-report-2042746358361395322","0",""
"9984","2042768222219571200","2026-04-11T01:00:02.000Z","Kamala Harris says she is 'thinking about' running for US president in 2028. https://t.co/uZNqCseEf6","kamala-harris-says-she-is-thinking-about-running-for-us-president-in-2028-httpstcouznqcseef6-2042768222219571201","0","https://t.co/uZNqCseEf6"
"9985","2042857701433315300","2026-04-11T07:00:02.000Z","US Vice President JD Vance has arrived in Islamabad, Pakistan for talks with Iran.","us-vice-president-jd-vance-has-arrived-in-islamabad-pakistan-for-talks-with-iran-2042857701433315440","0",""
"9986","2042898166832636400","2026-04-11T09:40:02.000Z","BREAKING: The face of Iran's new Supreme Leader Mojtaba Khamenei was 'disfigured' in the attack that killed his father, and he is currently 'still recovering from severe facial and leg injuries', according to Reuters report. https://t.co/x74i8Q7igc","breaking-the-face-of-irans-new-supreme-leader-mojtaba-khamenei-was-disfigured-in-the-attack-that-killed-his-father-and-he-is-currently-still-recovering-from-severe-facial-and-leg-injuries-according-to-reuters-report-httpstcox74i8q7igc-2042898166832636385","0","https://t.co/x74i8Q7igc"
"9987","2042902006512365800","2026-04-11T09:50:02.000Z","BREAKING: The US has agreed to 'release Iranian frozen assets held in Qatar and other foreign banks' and this is 'directly linked to ensuring safe passage through the Strait of Hormuz', according to Reuters report.","breaking-the-us-has-agreed-to-release-iranian-frozen-assets-held-in-qatar-and-other-foreign-banks-and-this-is-directly-linked-to-ensuring-safe-passage-through-the-strait-of-hormuz-according-to-reuters-report-2042902006512365888","0",""
"9988","2042908675510288600","2026-04-11T10:20:02.000Z","BREAKING: Pakistani military air craft deploy to eastern Saudi Arabia as part of the joint defense pact between the two countries","breaking-pakistani-military-air-craft-deploy-to-eastern-saudi-arabia-as-part-of-the-joint-defense-pact-between-the-two-countries-2042908675510288701","0",""
"9989","2042912077279564000","2026-04-11T10:30:03.000Z","BREAKING: US official denies Reuters report that the US has agreed to release frozen Iranian assets, according to CBS News.","breaking-us-official-denies-reuters-report-that-the-us-has-agreed-to-release-frozen-iranian-assets-according-to-cbs-news-2042912077279564006","0",""
"9990","2043058074299306000","2026-04-11T20:10:03.000Z","BREKAING: Iran, Pakistan and the United States begin new round of talks","brekaing-iran-pakistan-and-the-united-states-begin-new-round-of-talks-2043058074299306087","0",""
"9991","2043061386776056000","2026-04-11T20:20:02.000Z","BREAKING: The status of the Strait of Hormuz remains a 'sticking point' in US-Iran talks, with US demanding an 'immediate opening', according to NY Times report.","breaking-the-status-of-the-strait-of-hormuz-remains-a-sticking-point-in-us-iran-talks-with-us-demanding-an-immediate-opening-according-to-ny-times-report-2043061386776056093","0",""
"9992","2043063376771977700","2026-04-11T20:30:03.000Z","BREAKING: CNN reports talks between the United States and Pakistan are 'largely positive' but that Iran's team says the US has made 'unacceptable demands' regarding the Strait of Hormuz","breaking-cnn-reports-talks-between-the-united-states-and-pakistan-are-largely-positive-but-that-irans-team-says-the-us-has-made-unacceptable-demands-regarding-the-strait-of-hormuz-2043063376771977655","0",""
"9994","2043071028759568600","2026-04-11T21:00:02.000Z","BREAKING: Trump 'we win, regardless what happens, we win' and that making a deal 'does not matter'.","breaking-trump-we-win-regardless-what-happens-we-win-and-that-making-a-deal-does-not-matter-2043071028759568568","0",""
"9993","2043071208259006700","2026-04-11T21:00:02.000Z","BREAKING: Trump says China 'will have big problems' if it sends arms to Iran","breaking-trump-says-china-will-have-big-problems-if-it-sends-arms-to-iran-2043071208259006622","0",""
"9998","2043071878395499000","2026-04-11T21:10:03.000Z","BREAKING: Lebanon's war death toll has risen to 2,020, according to the country's health ministry.","breaking-lebanons-war-death-toll-has-risen-to-2020-according-to-the-countrys-health-ministry-2043071878395498923","0",""
"9997","2043072233103593700","2026-04-11T21:10:03.000Z","BREAKING: Trump says the US does not use the Strait of Hormuz, but will open it because 'we have a lot of other countries in the world that do use it that are either afraid, or weak or cheap'","breaking-trump-says-the-us-does-not-use-the-strait-of-hormuz-but-will-open-it-because-we-have-a-lot-of-other-countries-in-the-world-that-do-use-it-that-are-either-afraid-or-weak-or-cheap-2043072233103593695","0",""
"9996","2043072826073403600","2026-04-11T21:10:03.000Z","BREAKING: The Iranian Revolutionary Guards warns it will deal 'decisively' with any military vessels trying to cross the Strait of Hormuz","breaking-the-iranian-revolutionary-guards-warns-it-will-deal-decisively-with-any-military-vessels-trying-to-cross-the-strait-of-hormuz-2043072826073403728","0",""
"9995","2043073128683967000","2026-04-11T21:10:03.000Z","BREAKING: The Iranian Revolutionary Guards says it does not permit US ships to pass through the Strait of Hormuz","breaking-the-iranian-revolutionary-guards-says-it-does-not-permit-us-ships-to-pass-through-the-strait-of-hormuz-2043073128683966954","0",""
"9999","2043081316103786800","2026-04-11T21:40:02.000Z","BREAKING: Iranian state media reports 'stalemate' in talks due to 'excessive US demands'","breaking-iranian-state-media-reports-stalemate-in-talks-due-to-excessive-us-demands-2043081316103786729","0",""
"10000","2043088516780114400","2026-04-11T22:10:02.000Z","US-Iran-Pakistan talks are ongoing, it is 2am local time in Islamabad.","us-iran-pakistan-talks-are-ongoing-it-is-2am-local-time-in-islamabad-2043088516780114427","0",""
"10001","2043089702803378700","2026-04-11T22:20:02.000Z","Current round of US-Iran talks has concluded.","current-round-of-us-iran-talks-has-concluded-2043089702803378675","0",""
"10002","2043095529786347800","2026-04-11T22:40:02.000Z","BREAKING: Iran says talks will continue with the United States 'despite disagreements'","breaking-iran-says-talks-will-continue-with-the-united-states-despite-disagreements-2043095529786347897","0",""
"10003","2043098914816168000","2026-04-11T22:50:02.000Z","BREAKING: US-Iran talks are set to be extended for another day","breaking-us-iran-talks-are-set-to-be-extended-for-another-day-2043098914816168051","0",""
"10004","2043105563522065000","2026-04-11T23:20:02.000Z","BREAKING: Al Jazeera reports that Pakistan has put forward a proposal for joint patrols in the Strait of Hormuz","breaking-al-jazeera-reports-that-pakistan-has-put-forward-a-proposal-for-joint-patrols-in-the-strait-of-hormuz-2043105563522064787","0",""
"10006","2043109554347798500","2026-04-11T23:40:02.000Z","BREAKING: Senior Iranian military figures have arrived in Pakistan for consultation in talks, according to CNN report.","breaking-senior-iranian-military-figures-have-arrived-in-pakistan-for-consultation-in-talks-according-to-cnn-report-2043109554347798545","0",""
"10005","2043109724393202200","2026-04-11T23:40:02.000Z","BREAKING: White House official says that talks between the United States and Iran have lasted '15 hours and counting'","breaking-white-house-official-says-that-talks-between-the-united-states-and-iran-have-lasted-15-hours-and-counting-2043109724393202071","0",""
"10007","2043141794301628700","2026-04-12T01:40:02.000Z","BREAKING: US Vice President JD Vance says Iranian side was not willing to shift on key US demands such as nuclear program","breaking-us-vice-president-jd-vance-says-iranian-side-was-not-willing-to-shift-on-key-us-demands-such-as-nuclear-program-2043141794301628674","0",""
"10009","2043141182621208800","2026-04-12T01:40:03.000Z","BREAKING: JD Vance says Iranian side has 'chosen not to accept our terms'","breaking-jd-vance-says-iranian-side-has-chosen-not-to-accept-our-terms-2043141182621208769","0",""
"10008","2043141291505328400","2026-04-12T01:40:03.000Z","BREAKING: JD Vance says will return to the US without a deal","breaking-jd-vance-says-will-return-to-the-us-without-a-deal-2043141291505328350","0",""
"10010","2043143916875309300","2026-04-12T01:50:01.000Z","BREAKING: US Vice President JD Vance says they presented Iran their final and best offer","breaking-us-vice-president-jd-vance-says-they-presented-iran-their-final-and-best-offer-2043143916875309310","0",""
"10012","2043185344502473000","2026-04-12T04:40:01.000Z","BREAKING: Trump shares article suggesting he has the option of enforcing a naval blockade on Iran https://t.co/ckeslm73xQ","breaking-trump-shares-article-suggesting-he-has-the-option-of-enforcing-a-naval-blockade-on-iran-httpstcockeslm73xq-2043185344502472873","0","https://t.co/ckeslm73xQ"
"10011","2043186055487365400","2026-04-12T04:40:01.000Z","BREAKING: Israeli military has intercepted a drone that was launched from Lebanon earlier today","breaking-israeli-military-has-intercepted-a-drone-that-was-launched-from-lebanon-earlier-today-2043186055487365354","0",""
"10013","2043189618494038300","2026-04-12T04:50:03.000Z","BREAKING: Pakistan's foreign minister says his country will continue to mediate between Iran and the United States","breaking-pakistans-foreign-minister-says-his-country-will-continue-to-mediate-between-iran-and-the-united-states-2043189618494038387","0",""
"10014","2043230809864524300","2026-04-12T07:40:02.000Z","Saudi Arabia's east-west oil pipeline, which bypasses the Strait of Hormuz, is again functioning at full capacity of 7 million barrels a day.","saudi-arabias-east-west-oil-pipeline-which-bypasses-the-strait-of-hormuz-is-again-functioning-at-full-capacity-of-7-million-barrels-a-day-2043230809864524174","0",""
"10015","2043275436399149600","2026-04-12T10:40:03.000Z","Iran's Speaker of Parliament Mohammad Ghalibaf says that 'due to the experiences of the two previous wars, we have no trust in the opposing side'. https://t.co/VqbUS2IUWq","irans-speaker-of-parliament-mohammad-ghalibaf-says-that-due-to-the-experiences-of-the-two-previous-wars-we-have-no-trust-in-the-opposing-side-httpstcovqbus2iuwq-2043275436399149447","0","https://t.co/VqbUS2IUWq"
"10016","2043423761618309400","2026-04-12T20:20:03.000Z","Viktor Orban, who has served as PM for 16 years, has conceded defeat in Hungary's election. https://t.co/5BQHlXSaMP","viktor-orban-who-has-served-as-pm-for-16-years-has-conceded-defeat-in-hungarys-election-httpstco5bqhlxsamp-2043423761618309372","0","https://t.co/5BQHlXSaMP"
"10017","2043425529710424300","2026-04-12T20:30:03.000Z","President of the European Commission, Ursula von der Leyen, says that Hungary has 'chosen Europe' and returned to 'its European path' after defeat of Viktor Orban at today's election. https://t.co/wbafC2ebqt","president-of-the-european-commission-ursula-von-der-leyen-says-that-hungary-has-chosen-europe-and-returned-to-its-european-path-after-defeat-of-viktor-orban-at-todays-election-httpstcowbafc2ebqt-2043425529710424326","0","https://t.co/wbafC2ebqt"
"10018","2043431243489132500","2026-04-12T20:50:01.000Z","Lebanon's war death toll has risen to 2,055, according to the country's health ministry.","lebanons-war-death-toll-has-risen-to-2055-according-to-the-countrys-health-ministry-2043431243489132605","0",""
"10020","2043432752637461000","2026-04-12T21:00:03.000Z","🇭🇺 Hungary's PM-designate Peter Magyar says, after resounding election victory, that 'we have replaced the Orban regime and liberated Hungary'. https://t.co/XQbhdEKfpr","-hungarys-pm-designate-peter-magyar-says-after-resounding-election-victory-that-we-have-replaced-the-orban-regime-and-liberated-hungary-httpstcoxqbhdekfpr-2043432752637460901","0","https://t.co/XQbhdEKfpr"
"10019","2043433008305455600","2026-04-12T21:00:03.000Z","🇺🇸 US military announces naval blockade on 'all maritime traffic entering and exiting' Iranian ports from the 13th of April.","-us-military-announces-naval-blockade-on-all-maritime-traffic-entering-and-exiting-iranian-ports-from-the-13th-of-april-2043433008305455556","0",""
"10021","2043435060851053000","2026-04-12T21:10:01.000Z","UK Prime Minister Keir Starmer and French President Emmanuel Macron say ceasefire should include Lebanon. https://t.co/6EKwQn3sUB","uk-prime-minister-keir-starmer-and-french-president-emmanuel-macron-say-ceasefire-should-include-lebanon-httpstco6ekwqn3sub-2043435060851052947","0","https://t.co/6EKwQn3sUB"
"10022","2043451107129872600","2026-04-12T22:10:02.000Z","Prices, so far today.

US crude oil: +10%
Brent crude: +8%
Gasoline: +5.1%
Heating oil: +9.3%","prices-so-far-today-us-crude-oil-10-brent-crude-8-gasoline-51-heating-oil-93-2043451107129872661","0",""
"10023","2043450708062781700","2026-04-12T22:10:03.000Z","US crude oil prices surge by 10%","us-crude-oil-prices-surge-by-10-2043450708062781702","0",""
"10024","2043453298838306800","2026-04-12T22:20:02.000Z","President Trump is looking at resuming limited military strikes in Iran, and 'could also resume a full-fledged bombing campaign' according to Wall Street Journal report. https://t.co/yr77tlqqoH","president-trump-is-looking-at-resuming-limited-military-strikes-in-iran-and-could-also-resume-a-full-fledged-bombing-campaign-according-to-wall-street-journal-report-httpstcoyr77tlqqoh-2043453298838306908","0","https://t.co/yr77tlqqoH"
"10026","2043487312705986800","2026-04-13T00:40:02.000Z","Reports of sirens sounding in northern Israel's Galilee region.","reports-of-sirens-sounding-in-northern-israels-galilee-region-2043487312705986827","0",""
"10025","2043489126557839600","2026-04-13T00:40:02.000Z","US crude oil price are up over 8%, now trading at $105.

Brent crude also up 8%, trading at $103.","us-crude-oil-price-are-up-over-8-now-trading-at-105-brent-crude-also-up-8-trading-at-103-2043489126557839657","0",""
"10027","2043491055245709300","2026-04-13T00:50:02.000Z","WTI crude oil price forecast to rise as high as $135 by the end of the year, according to @Kalshi prediction market. https://t.co/UIGgqRBiP0","wti-crude-oil-price-forecast-to-rise-as-high-as-135-by-the-end-of-the-year-according-to-kalshi-prediction-market-httpstcouiggqrbip0-2043491055245709360","0","https://t.co/UIGgqRBiP0"
"10028","2043494175031935000","2026-04-13T01:00:02.000Z","Eric Swalwell withdraws from California governor race. https://t.co/7sImQ0zCwy","eric-swalwell-withdraws-from-california-governor-race-httpstco7simq0zcwy-2043494175031934990","0","https://t.co/7sImQ0zCwy"
"10030","2043497151951786000","2026-04-13T01:20:02.000Z","Trump criticism of Pope Leo on crime and foreign policy. https://t.co/tIFq0s30cL","trump-criticism-of-pope-leo-on-crime-and-foreign-policy-httpstcotifq0s30cl-2043497151951786005","0","https://t.co/tIFq0s30cL"
"10029","2043497539257893400","2026-04-13T01:20:02.000Z","Trump says that Iran will be prevented from selling oil under US blockade.","trump-says-that-iran-will-be-prevented-from-selling-oil-under-us-blockade-2043497539257893258","0",""
"10032","2043500803726729200","2026-04-13T01:30:03.000Z","Trump says the blockade that will be imposed on Iran will be 'very effective'.","trump-says-the-blockade-that-will-be-imposed-on-iran-will-be-very-effective-2043500803726729231","0",""
"10031","2043501845314982100","2026-04-13T01:30:03.000Z","Trump says that Iran lied and did not open the Strait of Hormuz as it said it would.","trump-says-that-iran-lied-and-did-not-open-the-strait-of-hormuz-as-it-said-it-would-2043501845314982125","0",""
"10033","2043512317892264200","2026-04-13T02:20:02.000Z","Indonesia's rupiah falls to record low of 17,130 per US Dollar.","indonesias-rupiah-falls-to-record-low-of-17130-per-us-dollar-2043512317892264154","0",""
"10034","2043539536547127600","2026-04-13T04:00:02.000Z","Japan's 10-year government bond yield has risen to 2.48%, the highest since mid-1997.","japans-10-year-government-bond-yield-has-risen-to-248-the-highest-since-mid-1997-2043539536547127446","0",""
"10035","2043592079893561600","2026-04-13T07:30:02.000Z","Iran says no port in the Gulf region will be safe if its own ports are threatened, as the United States prepares to enforce blockade.","iran-says-no-port-in-the-gulf-region-will-be-safe-if-its-own-ports-are-threatened-as-the-united-states-prepares-to-enforce-blockade-2043592079893561633","0",""
"10036","2043600480455323600","2026-04-13T08:10:02.000Z","United Kingdom Prime Minister says his country will not be involved in blockade of the Strait of Hormuz.","united-kingdom-prime-minister-says-his-country-will-not-be-involved-in-blockade-of-the-strait-of-hormuz-2043600480455323724","0",""
"10037","2043627848821518600","2026-04-13T10:00:02.000Z","ENERGY PRICES TODAY

US crude oil prices are up 8%, trading at $104

Brent crude oil prices are up 8%, trading at $103

European gas is up 9.2%, trading at $47.7

Heating oil is up 8.7%, trading at $4.08

Gasoline is up 4.4%, trading at $3.17","energy-prices-today-us-crude-oil-prices-are-up-8-trading-at-104-brent-crude-oil-prices-are-up-8-trading-at-103-european-gas-is-up-92-trading-at-477-heating-oil-is-up-87-trading-at-408-gasoline-is-up-44-trading-at-317-2043627848821518685","0",""
"10038","2043647168293331500","2026-04-13T11:10:02.000Z","Netanyahu says that Israel supports US blockade of Iranian ports.","netanyahu-says-that-israel-supports-us-blockade-of-iranian-ports-2043647168293331395","0",""
"10039","2043653297601655000","2026-04-13T11:40:03.000Z","Netanyahu says ceasefire with Iran could end soon.","netanyahu-says-ceasefire-with-iran-could-end-soon-2043653297601655113","0",""
"10040","2043780939109806300","2026-04-13T20:00:02.000Z","President Trump's naval blockade of Iran 'risks further upending a global economy already battered by weeks of war' and 'escalating a regional clash into a worldwide financial shock that could prove more devastating than the fighting itself', according to Wall Street Journal report.","president-trumps-naval-blockade-of-iran-risks-further-upending-a-global-economy-already-battered-by-weeks-of-war-and-escalating-a-regional-clash-into-a-worldwide-financial-shock-that-could-prove-more-devastating-than-the-fighting-itself-according-to-wall-","0",""
"10041","2043778948853837800","2026-04-13T20:00:03.000Z","Israel has summoned Italy's ambassador after Italian Foreign Minister Antonio Tajani criticized Israeli attacks in Lebanon as 'unacceptable'.","israel-has-summoned-italys-ambassador-after-italian-foreign-minister-antonio-tajani-criticized-israeli-attacks-in-lebanon-as-unacceptable-2043778948853837918","0",""
"10042","2043784373582082300","2026-04-13T20:20:03.000Z","Germany's Chancellor Friedrich Merz told Netanyahu in a call that the conflict in southern Lebanon should be brought to an end. https://t.co/pZHXGuHM4T","germanys-chancellor-friedrich-merz-told-netanyahu-in-a-call-that-the-conflict-in-southern-lebanon-should-be-brought-to-an-end-httpstcopzhxguhm4t-2043784373582082204","0","https://t.co/pZHXGuHM4T"
"10043","2043788738686529800","2026-04-13T20:30:01.000Z","Hezbollah chief Naim Qassem rejects talks between the Lebanese government and Israel, says they are 'futile'.","hezbollah-chief-naim-qassem-rejects-talks-between-the-lebanese-government-and-israel-says-they-are-futile-2043788738686529735","0",""
"10044","2043803532571357400","2026-04-13T21:30:02.000Z","Trump criticizes New York Times over coverage of Iran war. https://t.co/QX3SWGXKOW","trump-criticizes-new-york-times-over-coverage-of-iran-war-httpstcoqx3swgxkow-2043803532571357425","0","https://t.co/QX3SWGXKOW"
"10045","2043804739809505300","2026-04-13T21:40:02.000Z","Eric Swalwell has resigned from Congress over allegations of misconduct. https://t.co/tlBdjURyqK","eric-swalwell-has-resigned-from-congress-over-allegations-of-misconduct-httpstcotlbdjuryqk-2043804739809505371","0","https://t.co/tlBdjURyqK"
"10046","2043819144148390100","2026-04-13T22:40:03.000Z","US Vice President JD Vance says blockade will put economic pressure on Iran and the expectation is that Tehran will make progress towards opening the Strait of Hormuz. https://t.co/7zVqblImFW","us-vice-president-jd-vance-says-blockade-will-put-economic-pressure-on-iran-and-the-expectation-is-that-tehran-will-make-progress-towards-opening-the-strait-of-hormuz-httpstco7zvqblimfw-2043819144148390112","0","https://t.co/7zVqblImFW"
"10047","2043831611737944600","2026-04-13T23:30:02.000Z","US Vice President JD Vance says Iran has engaged in 'economic terrorism' against the world. https://t.co/2P5B9GkDKq","us-vice-president-jd-vance-says-iran-has-engaged-in-economic-terrorism-against-the-world-httpstco2p5b9gkdkq-2043831611737944468","0","https://t.co/2P5B9GkDKq"
"10048","2043843246682714000","2026-04-14T00:10:01.000Z","Qantas airlines set to cut down on flight capacity due to soaring fuel costs. https://t.co/ezUEizMTUK","qantas-airlines-set-to-cut-down-on-flight-capacity-due-to-soaring-fuel-costs-httpstcoezueizmtuk-2043843246682714148","0","https://t.co/ezUEizMTUK"
"10049","2043860783747215400","2026-04-14T01:20:02.000Z","Saudi Arabia is 'pressing' the US to 'drop its blockade of the Strait of Hormuz and return to the negotiating table', according to Wall Street Journal report. https://t.co/GSquocTTbX","saudi-arabia-is-pressing-the-us-to-drop-its-blockade-of-the-strait-of-hormuz-and-return-to-the-negotiating-table-according-to-wall-street-journal-report-httpstcogsquocttbx-2043860783747215424","0","https://t.co/GSquocTTbX"
"10050","2043895015605448700","2026-04-14T03:40:03.000Z","Associated Press reports that a second round of talks between the US and Iran could be held on Thursday.","associated-press-reports-that-a-second-round-of-talks-between-the-us-and-iran-could-be-held-on-thursday-2043895015605448790","0",""
"10051","2043903891713237200","2026-04-14T04:10:03.000Z","Virgin Atlantic's CEO says that 'some of this disruption to global energy prices will be here to stay' and that the company will struggle to make a profit this year, according to FT report. https://t.co/gSmCZpGGd1","virgin-atlantics-ceo-says-that-some-of-this-disruption-to-global-energy-prices-will-be-here-to-stay-and-that-the-company-will-struggle-to-make-a-profit-this-year-according-to-ft-report-httpstcogsmczpggd1-2043903891713237343","0","https://t.co/gSmCZpGGd1"
"10052","2043922427533750500","2026-04-14T05:30:03.000Z","Iran has demanded compensation from Saudi Arabia, the UAE, Qatar and Bahrain, according to state media.","iran-has-demanded-compensation-from-saudi-arabia-the-uae-qatar-and-bahrain-according-to-state-media-2043922427533750508","0",""
"10053","2043929749286990000","2026-04-14T05:50:02.000Z","Iran's government estimates war damage at approximately $270 billion.","irans-government-estimates-war-damage-at-approximately-270-billion-2043929749286990126","0",""
"10054","2043953124768182500","2026-04-14T07:30:02.000Z","US and Iranian negotiating teams set to return to Islamabad, Pakistan, later this week according to Reuters report.","us-and-iranian-negotiating-teams-set-to-return-to-islamabad-pakistan-later-this-week-according-to-reuters-report-2043953124768182560","0",""
"10055","2043983782508933400","2026-04-14T09:30:02.000Z","China's president Xi Jinping says the world order is 'crumbling into disarray'. https://t.co/UiOyM7z0m4","chinas-president-xi-jinping-says-the-world-order-is-crumbling-into-disarray-httpstcouioym7z0m4-2043983782508933494","0","https://t.co/UiOyM7z0m4"
"10056","2043985350507540700","2026-04-14T09:40:02.000Z","Germany's wholesale prices have risen by 4.1% year-on-year in March, the fastest growth in over three years amid surging petroleum prices. https://t.co/7W2XJAQoS5","germanys-wholesale-prices-have-risen-by-41-year-on-year-in-march-the-fastest-growth-in-over-three-years-amid-surging-petroleum-prices-httpstco7w2xjaqos5-2043985350507540674","0","https://t.co/7W2XJAQoS5"
"10057","2043996454868722000","2026-04-14T10:20:03.000Z","Italy's government suspends defense agreement with Israel.","italys-government-suspends-defense-agreement-with-israel-2043996454868721889","0",""
"10058","2043998472555377000","2026-04-14T10:30:02.000Z","Italy's government suspends automatic renewal of defense agreement with Israel.","italys-government-suspends-automatic-renewal-of-defense-agreement-with-israel-2043998472555376799","0",""
"10060","2044136961036956000","2026-04-14T19:40:02.000Z","The Prime Minister of Pakistan Shahbaz Sharif is headed to Saudi Arabia and Turkey as prospects grow of renewed US-Iran talks.","the-prime-minister-of-pakistan-shahbaz-sharif-is-headed-to-saudi-arabia-and-turkey-as-prospects-grow-of-renewed-us-iran-talks-2044136961036955916","0",""
"10059","2044138343718629600","2026-04-14T19:40:02.000Z","European nations are 'putting together a plan for a broad coalition of countries' to facilitate shipping through the Strait of Hormuz 'without the US', according to Wall Street Journal.","european-nations-are-putting-together-a-plan-for-a-broad-coalition-of-countries-to-facilitate-shipping-through-the-strait-of-hormuz-without-the-us-according-to-wall-street-journal-2044138343718629619","0",""
"10061","2044139477308977400","2026-04-14T19:50:03.000Z","IMF projection for economic growth in 2026.

🇦🇷 Argentina: 3.5%
🇺🇸 United States: 2.3%
🇪🇸 Spain: 2.1%
🇧🇷 Brazil: 1.9%
🇲🇽 Mexico: 1.6%
🇨🇦 Canada: 1.5%
🇬🇧 United Kingdom: 0.8%
🇩🇪 Germany: 0.8%
🇮🇹 Italy: 0.5%","imf-projection-for-economic-growth-in-2026-argentina-35-united-states-23-spain-21-brazil-19-mexico-16-canada-15-united-kingdom-08-germany-08-italy-05-2044139477308977408","0",""
"10062","2044143779905720600","2026-04-14T20:10:03.000Z","Over 20 commercial vessels transited through the Strait of Hormuz over the past 24 hours, according to Wall Street Journal report.","over-20-commercial-vessels-transited-through-the-strait-of-hormuz-over-the-past-24-hours-according-to-wall-street-journal-report-2044143779905720505","0",""
"10063","2044148518848475400","2026-04-14T20:20:01.000Z","The US stock market has now added $6 trillion in market value since the 30th of March. https://t.co/7IpEGofviG","the-us-stock-market-has-now-added-6-trillion-in-market-value-since-the-30th-of-march-httpstco7ipegofvig-2044148518848475466","0","https://t.co/7IpEGofviG"
"10064","2044150897379553800","2026-04-14T20:30:03.000Z","The White House says that 103 empty tankers are heading to US ports to load oil, according to CBS New report.","the-white-house-says-that-103-empty-tankers-are-heading-to-us-ports-to-load-oil-according-to-cbs-new-report-2044150897379553690","0",""
"10065","2044152926260867300","2026-04-14T20:40:02.000Z","US crude oil is now down 7% for the day, trading at $92.","us-crude-oil-is-now-down-7-for-the-day-trading-at-92-2044152926260867335","0",""
"10066","2044161491818201600","2026-04-14T21:20:02.000Z","The US will not renew sanctions waiver on Iranian oil, according to Reuters.","the-us-will-not-renew-sanctions-waiver-on-iranian-oil-according-to-reuters-2044161491818201550","0",""
"10067","2044182809380827600","2026-04-14T22:40:02.000Z","US Vice President JD Vance says if Iran commits to not have a nuclear weapon, 'we are going to make Iran economically thrive'. https://t.co/GskLB5nwHd","us-vice-president-jd-vance-says-if-iran-commits-to-not-have-a-nuclear-weapon-we-are-going-to-make-iran-economically-thrive-httpstcogsklb5nwhd-2044182809380827586","0","https://t.co/GskLB5nwHd"
"10068","2044200031360807200","2026-04-14T23:50:02.000Z","Trump says war with Iran is 'over' and that the US achieved victory.","trump-says-war-with-iran-is-over-and-that-the-us-achieved-victory-2044200031360807193","0",""
"10069","2044216400844337400","2026-04-15T00:50:02.000Z","US military says that no Iranian ships were allowed to pass through blockade and that '6 merchant vessels complied with direction from U.S. forces to turn around'.","us-military-says-that-no-iranian-ships-were-allowed-to-pass-through-blockade-and-that-6-merchant-vessels-complied-with-direction-from-us-forces-to-turn-around-2044216400844337415","0",""
"10070","2044220113910673700","2026-04-15T01:10:02.000Z","Trump tells Fox News that Iran war is 'very close to over' and that it would Iran '20 years to rebuild their country'.","trump-tells-fox-news-that-iran-war-is-very-close-to-over-and-that-it-would-iran-20-years-to-rebuild-their-country-2044220113910673722","0",""
"10071","2044238610241859600","2026-04-15T02:20:03.000Z","US military says 'a blockade of Iranian ports has been fully implemented' and that 'US forces have completely halted economic trade going into and out of Iran by sea'.","us-military-says-a-blockade-of-iranian-ports-has-been-fully-implemented-and-that-us-forces-have-completely-halted-economic-trade-going-into-and-out-of-iran-by-sea-2044238610241859678","0",""
"10072","2044260458514002200","2026-04-15T03:50:02.000Z","IMF projection for economic growth in 2026.

🇻🇳 Vietnam: 7.1%
🇮🇳 India: 6.5%
🇮🇩 Indonesia: 5.0%
🇲🇾 Malaysia: 4.7%
🇧🇩 Bangladesh: 4.7%
🇨🇳 China: 4.4%
🇵🇭 Philippines: 4.1%
🇵🇰 Pakistan: 3.6%
🇺🇸 United States: 2.3%
🇦🇺 Australia: 2.0%
🇰🇷 South Korea: 1.9%
🇹🇭 Thailand: 1.5%
🇨🇦 Canada: 1.5%
🇯🇵 Japan: 0.7%","imf-projection-for-economic-growth-in-2026-vietnam-71-india-65-indonesia-50-malaysia-47-bangladesh-47-china-44-philippines-41-pakistan-36-united-states-23-australia-20-south-korea-19-thailand-15-canada-15-japan-07-2044260458514002227","0",""
"10073","2044266327523897900","2026-04-15T04:10:01.000Z","Trump says that NATO 'was not there for us' and won't be in the future. https://t.co/VJoFbI8spP","trump-says-that-nato-was-not-there-for-us-and-wont-be-in-the-future-httpstcovjofbi8spp-2044266327523897826","0","https://t.co/VJoFbI8spP"
"10074","2044295060519563300","2026-04-15T06:10:02.000Z","Saudi Arabia is set to provide Pakistan with $3 billion in support, as Pakistan prepares to repay $3.5 billion loan to the UAE.","saudi-arabia-is-set-to-provide-pakistan-with-3-billion-in-support-as-pakistan-prepares-to-repay-35-billion-loan-to-the-uae-2044295060519563355","0",""
"10075","2044338041217819000","2026-04-15T09:00:02.000Z","Israeli military issues evacuation order for large parts of southern Lebanon. https://t.co/lEXUOg1eku","israeli-military-issues-evacuation-order-for-large-parts-of-southern-lebanon-httpstcolexuog1eku-2044338041217818934","0","https://t.co/lEXUOg1eku"
"10076","2044346638869885400","2026-04-15T09:30:02.000Z","The US military is 'sending thousands of additional troops into the Middle East in the coming days', according to Washington Post report.","the-us-military-is-sending-thousands-of-additional-troops-into-the-middle-east-in-the-coming-days-according-to-washington-post-report-2044346638869885342","0",""
"10077","2044351680595300400","2026-04-15T09:50:02.000Z","🇮🇳 India's wholesale inflation rate rose to 3.88%, the highest in over three years.","-indias-wholesale-inflation-rate-rose-to-388-the-highest-in-over-three-years-2044351680595300450","0",""
"10078","2044356325338128600","2026-04-15T10:10:03.000Z","Iran used Chinese spy satellite to 'target US military bases across the Middle East during the recent war', according to Financial Times investigation.","iran-used-chinese-spy-satellite-to-target-us-military-bases-across-the-middle-east-during-the-recent-war-according-to-financial-times-investigation-2044356325338128536","0",""
"10079","2044382488823562200","2026-04-15T11:50:02.000Z","Trump post about China and Iran war. https://t.co/jnBxWIG0Gf","trump-post-about-china-and-iran-war-httpstcojnbxwig0gf-2044382488823562348","0","https://t.co/jnBxWIG0Gf"
"10080","2044498209842856000","2026-04-15T19:30:03.000Z","Tesla share price is up 7.7% so far today. https://t.co/79wWqpicHu","tesla-share-price-is-up-77-so-far-today-httpstco79wwqpichu-2044498209842856034","0","https://t.co/79wWqpicHu"
"10081","2044500576202006500","2026-04-15T19:40:02.000Z","IMF projection for economic growth in 2026.

🇪🇬 Egypt: 4.2%
🇴🇲 Oman: 3.5%
🇮🇱 Israel: 3.5%
🇹🇷 Turkey: 3.4%
🇸🇦 Saudi Arabia: 3.1%
🇦🇪 UAE: 3.1%
🇯🇴 Jordan: 2.7%
🇧🇭 Bahrain: -0.5%
🇰🇼 Kuwait: -0.6%
🇮🇷 Iran: -6.1%
🇮🇶 Iraq: -6.8%
🇶🇦 Qatar: -8.6%","imf-projection-for-economic-growth-in-2026-egypt-42-oman-35-israel-35-turkey-34-saudi-arabia-31-uae-31-jordan-27-bahrain-05-kuwait-06-iran-61-iraq-68-qatar-86-2044500576202006626","0",""
"10083","2044506119465542000","2026-04-15T20:10:02.000Z","Israeli military chief Eyal Zamir says that strikes in Iran 'stripped them of their defensive capabilities and weakened them' and that 'we must not allow them any achievements on the nuclear issue, in Hormuz and in other matters on the table'.","israeli-military-chief-eyal-zamir-says-that-strikes-in-iran-stripped-them-of-their-defensive-capabilities-and-weakened-them-and-that-we-must-not-allow-them-any-achievements-on-the-nuclear-issue-in-hormuz-and-in-other-matters-on-the-table-20445061194655419","0",""
"10082","2044506772774523100","2026-04-15T20:10:02.000Z","S&amp;P 500 closes at record high of 7,019 https://t.co/XCj2RjNS0h","sampp-500-closes-at-record-high-of-7019-httpstcoxcj2rjns0h-2044506772774523078","0","https://t.co/XCj2RjNS0h"
"10084","2044514642777804800","2026-04-15T20:40:02.000Z","US military says 'ten vessels have now been turned around and ZERO ships have broken through since the start of the U.S. blockade'.","us-military-says-ten-vessels-have-now-been-turned-around-and-zero-ships-have-broken-through-since-the-start-of-the-us-blockade-2044514642777804922","0",""
"10085","2044518772036583700","2026-04-15T21:00:04.000Z","Iran's speaker of parliament and key member of negotiation team Mohammad-Bagher Ghalibaf claims that the US should withdraw from its 'Israel First' mistake. https://t.co/5bmJmELfIM","irans-speaker-of-parliament-and-key-member-of-negotiation-team-mohammad-bagher-ghalibaf-claims-that-the-us-should-withdraw-from-its-israel-first-mistake-httpstco5bmjmelfim-2044518772036583676","0","https://t.co/5bmJmELfIM"
"10086","2044521824072122400","2026-04-15T21:10:03.000Z","🇺🇸 US crude oil exports rose to 5.2 million barrels a day last week, a record high. https://t.co/d7B2gnLFNS","-us-crude-oil-exports-rose-to-52-million-barrels-a-day-last-week-a-record-high-httpstcod7b2gnlfns-2044521824072122489","0","https://t.co/d7B2gnLFNS"
"10087","2044530500103200800","2026-04-15T21:40:02.000Z","Lebanon says there are efforts to reach a ceasefire with Israel 'soon', according to Financial Times report.","lebanon-says-there-are-efforts-to-reach-a-ceasefire-with-israel-soon-according-to-financial-times-report-2044530500103200885","0",""
"10088","2044556311581606100","2026-04-15T23:20:02.000Z","The Pentagon has approached automakers General Motors and Ford about shifting some capacity to 'make arms and military supplies', according to Wall Street Journal.","the-pentagon-has-approached-automakers-general-motors-and-ford-about-shifting-some-capacity-to-make-arms-and-military-supplies-according-to-wall-street-journal-2044556311581606025","0",""
"10090","2044614798726611000","2026-04-16T03:20:02.000Z","China's foreign minister calls on Iran to allow for 'normal navigation' in the Strait of Hormuz.","chinas-foreign-minister-calls-on-iran-to-allow-for-normal-navigation-in-the-strait-of-hormuz-2044614798726611071","0",""
"10089","2044615811999101400","2026-04-16T03:20:02.000Z","🇨🇳 China's economy grows at 5%, exceeding market expectations and accelerating compared to previous quarter.","-chinas-economy-grows-at-5-exceeding-market-expectations-and-accelerating-compared-to-previous-quarter-2044615811999101317","0",""
"10091","2044701535737950500","2026-04-16T09:00:03.000Z","Aluminium prices have hit a four-year high as Middle East deliveries continue to be disrupted.","aluminium-prices-have-hit-a-four-year-high-as-middle-east-deliveries-continue-to-be-disrupted-2044701535737950492","0",""
"10092","2044732007885021400","2026-04-16T11:00:02.000Z","International Energy Agency chief says that Europe has 'maybe six weeks' of jet fuel left, says current shock is 'the largest energy crisis we have ever faced', according to AP report.","international-energy-agency-chief-says-that-europe-has-maybe-six-weeks-of-jet-fuel-left-says-current-shock-is-the-largest-energy-crisis-we-have-ever-faced-according-to-ap-report-2044732007885021552","0",""
"10093","2044868042329636900","2026-04-16T20:00:03.000Z","US officials have told their European counterparts that some weapons delivers 'are ​likely to be delayed ​as the Iran war continues to ⁠draw on weapons stocks', according to Reuters report.","us-officials-have-told-their-european-counterparts-that-some-weapons-delivers-are-likely-to-be-delayed-as-the-iran-war-continues-to-draw-on-weapons-stocks-according-to-reuters-report-2044868042329636966","0",""
"10096","2044868961700073500","2026-04-16T20:10:02.000Z","Brent crude oil prices are up 3.5%, trading at $98.2, while US crude is up 2.5% and trading at $93.5.","brent-crude-oil-prices-are-up-35-trading-at-982-while-us-crude-is-up-25-and-trading-at-935-2044868961700073473","0",""
"10095","2044869425292300500","2026-04-16T20:10:02.000Z","Pope Leo XIV says the world is 'being ravaged by a handful of tyrants'. https://t.co/falq6aaomJ","pope-leo-xiv-says-the-world-is-being-ravaged-by-a-handful-of-tyrants-httpstcofalq6aaomj-2044869425292300600","0","https://t.co/falq6aaomJ"
"10094","2044870677795336400","2026-04-16T20:10:02.000Z","Netflix founder and chairman Reed Hastings set to step down from the board. https://t.co/VEEFcrYNcL","netflix-founder-and-chairman-reed-hastings-set-to-step-down-from-the-board-httpstcoveefcryncl-2044870677795336394","0","https://t.co/VEEFcrYNcL"
"10097","2044875036834865700","2026-04-16T20:30:02.000Z","Iran's foreign ministry says it welcomes the ceasefire announced between Israel and Lebanon.","irans-foreign-ministry-says-it-welcomes-the-ceasefire-announced-between-israel-and-lebanon-2044875036834865648","0",""
"10098","2044880209288237300","2026-04-16T20:50:02.000Z","Israeli airstrikes on several targets across southern Lebanon.","israeli-airstrikes-on-several-targets-across-southern-lebanon-2044880209288237186","0",""
"10099","2044883051264750000","2026-04-16T21:00:02.000Z","Pope Leo XIV says 'woe to those who manipulate religion and the very name of God for their own military, economic and political gain, dragging that which is sacred into darkness and filth'. https://t.co/AaX2sHMODO","pope-leo-xiv-says-woe-to-those-who-manipulate-religion-and-the-very-name-of-god-for-their-own-military-economic-and-political-gain-dragging-that-which-is-sacred-into-darkness-and-filth-httpstcoaax2shmodo-2044883051264750054","0","https://t.co/AaX2sHMODO"
"10100","2044883888682762200","2026-04-16T21:10:02.000Z","Israel-Hezbollah ceasefire has come into effect.","israel-hezbollah-ceasefire-has-come-into-effect-2044883888682762290","0",""
"10101","2044892519851569700","2026-04-16T21:40:02.000Z","Trump says, 'tell that to the Pope', after journalist asks about Iran's plans for executions. https://t.co/ABaekEEq6b","trump-says-tell-that-to-the-pope-after-journalist-asks-about-irans-plans-for-executions-httpstcoabaekeeq6b-2044892519851569623","0","https://t.co/ABaekEEq6b"
"10102","2044896387830366500","2026-04-16T22:00:02.000Z","Trump says that Mamdani is 'destroying New York'. https://t.co/XuYeEuo4ho","trump-says-that-mamdani-is-destroying-new-york-httpstcoxuyeeuo4ho-2044896387830366427","0","https://t.co/XuYeEuo4ho"
"10103","2044936347857936400","2026-04-17T00:30:02.000Z","Lebanon's military claims Israel has violated ceasefire with new strikes.","lebanons-military-claims-israel-has-violated-ceasefire-with-new-strikes-2044936347857936475","0",""
"10104","2044999363605528800","2026-04-17T04:50:02.000Z","🇲🇾 Malaysia's economy grew by 5.3% in the first quarter of 2026.","-malaysias-economy-grew-by-53-in-the-first-quarter-of-2026-2044999363605528792","0",""
"10105","2045064352118792400","2026-04-17T09:00:02.000Z","Indian oil refiners paid for Iranian oil using Chinese yuan, according to Reuters report.","indian-oil-refiners-paid-for-iranian-oil-using-chinese-yuan-according-to-reuters-report-2045064352118792404","0",""
"10106","2045230352806170600","2026-04-17T20:00:01.000Z","Trump says that Iran has agreed to 'stop backing all proxy groups like Hezbollah and Hamas', and has 'agreed to everything', according to CBS News report.","trump-says-that-iran-has-agreed-to-stop-backing-all-proxy-groups-like-hezbollah-and-hamas-and-has-agreed-to-everything-according-to-cbs-news-report-2045230352806170705","0",""
"10107","2045230067568263200","2026-04-17T20:00:02.000Z","Iranian foreign ministry says option of transferring its enriched uranium to another country is unacceptable.","iranian-foreign-ministry-says-option-of-transferring-its-enriched-uranium-to-another-country-is-unacceptable-2045230067568263277","0",""
"10108","2045233250592010800","2026-04-17T20:10:02.000Z","US share market has now added over $7.5 trillion in market value since the 30th of March.","us-share-market-has-now-added-over-75-trillion-in-market-value-since-the-30th-of-march-2045233250592010745","0",""
"10110","2045231819474501600","2026-04-17T20:10:03.000Z","Crude oil price down 10%, now trading at $85.","crude-oil-price-down-10-now-trading-at-85-2045231819474501753","0",""
"10109","2045231981345321200","2026-04-17T20:10:03.000Z","S&amp;P 500 closes at new record high of 7,125.","sampp-500-closes-at-new-record-high-of-7125-2045231981345321165","0",""
"10111","2045235266047337000","2026-04-17T20:20:02.000Z","Netanyahu was 'shocked' by Trump's statement that Israel was 'prohibited' from bombing Lebanon, according to Axios report.","netanyahu-was-shocked-by-trumps-statement-that-israel-was-prohibited-from-bombing-lebanon-according-to-axios-report-2045235266047336846","0",""
"10112","2045236460979437600","2026-04-17T20:30:02.000Z","Iraq is resuming southern oil exports after a halt that lasted over a month, according to Reuters report.","iraq-is-resuming-southern-oil-exports-after-a-halt-that-lasted-over-a-month-according-to-reuters-report-2045236460979437695","0",""
"10114","2045244585509798000","2026-04-17T21:10:03.000Z","Trump tells ABC News he thinks he can trust the Iranian side.","trump-tells-abc-news-he-thinks-he-can-trust-the-iranian-side-2045244585509798010","0",""
"10113","2045245010527052000","2026-04-17T21:10:03.000Z","Iran told mediators it will 'continue to limit the number of ships allowed to cross the Strait of Hormuz' and that it will also charge tolls for the 'remaining period of the cease-fire', according to Wall Street Journal report.","iran-told-mediators-it-will-continue-to-limit-the-number-of-ships-allowed-to-cross-the-strait-of-hormuz-and-that-it-will-also-charge-tolls-for-the-remaining-period-of-the-cease-fire-according-to-wall-street-journal-report-2045245010527051972","0",""
"10115","2045252107712999700","2026-04-17T21:30:02.000Z","Trump tells ABC News he will 'prohibit' Netanyahu from bombing Lebanon and will tell Netanyahu 'he cannot do it'.","trump-tells-abc-news-he-will-prohibit-netanyahu-from-bombing-lebanon-and-will-tell-netanyahu-he-cannot-do-it-2045252107712999566","0",""
"10117","2045262501928165600","2026-04-17T22:10:02.000Z","Trump says that Iran will never have a nuclear weapon and the US will extract enriched uranium in partnership with Iranians, with lots of 'excavators'.","trump-says-that-iran-will-never-have-a-nuclear-weapon-and-the-us-will-extract-enriched-uranium-in-partnership-with-iranians-with-lots-of-excavators-2045262501928165603","0",""
"10116","2045263445503910100","2026-04-17T22:10:02.000Z","Trump says that Iran's uranium will be brought to the United States of America","trump-says-that-irans-uranium-will-be-brought-to-the-united-states-of-america-2045263445503910083","0",""
"10120","2045264270783558000","2026-04-17T22:20:02.000Z","US official says that the aircraft carrier USS Gerald Ford is now operating in the Red Sea, according to CNN report. https://t.co/A5GPdkOz6z","us-official-says-that-the-aircraft-carrier-uss-gerald-ford-is-now-operating-in-the-red-sea-according-to-cnn-report-httpstcoa5gpdkoz6z-2045264270783557816","0","https://t.co/A5GPdkOz6z"
"10119","2045264885257588700","2026-04-17T22:20:02.000Z","Trump says that NATO was 'absolutely useless when we needed them'.","trump-says-that-nato-was-absolutely-useless-when-we-needed-them-2045264885257588756","0",""
"10118","2045265199696151000","2026-04-17T22:20:02.000Z","Trump says he would like to thank Pakistan and 'its great prime minister and its great, great field marshal' for their contributions to US-Iran deal.","trump-says-he-would-like-to-thank-pakistan-and-its-great-prime-minister-and-its-great-great-field-marshal-for-their-contributions-to-us-iran-deal-2045265199696151000","0",""
"10122","2045266090297790700","2026-04-17T22:30:02.000Z","Iran has denied two of President Trump's key claims today.

Tehran denied agreeing to the transfer of enriched uranium out of the country, and said it would continue to limit number of ships crossing through the Strait of Hormuz.","iran-has-denied-two-of-president-trumps-key-claims-today-tehran-denied-agreeing-to-the-transfer-of-enriched-uranium-out-of-the-country-and-said-it-would-continue-to-limit-number-of-ships-crossing-through-the-strait-of-hormuz-2045266090297790687","0",""
"10121","2045266689869414400","2026-04-17T22:30:02.000Z","Iran's Speaker of Parliament and key part of negotiating team Mohammad-Bagher Ghalibaf says that Trump 'made seven claims in one hour, all seven of which were false'.","irans-speaker-of-parliament-and-key-part-of-negotiating-team-mohammad-bagher-ghalibaf-says-that-trump-made-seven-claims-in-one-hour-all-seven-of-which-were-false-2045266689869414408","0",""
"10123","2045328961975324700","2026-04-18T02:30:02.000Z","Trump's post about the Strait of Hormuz and meeting with China's president. https://t.co/TeWM4hfhlG","trumps-post-about-the-strait-of-hormuz-and-meeting-with-chinas-president-httpstcotewm4hfhlg-2045328961975324711","0","https://t.co/TeWM4hfhlG"
"10124","2045409605594079500","2026-04-18T08:00:02.000Z","Japan to set to supply Australia with warships in $7 billion deal, the biggest since Tokyo ended its military export ban in 2014.","japan-to-set-to-supply-australia-with-warships-in-7-billion-deal-the-biggest-since-tokyo-ended-its-military-export-ban-in-2014-2045409605594079361","0",""
"10125","2045419292829901000","2026-04-18T08:30:03.000Z","Iranian state media says the Strait of Hormuz is back under 'strict management and control' of the military.","iranian-state-media-says-the-strait-of-hormuz-is-back-under-strict-management-and-control-of-the-military-2045419292829901143","0",""
"10126","2045426176026665200","2026-04-18T09:00:03.000Z","In effect, the Iranian military has closed the Strait of Hormuz again, saying the US must lift the blockade before the Strait is re-opened.","in-effect-the-iranian-military-has-closed-the-strait-of-hormuz-again-saying-the-us-must-lift-the-blockade-before-the-strait-is-re-opened-2045426176026665165","0",""
"10127","2045448601296621600","2026-04-18T10:30:02.000Z","Around 20 ships set to cross the Strait of Hormuz were 'were turning back toward Oman after Iran’s military said that the waterway was closed', according to Wall Street Journal report.","around-20-ships-set-to-cross-the-strait-of-hormuz-were-were-turning-back-toward-oman-after-irans-military-said-that-the-waterway-was-closed-according-to-wall-street-journal-report-2045448601296621623","0",""
"10128","2045449795867914500","2026-04-18T10:40:02.000Z","Iran's deputy foreign minister says President Trump 'talks too much' and 'said contradictory things within the same statement'.","irans-deputy-foreign-minister-says-president-trump-talks-too-much-and-said-contradictory-things-within-the-same-statement-2045449795867914534","0",""
"10129","2045454496378306800","2026-04-18T10:50:01.000Z","Reports of gunfire targeting an oil tanker and commercial ship trying to cross the Strait of Hormuz.","reports-of-gunfire-targeting-an-oil-tanker-and-commercial-ship-trying-to-cross-the-strait-of-hormuz-2045454496378306777","0",""
"10130","2045598117362590200","2026-04-18T20:20:02.000Z","The US military is making preparations to 'board Iran-linked oil tankers and seize commercial ships in international waters', according to Wall Street Journal report.","the-us-military-is-making-preparations-to-board-iran-linked-oil-tankers-and-seize-commercial-ships-in-international-waters-according-to-wall-street-journal-report-2045598117362590107","0",""
"10131","2045600475622563800","2026-04-18T20:30:03.000Z","US official says the war could resume in the coming days if there is no breakthrough in peace talks, according to Axios report.","us-official-says-the-war-could-resume-in-the-coming-days-if-there-is-no-breakthrough-in-peace-talks-according-to-axios-report-2045600475622563902","0",""
"10132","2045603249215177200","2026-04-18T20:40:02.000Z","The US military says 'the blockade has completely halted economic trade going into and out of Iran by sea'.","the-us-military-says-the-blockade-has-completely-halted-economic-trade-going-into-and-out-of-iran-by-sea-2045603249215177200","0",""
"10133","2045606878093435100","2026-04-18T21:00:02.000Z","Iran is now informing commercial vessels that the Strait of Hormuz is 'completely closed again'.","iran-is-now-informing-commercial-vessels-that-the-strait-of-hormuz-is-completely-closed-again-2045606878093435130","0",""
"10134","2045609473662972000","2026-04-18T21:10:03.000Z","Iran’s Revolutionary Guard Corps says the Strait of Hormuz will remain shut until the United States ends its blockade.","irans-revolutionary-guard-corps-says-the-strait-of-hormuz-will-remain-shut-until-the-united-states-ends-its-blockade-2045609473662971968","0",""
"10135","2045622197608428000","2026-04-18T22:00:03.000Z","US intelligence assessment is that Iran retains around 40% of its prewar stockpile of drones, according to NY Times report.","us-intelligence-assessment-is-that-iran-retains-around-40-of-its-prewar-stockpile-of-drones-according-to-ny-times-report-2045622197608427970","0",""
"10136","2045626044619825400","2026-04-18T22:20:01.000Z","Iran's Speaker of Parliament Mohammad-Bagher Ghalibaf says there are differences with the US over the nuclear file and the Strait of Hormuz. https://t.co/2JQHdNaJc0","irans-speaker-of-parliament-mohammad-bagher-ghalibaf-says-there-are-differences-with-the-us-over-the-nuclear-file-and-the-strait-of-hormuz-httpstco2jqhdnajc0-2045626044619825440","0","https://t.co/2JQHdNaJc0"
"10137","2045637759264784600","2026-04-18T23:00:03.000Z","Iran's deputy foreign minister says that no enriched uranium will be sent to the United States.","irans-deputy-foreign-minister-says-that-no-enriched-uranium-will-be-sent-to-the-united-states-2045637759264784609","0",""
"10138","2045712995989487600","2026-04-19T04:00:02.000Z","Trump says that Israel is a great ally of the United States. https://t.co/6XrVuhndsz","trump-says-that-israel-is-a-great-ally-of-the-united-states-httpstco6xrvuhndsz-2045712995989487667","0","https://t.co/6XrVuhndsz"
"10139","2045792918611624400","2026-04-19T09:20:02.000Z","Iran's president says that Trump does not have the justification to deprive Iran of its 'nuclear rights'.","irans-president-says-that-trump-does-not-have-the-justification-to-deprive-iran-of-its-nuclear-rights-2045792918611624357","0",""
"10140","2045811598082900200","2026-04-19T10:30:02.000Z","Iranian Revolutionary Guards say they are replenishing missile and drone launch platforms at a faster rate than before the war.","iranian-revolutionary-guards-say-they-are-replenishing-missile-and-drone-launch-platforms-at-a-faster-rate-than-before-the-war-2045811598082900339","0",""
"10142","2045966958974390500","2026-04-19T20:50:03.000Z","Trump says US military struck an Iranian cargo ship that refused to adhere to instructions. https://t.co/9VVTY7Y5jX","trump-says-us-military-struck-an-iranian-cargo-ship-that-refused-to-adhere-to-instructions-httpstco9vvty7y5jx-2045966958974390416","0","https://t.co/9VVTY7Y5jX"
"10141","2045967364802683400","2026-04-19T20:50:03.000Z","No tankers have been able to cross the Strait of Hormuz today, according to CNN.","no-tankers-have-been-able-to-cross-the-strait-of-hormuz-today-according-to-cnn-2045967364802683352","0",""
"10143","2045970965700792600","2026-04-19T21:10:03.000Z","US military says it intercepted an  Iranian-flagged cargo ship that was attempting to 'sail toward an Iranian port', when it failed to comply, several rounds were fired into its engine room, disabling its propulsion and Marines 'later boarded the non-compliant vessel, which remains in U.S. custody'.","us-military-says-it-intercepted-an-iranian-flagged-cargo-ship-that-was-attempting-to-sail-toward-an-iranian-port-when-it-failed-to-comply-several-rounds-were-fired-into-its-engine-room-disabling-its-propulsion-and-marines-later-boarded-the-non-compliant-v","0",""
"10146","2045988506594648600","2026-04-19T22:20:02.000Z","Oil prices surge by 7%","oil-prices-surge-by-7-2045988506594648527","0",""
"10145","2045989074813755400","2026-04-19T22:20:02.000Z","Iranian state media says that the military will soon retaliate against the US military over seizure of Iran-flagged commercial vessel.","iranian-state-media-says-that-the-military-will-soon-retaliate-against-the-us-military-over-seizure-of-iran-flagged-commercial-vessel-2045989074813755508","0",""
"10144","2045990441913602000","2026-04-19T22:20:02.000Z","Iran says it has targeted US military vessels with drones.","iran-says-it-has-targeted-us-military-vessels-with-drones-2045990441913602133","0",""
"10147","2045991303834751200","2026-04-19T22:30:02.000Z","Several reports from Syria that Israeli military aircraft are flying over the country, heading east.","several-reports-from-syria-that-israeli-military-aircraft-are-flying-over-the-country-heading-east-2045991303834751342","0",""
"10148","2046002274661794000","2026-04-19T23:10:02.000Z","Iran's military says it will retaliate against the 'maritime armed robbery' by the United States.","irans-military-says-it-will-retaliate-against-the-maritime-armed-robbery-by-the-united-states-2046002274661794030","0",""
"10149","2046007346355466500","2026-04-19T23:30:02.000Z","US crude oil price is now up over 7.5% and trading at over $90.","us-crude-oil-price-is-now-up-over-75-and-trading-at-over-90-2046007346355466473","0",""
"10150","2046017966224151000","2026-04-20T00:10:02.000Z","US crude oil is now up 8% so far today amid rising US-Iran tensions.","us-crude-oil-is-now-up-8-so-far-today-amid-rising-us-iran-tensions-2046017966224150956","0",""
"10151","2046027734150005200","2026-04-20T00:50:03.000Z","Japanese companies are being forced to 'cut back on production and scramble for alternative supply sources' for aluminium due to Iran war, according to Bloomberg report.","japanese-companies-are-being-forced-to-cut-back-on-production-and-scramble-for-alternative-supply-sources-for-aluminium-due-to-iran-war-according-to-bloomberg-report-2046027734150005204","0",""
"10152","2046045333059416300","2026-04-20T02:00:04.000Z","🇯🇵 Japan's Nikkei 225 index is up over 1%, despite surging oil prices.","-japans-nikkei-225-index-is-up-over-1-despite-surging-oil-prices-2046045333059416394","0",""
"10153","2046064268051976200","2026-04-20T03:20:01.000Z","Zinc prices have risen to their highest since 2022.","zinc-prices-have-risen-to-their-highest-since-2022-2046064268051976204","0",""
"10154","2046094409293595000","2026-04-20T05:20:02.000Z","Israeli military has warned residents against returning to southern Lebanon villages.","israeli-military-has-warned-residents-against-returning-to-southern-lebanon-villages-2046094409293594963","0",""
"10155","2046128165354156300","2026-04-20T07:30:02.000Z","China says it is concerned over US interception and seizing of Iranian ship.","china-says-it-is-concerned-over-us-interception-and-seizing-of-iranian-ship-2046128165354156224","0",""
"10156","2046129776956699000","2026-04-20T07:40:02.000Z","Iran's foreign ministry says there are no current plans of further talks with the United States","irans-foreign-ministry-says-there-are-no-current-plans-of-further-talks-with-the-united-states-2046129776956699007","0",""
"10157","2046132431535874600","2026-04-20T07:50:03.000Z","Iranian foreign ministry says the country has not received a serious offer with regards to lifting sanctions","iranian-foreign-ministry-says-the-country-has-not-received-a-serious-offer-with-regards-to-lifting-sanctions-2046132431535874463","0",""
"10159","2046142263835898400","2026-04-20T08:40:02.000Z","7.4 magnitude earthquake off the north-eastern coast of Japan, with tsunami warnings issued.","74-magnitude-earthquake-off-the-north-eastern-coast-of-japan-with-tsunami-warnings-issued-2046142263835898261","0",""
"10158","2046144079042650400","2026-04-20T08:40:02.000Z","Rising wave heights reported off shore of northern Japan after 7.4 magnitude quake.","rising-wave-heights-reported-off-shore-of-northern-japan-after-74-magnitude-quake-2046144079042650434","0",""
"10161","2046324417496834300","2026-04-20T20:30:02.000Z","President Trump 'isn't inclined' to extend ceasefire when it expires, according to Wall Street Journal report.","president-trump-isnt-inclined-to-extend-ceasefire-when-it-expires-according-to-wall-street-journal-report-2046324417496834302","0",""
"10160","2046325277463396600","2026-04-20T20:30:02.000Z","Israel's shekel has hit a 30-year high against the US dollar.","israels-shekel-has-hit-a-30-year-high-against-the-us-dollar-2046325277463396653","0",""
"10162","2046330332463661300","2026-04-20T20:50:01.000Z","Apple CEO Tim Cook is stepping down, will be replaced by John Ternus in September.","apple-ceo-tim-cook-is-stepping-down-will-be-replaced-by-john-ternus-in-september-2046330332463661374","0",""
"10163","2046330815873950200","2026-04-20T21:00:03.000Z","Amazon is set to invest up to $25 billion in Anthropic. https://t.co/sUqn7VQqeJ","amazon-is-set-to-invest-up-to-25-billion-in-anthropic-httpstcosuqn7vqqej-2046330815873950112","0","https://t.co/sUqn7VQqeJ"
"10165","2046344166029120000","2026-04-20T21:50:02.000Z","Trump tells Bloomberg it is 'highly unlikely' he will extend ceasefire with Iran.","trump-tells-bloomberg-it-is-highly-unlikely-he-will-extend-ceasefire-with-iran-2046344166029119981","0",""
"10164","2046344457919086800","2026-04-20T21:50:02.000Z","Iran's chief negotiator Ghalibaf says the country won't negotiate under the 'shadow of threats' and Trump is trying to impose a siege so Iran can 'surrender'.","irans-chief-negotiator-ghalibaf-says-the-country-wont-negotiate-under-the-shadow-of-threats-and-trump-is-trying-to-impose-a-siege-so-iran-can-surrender-2046344457919086965","0",""
"10166","2046364886192832800","2026-04-20T23:10:02.000Z","JD Vance and Gavin Newsom are tied at 19% chance of winning the 2028 Presidential Election, followed by Marco Rubio at 15%, according to @Kalshi prediction market. https://t.co/3BkvscVsJU","jd-vance-and-gavin-newsom-are-tied-at-19-chance-of-winning-the-2028-presidential-election-followed-by-marco-rubio-at-15-according-to-kalshi-prediction-market-httpstco3bkvscvsju-2046364886192832680","0","https://t.co/3BkvscVsJU"
"10167","2046371790948290800","2026-04-20T23:40:02.000Z","The BBC says it has found a 'consistent pattern of spikes just hours, or sometimes minutes' in financial markets before a 'social media post or media interview' by President Trump.","the-bbc-says-it-has-found-a-consistent-pattern-of-spikes-just-hours-or-sometimes-minutes-in-financial-markets-before-a-social-media-post-or-media-interview-by-president-trump-2046371790948290768","0",""
"10168","2046374612028797000","2026-04-20T23:50:03.000Z","US government debt nears $39 trillion, according to Treasury data.

That is up from $37 trillion in August and $38 trillion in October, which was during a federal government shutdown. 

The Treasury added the most recent $1 trillion in debt in just 71 days, the fastest accumulation outside of the COVID pandemic.

Nearly $5 trillion in debt has been added since since January, 2024.

Furthermore, interest payments are now the fastest-growing line in the federal budget. 

In absolute terms, they have surpassed spending on both Medicare and national defense.","us-government-debt-nears-39-trillion-according-to-treasury-data-that-is-up-from-37-trillion-in-august-and-38-trillion-in-october-which-was-during-a-federal-government-shutdown-the-treasury-added-the-most-recent-1-trillion-in-debt-in-just-71-days-the-faste","0",""
"10169","2046379458115108900","2026-04-21T00:10:02.000Z","Trump says that if Iran doesn't negotiate, 'they are going to see problems like they've never seen before', according to CNN report.","trump-says-that-if-iran-doesnt-negotiate-they-are-going-to-see-problems-like-theyve-never-seen-before-according-to-cnn-report-2046379458115108876","0",""
"10170","2046393122574434800","2026-04-21T01:00:02.000Z","US Vice President JD Vance set to travel to Pakistan for Iran talks, according to Axios report.","us-vice-president-jd-vance-set-to-travel-to-pakistan-for-iran-talks-according-to-axios-report-2046393122574434715","0",""
"10171","2046458121477120500","2026-04-21T05:20:03.000Z","White House says it is close to a 'good deal' with Iran but that Trump has options he can still use, according to Fox News report.","white-house-says-it-is-close-to-a-good-deal-with-iran-but-that-trump-has-options-he-can-still-use-according-to-fox-news-report-2046458121477120491","0",""
"10172","2046501565591331000","2026-04-21T08:10:02.000Z","Iranian media says no delegations have left for Pakistan, amid expected peace talks with the United States, at this point.","iranian-media-says-no-delegations-have-left-for-pakistan-amid-expected-peace-talks-with-the-united-states-at-this-point-2046501565591331121","0",""
"10173","2046507136650555400","2026-04-21T08:40:02.000Z","Japan's government has removed restrictions on selling arms to other countries, opening the way for export of weapons such as warships and missiles. https://t.co/rnKKuCgq6H","japans-government-has-removed-restrictions-on-selling-arms-to-other-countries-opening-the-way-for-export-of-weapons-such-as-warships-and-missiles-httpstcornkkucgq6h-2046507136650555407","0","https://t.co/rnKKuCgq6H"
"10174","2046520125931876900","2026-04-21T09:30:04.000Z","Up to half of the 'nearly 1,000 drone attacks' that targeted Saudi Arabia originated from Iraq, and were launched by pro-Iranian militias, according to Wall Street Journal report.","up-to-half-of-the-nearly-1000-drone-attacks-that-targeted-saudi-arabia-originated-from-iraq-and-were-launched-by-pro-iranian-militias-according-to-wall-street-journal-report-2046520125931876845","0",""
"10175","2046546860916302300","2026-04-21T11:10:03.000Z","Only 12 ships crossed the Strait of Hormuz over past 24 hours, according to NBC News citing MarineTraffic data.","only-12-ships-crossed-the-strait-of-hormuz-over-past-24-hours-according-to-nbc-news-citing-marinetraffic-data-2046546860916302230","0",""
"10176","2046552118505750800","2026-04-21T11:40:03.000Z","Trump says Iran violated the ceasefire numerous times https://t.co/uYF38uWN47","trump-says-iran-violated-the-ceasefire-numerous-times-httpstcouyf38uwn47-2046552118505750791","0","https://t.co/uYF38uWN47"
"10188","2046791186942439400","2026-04-22T03:30:03.000Z","US Secretary of Defense says that members of the military will no longer need to get the flu shot.","us-secretary-of-defense-says-that-members-of-the-military-will-no-longer-need-to-get-the-flu-shot-2046791186942439535","0",""
"10189","2046797408009609200","2026-04-22T03:50:02.000Z","Trump says that Iran is 'collapsing financially' https://t.co/bLOnTJQASd","trump-says-that-iran-is-collapsing-financially-httpstcoblontjqasd-2046797408009609279","0","https://t.co/bLOnTJQASd"
"10190","2046816905638580200","2026-04-22T05:10:02.000Z","UK maritime monitor says that an Iranian Revolutionary Guards gun-boat fired on a commercial vessel in the Strait of Hormuz.","uk-maritime-monitor-says-that-an-iranian-revolutionary-guards-gun-boat-fired-on-a-commercial-vessel-in-the-strait-of-hormuz-2046816905638580267","0",""
"10191","2046894254304407800","2026-04-22T10:10:03.000Z","Iranian Revolutionary Guards say they have seized two vessels in the Strait of Hormuz .","iranian-revolutionary-guards-say-they-have-seized-two-vessels-in-the-strait-of-hormuz--2046894254304407778","0",""
"10192","2047056984684589000","2026-04-22T21:00:01.000Z","The Pentagon has told Congress it 'could take six months to fully clear the Strait of Hormuz of mines deployed by the Iranian military', according to Washington Post report.","the-pentagon-has-told-congress-it-could-take-six-months-to-fully-clear-the-strait-of-hormuz-of-mines-deployed-by-the-iranian-military-according-to-washington-post-report-2047056984684589106","0",""
"10194","2047055817808171500","2026-04-22T21:00:02.000Z","Tesla share price rises by 4% after beating expectations for earnings in Q1 2026.","tesla-share-price-rises-by-4-after-beating-expectations-for-earnings-in-q1-2026-2047055817808171408","0",""
"10193","2047056483083604200","2026-04-22T21:00:02.000Z","President Trump gave a deadline until Sunday for Iran to present a unified proposal, according to Israel's Channel 12.","president-trump-gave-a-deadline-until-sunday-for-iran-to-present-a-unified-proposal-according-to-israels-channel-12-2047056483083604122","0",""
"10195","2047060092395385000","2026-04-22T21:10:03.000Z","Oil prices up over 3% today amid attacks on vessels in the Strait of Hormuz.","oil-prices-up-over-3-today-amid-attacks-on-vessels-in-the-strait-of-hormuz-2047060092395384965","0",""
"10196","2047060661818266000","2026-04-22T21:20:01.000Z","Trump says that the blockade worries Iran more than bombing, according to Fox News report.","trump-says-that-the-blockade-worries-iran-more-than-bombing-according-to-fox-news-report-2047060661818266086","0",""
"10197","2047065898100593000","2026-04-22T21:40:02.000Z","US Secretary of the Navy John C. Phelan has stepped down. https://t.co/bo3vcEIQ0X","us-secretary-of-the-navy-john-c-phelan-has-stepped-down-httpstcobo3vceiq0x-2047065898100592908","0","https://t.co/bo3vcEIQ0X"
"10198","2047073900119642400","2026-04-22T22:10:02.000Z","Trump administration asked ​FIFA to replace Iran with Italy (which failed to qualify) at the upcoming ‌World Cup, according to Financial Times report.","trump-administration-asked-fifa-to-replace-iran-with-italy-which-failed-to-qualify-at-the-upcoming-world-cup-according-to-financial-times-report-2047073900119642299","0",""
"10199","2047077369614389800","2026-04-22T22:20:01.000Z","The US military has 'intercepted at least three Iranian-flagged tankers in ‌Asian waters', according to Reuters report.","the-us-military-has-intercepted-at-least-three-iranian-flagged-tankers-in-asian-waters-according-to-reuters-report-2047077369614389691","0",""
"10200","2047112880701817300","2026-04-23T00:40:02.000Z","Blasts heard across parts of Iran due to air defense exercises.","blasts-heard-across-parts-of-iran-due-to-air-defense-exercises-2047112880701817247","0",""
"10201","2047178674391396600","2026-04-23T05:10:02.000Z","🇰🇷 South Korea's economy grew by 1.7% in the first quarter of 2026, the fastest pace in five years.","-south-koreas-economy-grew-by-17-in-the-first-quarter-of-2026-the-fastest-pace-in-five-years-2047178674391396494","0",""
"10202","2047204769849344300","2026-04-23T06:50:02.000Z","Sales of electric vehicles in the European Union rose by 49% in March compared with a year prior. https://t.co/n1KtvjGzbI","sales-of-electric-vehicles-in-the-european-union-rose-by-49-in-march-compared-with-a-year-prior-httpstcon1ktvjgzbi-2047204769849344177","0","https://t.co/n1KtvjGzbI"
"10203","2047234402590368300","2026-04-23T08:50:02.000Z","Oil prices up 2% as US-Iran diplomatic efforts continue to stall.","oil-prices-up-2-as-us-iran-diplomatic-efforts-continue-to-stall-2047234402590368243","0",""
"10219","2048144226253414700","2026-04-25T21:00:03.000Z","New Israeli strikes on targets inside Lebanon.","new-israeli-strikes-on-targets-inside-lebanon-2048144226253414781","0",""
"10220","2048160052247470300","2026-04-25T22:00:03.000Z","Price increase since 1st of January, 2026.

Gasoline: +102%
Heating oil: +82%
Brent crude oil: +73%
Crude oil: +64%
European gas: +59%","price-increase-since-1st-of-january-2026-gasoline-102-heating-oil-82-brent-crude-oil-73-crude-oil-64-european-gas-59-2048160052247470280","0",""
"10221","2048162150619955700","2026-04-25T22:10:01.000Z","Germany's Chancellor Merz says the conflict between the US and Israel is a 'completely unnecessary war'. https://t.co/iEwVa9uHAN","germanys-chancellor-merz-says-the-conflict-between-the-us-and-israel-is-a-completely-unnecessary-war-httpstcoiewva9uhan-2048162150619955687","0","https://t.co/iEwVa9uHAN"
"10222","2048173896592228600","2026-04-25T23:00:03.000Z","Germany's Chancellor Merz says the conflict between the US and Iran is a 'completely unnecessary war'. https://t.co/5WiXB9YE0U","germanys-chancellor-merz-says-the-conflict-between-the-us-and-iran-is-a-completely-unnecessary-war-httpstco5wixb9ye0u-2048173896592228638","0","https://t.co/5WiXB9YE0U"
"10223","2048202757950354000","2026-04-26T00:50:02.000Z","BREAKING: Trump rushed off the stage during the White House Correspondents Dinner due to shooting, with suspect shot dead.","breaking-trump-rushed-off-the-stage-during-the-white-house-correspondents-dinner-due-to-shooting-with-suspect-shot-dead-2048202757950353836","0",""
"10224","2048203240597324000","2026-04-26T01:00:02.000Z","BREAKING: Suspected shooter has been killed in lobby of the White House Correspondents Dinner event","breaking-suspected-shooter-has-been-killed-in-lobby-of-the-white-house-correspondents-dinner-event-2048203240597324008","0",""
"10225","2048207311030899200","2026-04-26T01:10:02.000Z","Confirmation that Trump and JD Vance are safe and unharmed after shooting at White House Correspondents Dinner venue.","confirmation-that-trump-and-jd-vance-are-safe-and-unharmed-after-shooting-at-white-house-correspondents-dinner-venue-2048207311030899146","0",""
"10226","2048214977467887900","2026-04-26T01:40:02.000Z","Trump post about incident at White House Correspondents Dinner https://t.co/OpyFzog67N","trump-post-about-incident-at-white-house-correspondents-dinner-httpstcoopyfzog67n-2048214977467887936","0","https://t.co/OpyFzog67N"
"10227","2048218265294647300","2026-04-26T02:00:03.000Z","Suspect in White House Correspondents Dinner shooting is reportedly alive and in custody.","suspect-in-white-house-correspondents-dinner-shooting-is-reportedly-alive-and-in-custody-2048218265294647328","0",""
"10229","2048231293713043500","2026-04-26T02:50:01.000Z","Trump posts photo of suspect. https://t.co/K4vc7oJm0o","trump-posts-photo-of-suspect-httpstcok4vc7ojm0o-2048231293713043570","0","https://t.co/K4vc7oJm0o"
"10228","2048232255714427100","2026-04-26T02:50:01.000Z","Trump identifies shooter as Cole Thomas Allen, from California, who was armed with multiple weapons.","trump-identifies-shooter-as-cole-thomas-allen-from-california-who-was-armed-with-multiple-weapons-2048232255714427157","0",""
"10230","2048324982183498000","2026-04-26T09:00:03.000Z","Reuters reports that US-Iran talks are now at a 'standstill' and both sides are showing 'little willingness to soften their terms'.","reuters-reports-that-us-iran-talks-are-now-at-a-standstill-and-both-sides-are-showing-little-willingness-to-soften-their-terms-2048324982183498067","0",""
"10231","2048505660552396800","2026-04-26T21:00:02.000Z","Mali confirms its defense minister Sadio Camara has been assassinated.","mali-confirms-its-defense-minister-sadio-camara-has-been-assassinated-2048505660552396857","0",""
"10232","2048508040283079000","2026-04-26T21:10:03.000Z","6.1 magnitude earthquake near Hokkaido, Japan.","61-magnitude-earthquake-near-hokkaido-japan-2048508040283079009","0",""
"10233","2048514907902226700","2026-04-26T21:30:03.000Z","The chances of a US recession this year have fall down to 24%, according to @Kalshi prediction market. https://t.co/2AI7bqMbQx","the-chances-of-a-us-recession-this-year-have-fall-down-to-24-according-to-kalshi-prediction-market-httpstco2ai7bqmbqx-2048514907902226722","0","https://t.co/2AI7bqMbQx"
"10234","2048523835683823900","2026-04-26T22:10:03.000Z","Oil prices rise by over 2% in early trading.","oil-prices-rise-by-over-2-in-early-trading-2048523835683823839","0",""
"10235","2048609286235071000","2026-04-27T03:50:02.000Z","Iran has made a new proposal to the United States, according to Axios report.","iran-has-made-a-new-proposal-to-the-united-states-according-to-axios-report-2048609286235070857","0",""
"10236","2048662702764311000","2026-04-27T07:20:02.000Z","Pakistani official says that messages are continuing to be exchanged between the US and Iran.","pakistani-official-says-that-messages-are-continuing-to-be-exchanged-between-the-us-and-iran-2048662702764310995","0",""
"10237","2048684244587999500","2026-04-27T08:50:03.000Z","Germany's consumer confidence has hit the lowest in over three years.","germanys-consumer-confidence-has-hit-the-lowest-in-over-three-years-2048684244587999531","0",""
"10238","2048686230700011800","2026-04-27T09:00:02.000Z","Brent crude oil price up over 2.5%, hits $108.","brent-crude-oil-price-up-over-25-hits-108-2048686230700011678","0",""
"10239","2048711936595128300","2026-04-27T10:40:01.000Z","China has blocked Meta's $2 billion purchase of AI firm Manus.","china-has-blocked-metas-2-billion-purchase-of-ai-firm-manus-2048711936595128448","0",""
"10240","2048728352878727400","2026-04-27T11:40:02.000Z","Israel says it has launched a wave of strikes on Hezbollah targets in Lebanon.","israel-says-it-has-launched-a-wave-of-strikes-on-hezbollah-targets-in-lebanon-2048728352878727391","0",""
"10241","2048866726910271500","2026-04-27T20:50:02.000Z","NVIDIA market value

Three years ago: $0.69 trillion

Now: $5.26 trillion https://t.co/3WmpFGSluw","nvidia-market-value-three-years-ago-069-trillion-now-526-trillion-httpstco3wmpfgsluw-2048866726910271611","0","https://t.co/3WmpFGSluw"
"10242","2048868903233986600","2026-04-27T21:00:01.000Z","King Charles and Queen Camilla have arrived to the White House. https://t.co/3qFHjmdEhk","king-charles-and-queen-camilla-have-arrived-to-the-white-house-httpstco3qfhjmdehk-2048868903233986571","0","https://t.co/3qFHjmdEhk"
"10243","2048870142474629000","2026-04-27T21:10:02.000Z","Price of Brent crude oil

One week ago: $93.8

Now: $108.2","price-of-brent-crude-oil-one-week-ago-938-now-1082-2048870142474629148","0",""
"10245","2048888064337215700","2026-04-27T22:20:01.000Z","Germany's Chancellor Friedrich Merz says that the United States is being 'humiliated' by the leadership of Iran.","germanys-chancellor-friedrich-merz-says-that-the-united-states-is-being-humiliated-by-the-leadership-of-iran-2048888064337215659","0",""
"10244","2048888702747955200","2026-04-27T22:20:01.000Z","Trump is skeptical regarding Iran's recent offer to open the Strait of Hormuz, according to Wall Street Journal report.","trump-is-skeptical-regarding-irans-recent-offer-to-open-the-strait-of-hormuz-according-to-wall-street-journal-report-2048888702747955326","0",""
"10246","2048905533709775400","2026-04-27T23:30:02.000Z","US Treasury Secretary says Iranian Revolutionary Guards leaders are 'trapped like drowning rats' and that 'gasoline shortages in Iran next!'","us-treasury-secretary-says-iranian-revolutionary-guards-leaders-are-trapped-like-drowning-rats-and-that-gasoline-shortages-in-iran-next-2048905533709775274","0",""
"10247","2048909979219100200","2026-04-27T23:40:02.000Z","US Secretary of State Marco Rubio says the Strait of Hormuz is like an 'economic nuclear weapon' that Iran is using against the world.","us-secretary-of-state-marco-rubio-says-the-strait-of-hormuz-is-like-an-economic-nuclear-weapon-that-iran-is-using-against-the-world-2048909979219100070","0",""
"10248","2048922595920429000","2026-04-28T00:30:02.000Z","US Secretary of State Marco Rubio says Israel and Lebanon are both 'victims of Hezbollah'.","us-secretary-of-state-marco-rubio-says-israel-and-lebanon-are-both-victims-of-hezbollah-2048922595920429176","0",""
"10249","2048945758708351200","2026-04-28T02:10:02.000Z","Oil prices rise by 1%, with US crude oil trading at $97.5 and Brent crude oil at $109.5.","oil-prices-rise-by-1-with-us-crude-oil-trading-at-975-and-brent-crude-oil-at-1095-2048945758708351345","0",""
"10251","2049016628051063300","2026-04-28T06:50:02.000Z","Brent crude oil up 2%, now trading at $110.","brent-crude-oil-up-2-now-trading-at-110-2049016628051063258","0",""
"10250","2049018274453524700","2026-04-28T06:50:02.000Z","Price of Brent crude oil

One week ago: $93.8

Now: $110.7","price-of-brent-crude-oil-one-week-ago-938-now-1107-2049018274453524863","0",""
"10252","2049020841808261400","2026-04-28T07:10:02.000Z","Iranian oil tankers are 'clustering' just short of the US blockade line, according to Bloomberg report.","iranian-oil-tankers-are-clustering-just-short-of-the-us-blockade-line-according-to-bloomberg-report-2049020841808261489","0",""
"10253","2049028807911412000","2026-04-28T07:40:02.000Z","Ukrainian drone attack strikes Russia's Tuapse oil refinery and export depot.","ukrainian-drone-attack-strikes-russias-tuapse-oil-refinery-and-export-depot-2049028807911411898","0",""
"10254","2049051715102703900","2026-04-28T09:10:02.000Z","US crude oil price up over 3%, now trading at $99.5.","us-crude-oil-price-up-over-3-now-trading-at-995-2049051715102703874","0",""
"10256","2049056266337792300","2026-04-28T09:30:02.000Z","First shipment of liquified natural gas has crossed the Strait of Hormuz since the war began, according to Bloomberg report.","first-shipment-of-liquified-natural-gas-has-crossed-the-strait-of-hormuz-since-the-war-began-according-to-bloomberg-report-2049056266337792134","0",""
"10255","2049057431834276400","2026-04-28T09:30:02.000Z","Israeli military issues evacuation orders to the residents of 16 villages in southern Lebanon.","israeli-military-issues-evacuation-orders-to-the-residents-of-16-villages-in-southern-lebanon-2049057431834276319","0",""
"10257","2049086301413233200","2026-04-28T11:30:02.000Z","BREAKING: US crude oil up over 4.5%, now trading at $101.","breaking-us-crude-oil-up-over-45-now-trading-at-101-2049086301413233098","0",""
"10259","2049223433792438800","2026-04-28T20:30:03.000Z","White House post with the caption 'Two Kings'. https://t.co/SLKjwJJKAB","white-house-post-with-the-caption-two-kings-httpstcoslkjwjjkab-2049223433792438671","0","https://t.co/SLKjwJJKAB"
"10258","2049224521530712300","2026-04-28T20:30:03.000Z","The share price of Robinhood has fallen by over 7% after it released its earnings report. https://t.co/NxbpjnjVyB","the-share-price-of-robinhood-has-fallen-by-over-7-after-it-released-its-earnings-report-httpstconxbpjnjvyb-2049224521530712300","0","https://t.co/NxbpjnjVyB"
"10260","2049225462094987500","2026-04-28T20:40:01.000Z","BREAKING: Arrest warrant has been issued for the former Director of the FBI James Comey","breaking-arrest-warrant-has-been-issued-for-the-former-director-of-the-fbi-james-comey-2049225462094987447","0",""
"10261","2049227278132056300","2026-04-28T20:50:03.000Z","Trump's approval rating has fallen to 34%, the lowest of his second term, according to Reuters/Ipsos poll.","trumps-approval-rating-has-fallen-to-34-the-lowest-of-his-second-term-according-to-reutersipsos-poll-2049227278132056325","0",""
"10262","2049230536909181200","2026-04-28T21:00:02.000Z","New version of US passports will feature a photo of President Trump inside, according to Washington Post.","new-version-of-us-passports-will-feature-a-photo-of-president-trump-inside-according-to-washington-post-2049230536909181083","0",""
"10263","2049262389674340900","2026-04-28T23:10:01.000Z","Resolution to prevent President Trump from launching strikes on Cuba has been rejected in the US Senate.","resolution-to-prevent-president-trump-from-launching-strikes-on-cuba-has-been-rejected-in-the-us-senate-2049262389674340805","0",""
"10264","2049298351599080000","2026-04-29T01:30:03.000Z","President Trump is comfortable with an indefinite blockade of Iranian ports, according to Wall Street Journal report.","president-trump-is-comfortable-with-an-indefinite-blockade-of-iranian-ports-according-to-wall-street-journal-report-2049298351599079808","0",""
"10265","2049334794010656800","2026-04-29T03:50:02.000Z","UK ambassador to the United States says that Washington's 'special relationship' is 'probably' with Israel, rather than with the UK, according to leaked comments.","uk-ambassador-to-the-united-states-says-that-washingtons-special-relationship-is-probably-with-israel-rather-than-with-the-uk-according-to-leaked-comments-2049334794010656786","0",""
"10266","2049403522308100400","2026-04-29T08:30:03.000Z","Trump post about Iran. https://t.co/9OUUeH9VK5","trump-post-about-iran-httpstco9ouueh9vk5-2049403522308100404","0","https://t.co/9OUUeH9VK5"
"10267","2049410965784162300","2026-04-29T09:00:02.000Z","BREAKING: Brent crude oil hits $115, the highest since 2022.","breaking-brent-crude-oil-hits-115-the-highest-since-2022-2049410965784162394","0",""
"10268","2049419063932452900","2026-04-29T09:30:02.000Z","UK 10-year government bond yields surge to above 5%, the highest since 2008.","uk-10-year-government-bond-yields-surge-to-above-5-the-highest-since-2008-2049419063932452901","0",""
"10269","2049428079559500300","2026-04-29T10:00:03.000Z","Iran's rial has hit a new record low against the US Dollar.","irans-rial-has-hit-a-new-record-low-against-the-us-dollar-2049428079559500269","0",""
"10284","2049935556034138400","2026-04-30T19:40:03.000Z","Trump says he 'probably will' withdraw US troops out of Italy and Spain.","trump-says-he-probably-will-withdraw-us-troops-out-of-italy-and-spain-2049935556034138306","0",""
"10285","2049938133970784300","2026-04-30T19:50:04.000Z","Alphabet share price has surged by over 9% so far today and added over $400 billion in market value. https://t.co/8lmQO5negu","alphabet-share-price-has-surged-by-over-9-so-far-today-and-added-over-400-billion-in-market-value-httpstco8lmqo5negu-2049938133970784259","0","https://t.co/8lmQO5negu"
"10286","2049939961680638500","2026-04-30T20:00:02.000Z","The 'true price tag' of the Iran war is 'closer to $50 billion' according to US officials in CBS News report.","the-true-price-tag-of-the-iran-war-is-closer-to-50-billion-according-to-us-officials-in-cbs-news-report-2049939961680638361","0",""
"10287","2049943901143016000","2026-04-30T20:10:02.000Z","US share market records best month since 2020 as S&amp;P 500 closes at record high.","us-share-market-records-best-month-since-2020-as-sampp-500-closes-at-record-high-2049943901143015857","0",""
"10289","2049945577430077400","2026-04-30T20:20:03.000Z","The UAE has called on its citizens to depart Iran, Iraq and Lebanon immediately.","the-uae-has-called-on-its-citizens-to-depart-iran-iraq-and-lebanon-immediately-2049945577430077494","0",""
"10288","2049946542589743400","2026-04-30T20:20:03.000Z","Trump says that the blockade on Iran has been '100% effective'.","trump-says-that-the-blockade-on-iran-has-been-100-effective-2049946542589743366","0",""
"10290","2049947340707094800","2026-04-30T20:30:01.000Z","Iranian media reports that air defenses are activated and engaging reconnaissance drones in Iranian airspace.","iranian-media-reports-that-air-defenses-are-activated-and-engaging-reconnaissance-drones-in-iranian-airspace-2049947340707094657","0",""
"10292","2049950735455183000","2026-04-30T20:40:02.000Z","Israel sent 'sophisticated weapons systems - including an advanced laser' to the UAE to help defend it during Iranian missile and drone attacks, according to Financial Times report.","israel-sent-sophisticated-weapons-systems-including-an-advanced-laser-to-the-uae-to-help-defend-it-during-iranian-missile-and-drone-attacks-according-to-financial-times-report-2049950735455183221","0",""
"10291","2049950874559303700","2026-04-30T20:40:02.000Z","Apple beats expectations and reports $111 billion in revenue in the first quarter of 2026.","apple-beats-expectations-and-reports-111-billion-in-revenue-in-the-first-quarter-of-2026-2049950874559303687","0",""
"10293","2050155254487093200","2026-05-01T10:10:03.000Z","Japan spent around $34.5 billion yesterday in currency intervention to prop up the Yen, according to Bloomberg report.","japan-spent-around-345-billion-yesterday-in-currency-intervention-to-prop-up-the-yen-according-to-bloomberg-report-2050155254487093266","0",""
"10294","2050193466047771000","2026-05-01T12:40:02.000Z","Iranian media reports that Iran has sent latest proposal to the United States via Pakistani mediators.","iranian-media-reports-that-iran-has-sent-latest-proposal-to-the-united-states-via-pakistani-mediators-2050193466047770903","0",""
"10295","2050317566871208200","2026-05-01T21:00:02.000Z","Trump says regarding Iran, 'we will not leave early and have the problem arise again. We will get this thing done properly'.","trump-says-regarding-iran-we-will-not-leave-early-and-have-the-problem-arise-again-we-will-get-this-thing-done-properly-2050317566871208122","0",""
"10296","2050316875121500400","2026-05-01T21:00:03.000Z","The S&amp;P 500 closes at new record high, has added over $8 trillion in market value over past month.","the-sampp-500-closes-at-new-record-high-has-added-over-8-trillion-in-market-value-over-past-month-2050316875121500380","0",""
"10298","2050327967864324600","2026-05-01T21:40:04.000Z","BREAKING: US is set to order withdrawal of 5,000 troops from Germany","breaking-us-is-set-to-order-withdrawal-of-5000-troops-from-germany-2050327967864324565","0",""
"10297","2050328952871469600","2026-05-01T21:40:04.000Z","GameStop is preparing an offer to buy eBay, according to Wall Street Journal report. https://t.co/g0sAzas896","gamestop-is-preparing-an-offer-to-buy-ebay-according-to-wall-street-journal-report-httpstcog0sazas896-2050328952871469455","0","https://t.co/g0sAzas896"
"10299","2050350772580446500","2026-05-01T23:10:02.000Z","US State Department approves military sales to Israel, Qatar, Kuwait and the UAE totaling over $8.6 billion.","us-state-department-approves-military-sales-to-israel-qatar-kuwait-and-the-uae-totaling-over-86-billion-2050350772580446379","0",""
"10300","2050371789344461000","2026-05-02T00:30:03.000Z","Trump says that the US will be taking over Cuba 'almost immediately'.","trump-says-that-the-us-will-be-taking-over-cuba-almost-immediately-2050371789344460956","0",""
"10301","2050457687708828000","2026-05-02T06:10:02.000Z","BREAKING: Spirit Airlines will shut down permanently at 3 am ET","breaking-spirit-airlines-will-shut-down-permanently-at-3-am-et-2050457687708827894","0",""
"10302","2050477305659867600","2026-05-02T07:30:04.000Z","BREAKING: Spirit Airlines has shut down","breaking-spirit-airlines-has-shut-down-2050477305659867569","0",""
"10303","2050684278175089000","2026-05-02T21:20:02.000Z","Iranian media reports that Tehran has sent the US a plan to end war on 'all fronts'.","iranian-media-reports-that-tehran-has-sent-the-us-a-plan-to-end-war-on-all-fronts-2050684278175088846","0",""
"10304","2050687233469145600","2026-05-02T21:30:03.000Z","Price increase since 1st of January, 2026.

Gasoline: +110%
Heating oil: +86%
Brent crude oil: +77%
Crude oil: +77%
European gas: +62%","price-increase-since-1st-of-january-2026-gasoline-110-heating-oil-86-brent-crude-oil-77-crude-oil-77-european-gas-62-2050687233469145529","0",""
"10305","2050705077925806600","2026-05-02T22:40:02.000Z","Trump says there is a 'possibility' of resuming strikes against Iran.","trump-says-there-is-a-possibility-of-resuming-strikes-against-iran-2050705077925806509","0",""
"10306","2050741371158577400","2026-05-03T01:00:01.000Z","Iranian proposal 'set a one-month deadline for negotiations on a deal to reopen the Strait of Hormuz, end the U.S. naval blockade and permanently end the war in Iran and in Lebanon', according to Axios report.","iranian-proposal-set-a-one-month-deadline-for-negotiations-on-a-deal-to-reopen-the-strait-of-hormuz-end-the-us-naval-blockade-and-permanently-end-the-war-in-iran-and-in-lebanon-according-to-axios-report-2050741371158577470","0",""
"10307","2050851489397326000","2026-05-03T08:20:03.000Z","Israel's defense ministry says it has approved plan to purchase new F-35 and F-15 fighter jets from the United States. https://t.co/YH82VIvbJv","israels-defense-ministry-says-it-has-approved-plan-to-purchase-new-f-35-and-f-15-fighter-jets-from-the-united-states-httpstcoyh82vivbjv-2050851489397326165","0","https://t.co/YH82VIvbJv"
"10308","2050889672021487900","2026-05-03T10:50:03.000Z","China's government debt as share of GDP.

2005: 25%

2025: 99% https://t.co/QrhPvd86w6","chinas-government-debt-as-share-of-gdp-2005-25-2025-99-httpstcoqrhpvd86w6-2050889672021487806","0","https://t.co/QrhPvd86w6"
"10309","2051040968464626000","2026-05-03T20:50:02.000Z","Trump post about escorting ships through Strait of Hormuz https://t.co/97AloUxBUq","trump-post-about-escorting-ships-through-strait-of-hormuz-httpstco97alouxbuq-2051040968464625838","0","https://t.co/97AloUxBUq"
"10310","2051044655895396900","2026-05-03T21:10:04.000Z","Israeli officials tell Channel 14 that resuming fighting against Iran is a 'necessity' and a question of 'when'.","israeli-officials-tell-channel-14-that-resuming-fighting-against-iran-is-a-necessity-and-a-question-of-when-2051044655895396756","0",""
"10311","2051059093692178700","2026-05-03T22:00:03.000Z","The Democratic Party now has a 80% chance of winning the US House of Representatives, according to prediction market @Kalshi. https://t.co/UqibNmx7Uo","the-democratic-party-now-has-a-80-chance-of-winning-the-us-house-of-representatives-according-to-prediction-market-kalshi-httpstcouqibnmx7uo-2051059093692178779","0","https://t.co/UqibNmx7Uo"
"10312","2051064997233734000","2026-05-03T22:30:03.000Z","Sirens sound in northern Israel, air defenses activated.","sirens-sound-in-northern-israel-air-defenses-activated-2051064997233733938","0",""
"10313","2051081422941938000","2026-05-03T23:30:02.000Z","GameStop is set to make an offer to buy eBay for $56 billion, according to Wall Street Journal report.","gamestop-is-set-to-make-an-offer-to-buy-ebay-for-56-billion-according-to-wall-street-journal-report-2051081422941937830","0",""
"10314","2051136750131749400","2026-05-04T03:10:04.000Z","Mass shooting at campground in Edmond, Oklahoma, with reports at least 15 people are wounded.","mass-shooting-at-campground-in-edmond-oklahoma-with-reports-at-least-15-people-are-wounded-2051136750131749352","0",""
"10315","2051161852680495400","2026-05-04T04:50:01.000Z","Police say at least 10 people taken to hospital after shooting at campground in Edmond, Oklahoma.","police-say-at-least-10-people-taken-to-hospital-after-shooting-at-campground-in-edmond-oklahoma-2051161852680495261","0",""
"10316","2051224710319595800","2026-05-04T09:00:02.000Z","Iran says it is ready to 'respond to US threats' in the Strait of Hormuz and says that 'shipping companies well know that ensuring their security requires coordination' with Iranian authorities.","iran-says-it-is-ready-to-respond-to-us-threats-in-the-strait-of-hormuz-and-says-that-shipping-companies-well-know-that-ensuring-their-security-requires-coordination-with-iranian-authorities-2051224710319595808","0",""
"10318","2051225417550623200","2026-05-04T09:20:03.000Z","Turkey's annual inflation rate has risen to 32.37% in April, the highest rate in six months.","turkeys-annual-inflation-rate-has-risen-to-3237-in-april-the-highest-rate-in-six-months-2051225417550623200","0",""
"10317","2051227920065261800","2026-05-04T09:20:03.000Z","The family behind Samsung has completed its payment of an $8 billion inheritance tax bill, the biggest in South Korea's history, after the death of its late chairman Lee Kun-hee, who died in 2020. https://t.co/fgl5Uo5wyT","the-family-behind-samsung-has-completed-its-payment-of-an-8-billion-inheritance-tax-bill-the-biggest-in-south-koreas-history-after-the-death-of-its-late-chairman-lee-kun-hee-who-died-in-2020-httpstcofgl5uo5wyt-2051227920065261937","0","https://t.co/fgl5Uo5wyT"
"10319","2051246183486775800","2026-05-04T10:40:02.000Z","Iranian media claims two missiles were fired at a US Navy vessel that was trying to pass through the Strait of Hormuz.","iranian-media-claims-two-missiles-were-fired-at-a-us-navy-vessel-that-was-trying-to-pass-through-the-strait-of-hormuz-2051246183486775763","0",""
"10320","2051252847648665600","2026-05-04T10:50:02.000Z","US official denies Iranian claims that a warship was struck by Iranian missiles, according to Axios report.","us-official-denies-iranian-claims-that-a-warship-was-struck-by-iranian-missiles-according-to-axios-report-2051252847648665605","0",""
"10321","2051263425955905800","2026-05-04T11:40:04.000Z","Oil tanker has been struck by two Iranian drones off the coast of Oman.","oil-tanker-has-been-struck-by-two-iranian-drones-off-the-coast-of-oman-2051263425955905818","0",""
"10322","2051276367627719200","2026-05-04T12:30:02.000Z","US military says that two US-flagged merchant vessels have 'successfully transited through the Strait of Hormuz'.","us-military-says-that-two-us-flagged-merchant-vessels-have-successfully-transited-through-the-strait-of-hormuz-2051276367627719078","0",""
"10323","2051403236578627800","2026-05-04T20:50:02.000Z","UAE says it shot down 15 missiles and 4 drones fired from Iran today.","uae-says-it-shot-down-15-missiles-and-4-drones-fired-from-iran-today-2051403236578627835","0",""
"10324","2051407933389541600","2026-05-04T21:10:01.000Z","Saudi Arabia says it condemns in 'strongest terms' Iranian attacks on the UAE.","saudi-arabia-says-it-condemns-in-strongest-terms-iranian-attacks-on-the-uae-2051407933389541550","0",""
"10325","2051407054880051500","2026-05-04T21:10:02.000Z","Israeli Hayom reports the US and Israel are considering strikes on Iranian missile and energy facilities in retaliation over Iranian attack on the UAE.","israeli-hayom-reports-the-us-and-israel-are-considering-strikes-on-iranian-missile-and-energy-facilities-in-retaliation-over-iranian-attack-on-the-uae-2051407054880051390","0",""
"10326","2051413632224039000","2026-05-04T21:30:03.000Z","Brent crude oil price up 5%, trading at $113.","brent-crude-oil-price-up-5-trading-at-113-2051413632224039005","0",""
"10327","2051415440698814700","2026-05-04T21:40:03.000Z","Reuters reports that US intelligence assess that 'the time Iran would ​need to build a nuclear weapon has not changed since last summer'.","reuters-reports-that-us-intelligence-assess-that-the-time-iran-would-need-to-build-a-nuclear-weapon-has-not-changed-since-last-summer-2051415440698814675","0",""
"10328","2051424270107246600","2026-05-04T22:20:02.000Z","Iran's foreign minister says, 'there is no military solution to a political crisis' and says Trump's 'Project Freedom is Project Deadlock'.","irans-foreign-minister-says-there-is-no-military-solution-to-a-political-crisis-and-says-trumps-project-freedom-is-project-deadlock-2051424270107246614","0",""
"10329","2051488697967952100","2026-05-05T02:30:02.000Z","21 people killed in fireworks factory explosion in China.","21-people-killed-in-fireworks-factory-explosion-in-china-2051488697967952037","0",""
"10330","2051504998606054000","2026-05-05T03:40:02.000Z","Philippines annual inflation rises to 7.2%, the highest in over three years.","philippines-annual-inflation-rises-to-72-the-highest-in-over-three-years-2051504998606053846","0",""
"10331","2051531279058031000","2026-05-05T05:20:02.000Z","🇮🇩 Indonesia reports annual GDP growth of 5.61% in first quarter of 2026, the fastest rate since 2022.","-indonesia-reports-annual-gdp-growth-of-561-in-first-quarter-of-2026-the-fastest-rate-since-2022-2051531279058030993","0",""
"10332","2051538323064357400","2026-05-05T05:50:01.000Z","Several commercial ships in Iranian port of Dayyer are on fire, the cause is not yet known.","several-commercial-ships-in-iranian-port-of-dayyer-are-on-fire-the-cause-is-not-yet-known-2051538323064357351","0",""
"10333","2051610169071870500","2026-05-05T10:30:02.000Z","Shipping executives have been 'left confused' over US plans to guide ships through Strait of Hormuz, according to Financial Times report.","shipping-executives-have-been-left-confused-over-us-plans-to-guide-ships-through-strait-of-hormuz-according-to-financial-times-report-2051610169071870427","0",""
"10334","2051623221741695200","2026-05-05T11:30:03.000Z","CNN reports that Israel is discussing potential new strikes in Iran with the United States.","cnn-reports-that-israel-is-discussing-potential-new-strikes-in-iran-with-the-united-states-2051623221741695204","0",""
"10336","2051635080804839700","2026-05-05T12:20:02.000Z","US Defense Secretary Pete Hegseth says Iran has been harassing ships for too long in the Strait of Hormuz","us-defense-secretary-pete-hegseth-says-iran-has-been-harassing-ships-for-too-long-in-the-strait-of-hormuz-2051635080804839594","0",""
"10335","2051635710453793000","2026-05-05T12:20:02.000Z","US Defense Secretary Pete Hegseth says Iran has no control over the Strait of Hormuz","us-defense-secretary-pete-hegseth-says-iran-has-no-control-over-the-strait-of-hormuz-2051635710453792982","0",""
"10337","2051778293662409000","2026-05-05T21:40:02.000Z","Around 1,600 ships remained stranded in the Strait of Hormuz, according to New York Times report.","around-1600-ships-remained-stranded-in-the-strait-of-hormuz-according-to-new-york-times-report-2051778293662408927","0",""
"10338","2051783817179070700","2026-05-05T22:00:02.000Z","AMD share price has now surged by over 11.5% after announcing results. https://t.co/AP0krouc3f","amd-share-price-has-now-surged-by-over-115-after-announcing-results-httpstcoap0krouc3f-2051783817179070645","0","https://t.co/AP0krouc3f"
"10339","2051782163188887600","2026-05-05T22:00:03.000Z","JD Vance leads chances of winning the 2028 Presidential Election with 19%, followed by Gavin Newsom at 17% and Marco Rubio at 16%, according to @Kalshi prediction market. https://t.co/Rgq2X8meZq","jd-vance-leads-chances-of-winning-the-2028-presidential-election-with-19-followed-by-gavin-newsom-at-17-and-marco-rubio-at-16-according-to-kalshi-prediction-market-httpstcorgq2x8mezq-2051782163188887590","0","https://t.co/Rgq2X8meZq"
"10340","2051819497435304200","2026-05-06T00:30:02.000Z","Vivek Ramaswamy has won the Republican primary for Governor of Ohio. https://t.co/DcYIeApyZW","vivek-ramaswamy-has-won-the-republican-primary-for-governor-of-ohio-httpstcodcyieapyzw-2051819497435304317","0","https://t.co/DcYIeApyZW"
"10341","2051971349003022600","2026-05-06T10:30:02.000Z","United States and Iran are closing in on agreement on a 'one-page memorandum to end the war in the Gulf', according to Reuters report.","united-states-and-iran-are-closing-in-on-agreement-on-a-one-page-memorandum-to-end-the-war-in-the-gulf-according-to-reuters-report-2051971349003022520","0",""
"10343","2051976478292910600","2026-05-06T10:50:02.000Z","WTI plunges over 10% on US-Iran deal hopes

https://t.co/F1CciUjDom","wti-plunges-over-10-on-us-iran-deal-hopes-httpstcof1cciujdom-2051976478292910492","0","https://t.co/F1CciUjDom"
"10342","2051975536977850600","2026-05-06T10:50:02.000Z","BREAKING: US crude oil price plunges by over 10% on reports of advanced talks between US and Iran.","breaking-us-crude-oil-price-plunges-by-over-10-on-reports-of-advanced-talks-between-us-and-iran-2051975536977850650","0",""
"10345","2051979742115713000","2026-05-06T11:00:03.000Z","US crude oil price is now down by over 12%. 

Brent crude is down over 10%.","us-crude-oil-price-is-now-down-by-over-12-brent-crude-is-down-over-10-2051979742115713068","0",""
"10344","2051980162234032400","2026-05-06T11:00:03.000Z","BREAKING: Iranian media reports that the Iranian Revolutionary Guards is saying safe passage through the Strait of Hormuz will be ensured","breaking-iranian-media-reports-that-the-iranian-revolutionary-guards-is-saying-safe-passage-through-the-strait-of-hormuz-will-be-ensured-2051980162234032279","0",""
"10346","2051992197869035800","2026-05-06T11:50:02.000Z","Trump post about progress with Iran. https://t.co/Sv9RVARad5","trump-post-about-progress-with-iran-httpstcosv9rvarad5-2051992197869035723","0","https://t.co/Sv9RVARad5"
"10376","2052859212854940000","2026-05-08T21:20:03.000Z","Apple and Intel have reached an agreement for Intel to produce some of the chips needed for Apple devices, according to Wall Street Journal report. https://t.co/1AMICg7xIe","apple-and-intel-have-reached-an-agreement-for-intel-to-produce-some-of-the-chips-needed-for-apple-devices-according-to-wall-street-journal-report-httpstco1amicg7xie-2052859212854939819","0","https://t.co/1AMICg7xIe"
"10375","2052860498396508400","2026-05-08T21:20:03.000Z","Adviser to Iranian Supreme Leader says control of Strait of Hormuz 'represents an opportunity as precious as an atomic bomb'.","adviser-to-iranian-supreme-leader-says-control-of-strait-of-hormuz-represents-an-opportunity-as-precious-as-an-atomic-bomb-2052860498396508433","0",""
"10377","2052870633353359400","2026-05-08T22:00:03.000Z","World Health Organization says number of confirmed Hantavirus cases have reached six, with another two cases probable.","world-health-organization-says-number-of-confirmed-hantavirus-cases-have-reached-six-with-another-two-cases-probable-2052870633353359393","0",""
"10378","2052879684657107500","2026-05-08T22:40:02.000Z","CIA assessment is that that Iran would ‌'not suffer severe economic pressure from a U.S. blockade of Iranian ports for about another four months', according to Reuters report.","cia-assessment-is-that-that-iran-would-not-suffer-severe-economic-pressure-from-a-us-blockade-of-iranian-ports-for-about-another-four-months-according-to-reuters-report-2052879684657107437","0",""
"10379","2052905929633632800","2026-05-09T00:20:02.000Z","BREAKING: Massive oil spill, estimated in the tens of thousands of barrels of oil, reported off Iran's Kharg Island.","breaking-massive-oil-spill-estimated-in-the-tens-of-thousands-of-barrels-of-oil-reported-off-irans-kharg-island-2052905929633632718","0",""
"10380","2052946524402073900","2026-05-09T03:00:03.000Z","Price increase since 1st of January, 2026.

Gasoline: +103%
Heating oil: +84%
Brent crude oil: +66%
Crude oil: +66%
European gas: +56%
Coal: +23%","price-increase-since-1st-of-january-2026-gasoline-103-heating-oil-84-brent-crude-oil-66-crude-oil-66-european-gas-56-coal-23-2052946524402073898","0",""
"10381","2052953465513800000","2026-05-09T03:30:03.000Z","A shortage of Diet Coke in India is being linked to disruptions to aluminium exports from the Gulf region due to the Iran war, according to Yahoo Finance report. https://t.co/Ke1nxDCeR0","a-shortage-of-diet-coke-in-india-is-being-linked-to-disruptions-to-aluminium-exports-from-the-gulf-region-due-to-the-iran-war-according-to-yahoo-finance-report-httpstcoke1nxdcer0-2052953465513799866","0","https://t.co/Ke1nxDCeR0"
"10382","2053037017869775000","2026-05-09T09:00:02.000Z","Bahrain announces it has uncovered a spying network linked to the Iranian Revolutionary Guards.","bahrain-announces-it-has-uncovered-a-spying-network-linked-to-the-iranian-revolutionary-guards-2053037017869775045","0",""
"10383","2053212008368234800","2026-05-09T20:40:03.000Z","BREAKING: Iranian state media  calls for taking control of the undersea cables in the Strait of Hormuz and charging fees","breaking-iranian-state-media-calls-for-taking-control-of-the-undersea-cables-in-the-strait-of-hormuz-and-charging-fees-2053212008368234764","0",""
"10384","2053219726932017200","2026-05-09T21:10:03.000Z","The UK is deploying the warship HMS Dragon in preparation for effort to secure shipping in Strait of Hormuz 'when conditions allow'. https://t.co/1mts7yYRzm","the-uk-is-deploying-the-warship-hms-dragon-in-preparation-for-effort-to-secure-shipping-in-strait-of-hormuz-when-conditions-allow-httpstco1mts7yyrzm-2053219726932017164","0","https://t.co/1mts7yYRzm"
"10385","2053221253348245500","2026-05-09T21:20:03.000Z","Brent crude oil price

Six months ago: $62

Now: $101","brent-crude-oil-price-six-months-ago-62-now-101-2053221253348245546","0",""
"10386","2053223601990668800","2026-05-09T21:30:02.000Z","Iranian Revolutionary Guards say missiles and drones are locked onto US targets and 'awaiting orders'.","iranian-revolutionary-guards-say-missiles-and-drones-are-locked-onto-us-targets-and-awaiting-orders-2053223601990668723","0",""
"10387","2053327465125458400","2026-05-10T04:30:02.000Z","Israel set up a 'clandestine military outpost in the Iraqi desert' which was used to 'support its air campaign against Iran', according to Wall Street Journal report.","israel-set-up-a-clandestine-military-outpost-in-the-iraqi-desert-which-was-used-to-support-its-air-campaign-against-iran-according-to-wall-street-journal-report-2053327465125458386","0",""
"10388","2053354271496921300","2026-05-10T06:00:04.000Z","Saudi Aramco reports revenue of $115 billion in first quarter of 2026. https://t.co/NtTrfbcyw0","saudi-aramco-reports-revenue-of-115-billion-in-first-quarter-of-2026-httpstconttrfbcyw0-2053354271496921347","0","https://t.co/NtTrfbcyw0"
"10390","2053389066947928300","2026-05-10T08:30:04.000Z","Price increase since 1st of January, 2026.

Sulfur: +90%
Urea: +59%
Bitumen: +40%
Cotton: +31%
Rubber: +23%
Rice: +23%
Wool: +22%
Wheat: +20%
Palm oil: +12%","price-increase-since-1st-of-january-2026-sulfur-90-urea-59-bitumen-40-cotton-31-rubber-23-rice-23-wool-22-wheat-20-palm-oil-12-2053389066947928204","0",""
"10389","2053391496922210600","2026-05-10T08:30:04.000Z","North Korea has updated its constitution to require a retaliatory nuclear strike if leader Kim Jong Un is assassinated by a foreign enemy, according to report by The Telegraph. https://t.co/ZySMVzRjw4","north-korea-has-updated-its-constitution-to-require-a-retaliatory-nuclear-strike-if-leader-kim-jong-un-is-assassinated-by-a-foreign-enemy-according-to-report-by-the-telegraph-httpstcozysmvzrjw4-2053391496922210450","0","https://t.co/ZySMVzRjw4"
"10391","2053407159594205400","2026-05-10T09:30:03.000Z","BREAKING: Passengers have started getting off cruise ship impacted by hantavirus, with the ship now at Spain’s Canary Islands.","breaking-passengers-have-started-getting-off-cruise-ship-impacted-by-hantavirus-with-the-ship-now-at-spains-canary-islands-2053407159594205467","0",""
"10392","2053419670888489500","2026-05-10T10:20:03.000Z","Commercial vessel in Qatar's territorial waters has been targeted by a drone.","commercial-vessel-in-qatars-territorial-waters-has-been-targeted-by-a-drone-2053419670888489364","0",""
"10394","2053572359744000000","2026-05-10T20:30:02.000Z","BREAKING: Trump says Iranian response to US proposal is 'totally unacceptable' https://t.co/gSVce8Vwfx","breaking-trump-says-iranian-response-to-us-proposal-is-totally-unacceptable-httpstcogsvce8vwfx-2053572359744000065","0","https://t.co/gSVce8Vwfx"
"10393","2053572756269302300","2026-05-10T20:30:02.000Z","BREAKING: Iran rejects dismantling its nuclear facilities, according to Wall Street Journal report.","breaking-iran-rejects-dismantling-its-nuclear-facilities-according-to-wall-street-journal-report-2053572756269302214","0",""
"10395","2053579673263833300","2026-05-10T21:00:03.000Z","Iranian state media says that Trump's rejection of Iranian proposal 'does not matter at all' and that he 'generally dislikes reality, which is why he is constantly being defeated by Iran'.","iranian-state-media-says-that-trumps-rejection-of-iranian-proposal-does-not-matter-at-all-and-that-he-generally-dislikes-reality-which-is-why-he-is-constantly-being-defeated-by-iran-2053579673263833352","0",""
"10396","2053585722259705900","2026-05-10T21:20:03.000Z","BREAKING: Iran demanded war reparations, removal of sanctions, unfreezing of assets and control over the Strait of Hormuz as part of its rejection of US proposal, according to state media.","breaking-iran-demanded-war-reparations-removal-of-sanctions-unfreezing-of-assets-and-control-over-the-strait-of-hormuz-as-part-of-its-rejection-of-us-proposal-according-to-state-media-2053585722259705984","0",""
"10397","2053596615710282000","2026-05-10T22:10:05.000Z","BREAKING: Oil prices up over 3% after US and Iran reject each other's proposals","breaking-oil-prices-up-over-3-after-us-and-iran-reject-each-others-proposals-2053596615710281972","0",""
"10398","2053604594832626000","2026-05-10T22:50:02.000Z","Netanyahu says that he wants to wean Israel off US financial military aid, 'down to zero'.","netanyahu-says-that-he-wants-to-wean-israel-off-us-financial-military-aid-down-to-zero-2053604594832626003","0",""
"10399","2053638164489867300","2026-05-11T00:50:04.000Z","US crude oil prices up 4% after US and Iran reject each other's proposals.","us-crude-oil-prices-up-4-after-us-and-iran-reject-each-others-proposals-2053638164489867280","0",""
"10400","2053689754823340300","2026-05-11T04:20:02.000Z","US crude oil prices surged by 5% after US and Iran reject each other's proposals.","us-crude-oil-prices-surged-by-5-after-us-and-iran-reject-each-others-proposals-2053689754823340328","0",""
"10401","2053722408650256600","2026-05-11T06:30:03.000Z","Iran says it has executed a man accused of spying for the US and Israel.","iran-says-it-has-executed-a-man-accused-of-spying-for-the-us-and-israel-2053722408650256686","0",""
"10402","2053757555802005800","2026-05-11T08:50:02.000Z","Iranian foreign ministry spokesperson says 'whenever we are forced to fight, we will fight'.","iranian-foreign-ministry-spokesperson-says-whenever-we-are-forced-to-fight-we-will-fight-2053757555802005690","0",""
"10403","2053786308292866000","2026-05-11T10:40:02.000Z","India's PM Narendra Modi has asked Indians to stop buying gold for a year, as it is putting strain on the country's foreign exchange reserves. https://t.co/jjVNDKnLmC","indias-pm-narendra-modi-has-asked-indians-to-stop-buying-gold-for-a-year-as-it-is-putting-strain-on-the-countrys-foreign-exchange-reserves-httpstcojjvndknlmc-2053786308292866066","0","https://t.co/jjVNDKnLmC"
"10404","2053788904462123500","2026-05-11T10:50:01.000Z","ITV journalist Robert Peston reports that British MP Catherine West is preparing to challenge Prime Minister Keir Starmer for leadership of the Labour Party. https://t.co/kCmg7WRniX","itv-journalist-robert-peston-reports-that-british-mp-catherine-west-is-preparing-to-challenge-prime-minister-keir-starmer-for-leadership-of-the-labour-party-httpstcokcmg7wrnix-2053788904462123408","0","https://t.co/kCmg7WRniX"
"10405","2053795959281479700","2026-05-11T11:20:05.000Z","BREAKING: UK MP Catherine West sends out letter to colleagues asking for support in electing a new leader for the Labour Party, replacing PM Keir Starmer. https://t.co/RUz2SrPg9s","breaking-uk-mp-catherine-west-sends-out-letter-to-colleagues-asking-for-support-in-electing-a-new-leader-for-the-labour-party-replacing-pm-keir-starmer-httpstcoruz2srpg9s-2053795959281479698","0","https://t.co/RUz2SrPg9s"
"10406","2053798544675594800","2026-05-11T11:30:01.000Z","Broadcasters of Spain, Slovenia and Ireland will boycott Eurovision for this year.","broadcasters-of-spain-slovenia-and-ireland-will-boycott-eurovision-for-this-year-2053798544675594660","0",""
"10523","2058664082530816300","2026-05-24T21:40:02.000Z","BREAKING: Kimi Antonelli wins Canadian Grand Prix","breaking-kimi-antonelli-wins-canadian-grand-prix-2058664082530816246","0",""
"10524","2058670338746299000","2026-05-24T22:10:01.000Z","BREAKING: Gaps between US and Iran negotiating positions remain 'significant' according to Arab official","breaking-gaps-between-us-and-iran-negotiating-positions-remain-significant-according-to-arab-official-2058670338746298764","0",""
"10525","2058674399289692200","2026-05-24T22:20:03.000Z","BREAKING: Oil prices fall by 5%","breaking-oil-prices-fall-by-5-2058674399289692205","0",""
"10526","2058739164603158800","2026-05-25T02:40:05.000Z","🇸🇬 Singapore's economy grew by 6% year-on-year in the first quarter of 2026, beating estimates. https://t.co/gmYOROu7Bz","-singapores-economy-grew-by-6-year-on-year-in-the-first-quarter-of-2026-beating-estimates-httpstcogmyorou7bz-2058739164603158744","0","https://t.co/gmYOROu7Bz"
"10527","2058743322056024300","2026-05-25T03:00:02.000Z","🇮🇩 Indonesia's rupiah falls to 17,720 per US Dollar, is now down 9% over the past year. https://t.co/tNacm9A8dX","-indonesias-rupiah-falls-to-17720-per-us-dollar-is-now-down-9-over-the-past-year-httpstcotnacm9a8dx-2058743322056024395","0","https://t.co/tNacm9A8dX"
"10528","2058765589376795100","2026-05-25T04:30:02.000Z","Thailand has reported trade deficit of $10 billion in April, the biggest on record. https://t.co/K0iFVhFK3C","thailand-has-reported-trade-deficit-of-10-billion-in-april-the-biggest-on-record-httpstcok0ifvhfk3c-2058765589376795051","0","https://t.co/K0iFVhFK3C"
"10529","2058827479532683500","2026-05-25T08:30:15.000Z","Iran's foreign ministry claims that Israel is doing its best to 'undermine' an agreement with the US and 'torpedo the negotiation process'.","irans-foreign-ministry-claims-that-israel-is-doing-its-best-to-undermine-an-agreement-with-the-us-and-torpedo-the-negotiation-process-2058827479532683607","0",""
"10531","2058873484126896400","2026-05-25T11:40:02.000Z","BREAKING: Pope Leo XIV says that 'artificial intelligence needs to be disarmed' https://t.co/dQ5JGgXQ2o","breaking-pope-leo-xiv-says-that-artificial-intelligence-needs-to-be-disarmed-httpstcodq5jggxq2o-2058873484126896320","0","https://t.co/dQ5JGgXQ2o"
"10530","2058875280337551600","2026-05-25T11:40:02.000Z","Marco Rubio now leads chances of winning the 2028 Presidential Election with 18%, followed by JD Vance at 17% and Gavin Newsom at 16%, according to @Kalshi prediction market. https://t.co/iamEhyKf0T","marco-rubio-now-leads-chances-of-winning-the-2028-presidential-election-with-18-followed-by-jd-vance-at-17-and-gavin-newsom-at-16-according-to-kalshi-prediction-market-httpstcoiamehykf0t-2058875280337551563","0","https://t.co/iamEhyKf0T"
"10532","2058895868950983200","2026-05-25T13:10:03.000Z","Japan population

2008: 128 million

2026: 122 million https://t.co/Z6KQBNnpjG","japan-population-2008-128-million-2026-122-million-httpstcoz6kqbnnpjg-2058895868950983089","0","https://t.co/Z6KQBNnpjG"
"10533","2058910966721417700","2026-05-25T14:00:05.000Z","World's friendliest cities, 2025.

1. 🇪🇨 Quito, Ecuador
2. 🇦🇹 Vienna, Austria
3. 🇿🇦 Cape Town, South Africa
4. 🇮🇹 Florence, Italy (tied)
4. 🇸🇬 Singapore (tied)
6. 🇦🇺 Melbourne, Australia
7. 🇦🇺 Sydney, Australia
8. 🇬🇧 Edinburgh, Scotland (tied)
8. 🇵🇹 Lisbon, Portugal (tied)
10. 🇯🇵 Kyoto, Japan

(Conde Nast - Readers' Choice Awards 2025)","worlds-friendliest-cities-2025-1-quito-ecuador-2-vienna-austria-3-cape-town-south-africa-4-florence-italy-tied-4-singapore-tied-6-melbourne-australia-7-sydney-australia-8-edinburgh-scotland-tied-8-lisbon-portugal-tied-10-kyoto-japan-conde-nast-readers-cho","0",""
"10534","2058941158752137200","2026-05-25T16:00:03.000Z","GDP per capita (purchasing power parity)

1980

🇰🇷 South Korea: $2,000
🇻🇪 Venezuela: $8,000

2026

🇰🇷 South Korea: $68,620
🇻🇪 Venezuela: $9,460

(IMF)","gdp-per-capita-purchasing-power-parity-1980-south-korea-2000-venezuela-8000-2026-south-korea-68620-venezuela-9460-imf-2058941158752137219","0",""
"10535","2058998360099656000","2026-05-25T19:50:04.000Z","TODAY

Brent crude oil prices are down 6.7%

US crude down 6.4%

Gasoline down by 5.7% 

Heating oil is down by 4.8% https://t.co/G7U36mmTZm","today-brent-crude-oil-prices-are-down-67-us-crude-down-64-gasoline-down-by-57-heating-oil-is-down-by-48-httpstcog7u36mmtzm-2058998360099655921","0","https://t.co/G7U36mmTZm"
"10536","2059007167181844500","2026-05-25T20:30:03.000Z","Three very loud blasts have been heard in Bandar Abbas in southern Iran, with the cause not yet known.","three-very-loud-blasts-have-been-heard-in-bandar-abbas-in-southern-iran-with-the-cause-not-yet-known-2059007167181844561","0",""
"10537","2059015634214961400","2026-05-25T21:00:04.000Z","BREAKING: Reports of blasts heard in several regions around Iran's southern coast, the cause is still not clear.","breaking-reports-of-blasts-heard-in-several-regions-around-irans-southern-coast-the-cause-is-still-not-clear-2059015634214961304","0",""
"10538","2059030483393257700","2026-05-25T22:00:04.000Z","BREAKING: Trump posts about Iran's uranium https://t.co/1G2B7zplmo","breaking-trump-posts-about-irans-uranium-httpstco1g2b7zplmo-2059030483393257617","0","https://t.co/1G2B7zplmo"
"10539","2059047121517687000","2026-05-25T23:10:02.000Z","BREAKING: US military says it conducted strikes in southern Iran, targeting vessels and missile launch sites.","breaking-us-military-says-it-conducted-strikes-in-southern-iran-targeting-vessels-and-missile-launch-sites-2059047121517686982","0",""
"10540","2059055073490243800","2026-05-25T23:40:01.000Z","BREAKING: US military says says strikes in southern Iran are defensive in nature and 'are over for now', according to Fox News reporter @JenGriffinFNC.","breaking-us-military-says-says-strikes-in-southern-iran-are-defensive-in-nature-and-are-over-for-now-according-to-fox-news-reporter-jengriffinfnc-2059055073490243831","0",""
"10542","2059094477067956500","2026-05-26T02:10:04.000Z","Indonesian rupiah falls to a record low against the dollar

https://t.co/9GHnVMiUSP","indonesian-rupiah-falls-to-a-record-low-against-the-dollar-httpstco9ghnvmiusp-2059094477067956354","0","https://t.co/9GHnVMiUSP"
"10541","2059094097240150000","2026-05-26T02:10:04.000Z","🇮🇩 Indonesia's rupiah falls to record low of 17,775 per US Dollar.","-indonesias-rupiah-falls-to-record-low-of-17775-per-us-dollar-2059094097240150045","0",""
"10543","2059174390533968100","2026-05-26T07:30:02.000Z","Israeli military says it did not participate in strikes that were carried out earlier today.","israeli-military-says-it-did-not-participate-in-strikes-that-were-carried-out-earlier-today-2059174390533968087","0",""
"10544","2059193745854390300","2026-05-26T08:50:01.000Z","BREAKING: Iranian Revolutionary Guards say they shot down a US MQ-9 drone","breaking-iranian-revolutionary-guards-say-they-shot-down-a-us-mq-9-drone-2059193745854390275","0",""
"10546","2059216555519643600","2026-05-26T10:20:01.000Z","New record low for Indonesia's rupiah against the US Dollar

https://t.co/9GHnVMiUSP","new-record-low-for-indonesias-rupiah-against-the-us-dollar-httpstco9ghnvmiusp-2059216555519643663","0","https://t.co/9GHnVMiUSP"
"10545","2059216063150354700","2026-05-26T10:20:01.000Z","🇮🇩 Indonesia's rupiah falls to record low of 17,835 per US Dollar.","-indonesias-rupiah-falls-to-record-low-of-17835-per-us-dollar-2059216063150354781","0",""
"10547","2059218198067814700","2026-05-26T10:30:03.000Z","Iranian state media reports that Tehran wants $12 billion of its frozen assets as part of any deal announcement with the United States.","iranian-state-media-reports-that-tehran-wants-12-billion-of-its-frozen-assets-as-part-of-any-deal-announcement-with-the-united-states-2059218198067814714","0",""
"10549","2059225523268858400","2026-05-26T10:50:02.000Z","WTI crude drops 4% to $92 on US-Iran deal hopes

https://t.co/WuIzzXnOZf","wti-crude-drops-4-to-92-on-us-iran-deal-hopes-httpstcowuizzxnozf-2059225523268858350","0","https://t.co/WuIzzXnOZf"
"10548","2059225135673131300","2026-05-26T10:50:02.000Z","US crude oil price falls by over 4%.","us-crude-oil-price-falls-by-over-4-2059225135673131333","0",""
"10550","2059363517489389600","2026-05-26T20:00:03.000Z","President Trump and Israeli PM Netanyahu have held a phone call to discuss the situation with Iran, according to Israeli sources.","president-trump-and-israeli-pm-netanyahu-have-held-a-phone-call-to-discuss-the-situation-with-iran-according-to-israeli-sources-2059363517489389593","0",""
"10551","2059364668888715500","2026-05-26T20:10:02.000Z","BREKAING: Israel says it has killed Hamas military leader Mohammad Odeh","brekaing-israel-says-it-has-killed-hamas-military-leader-mohammad-odeh-2059364668888715468","0",""
"10552","2059368219979518200","2026-05-26T20:20:03.000Z","The chances of a US recession next year have risen up to 45%, according to @Kalshi prediction market. https://t.co/uQurHT5MsY","the-chances-of-a-us-recession-next-year-have-risen-up-to-45-according-to-kalshi-prediction-market-httpstcouqurht5msy-2059368219979518082","0","https://t.co/uQurHT5MsY"
"10553","2059374091086524700","2026-05-26T20:50:02.000Z","American Airlines is set to install Starlink wi-fi on over 500 planes from 2027. https://t.co/nxZv2BAaK9","american-airlines-is-set-to-install-starlink-wi-fi-on-over-500-planes-from-2027-httpstconxzv2baak9-2059374091086524583","0","https://t.co/nxZv2BAaK9"
"10554","2059531886524014800","2026-05-27T07:10:02.000Z","🇮🇩 Indonesian rupiah per US Dollar.

One year ago: 16,620

Now: 17,800","-indonesian-rupiah-per-us-dollar-one-year-ago-16620-now-17800-2059531886524014824","0",""
"10555","2059613628157104400","2026-05-27T12:40:03.000Z","BREAKING: Oil prices fall by over 5% on reports of progress in US-Iran negotiations","breaking-oil-prices-fall-by-over-5-on-reports-of-progress-in-us-iran-negotiations-2059613628157104269","0",""
"10556","2059741310844854300","2026-05-27T21:00:03.000Z","US crude oil prices fall by 4.7% amid growing optimism of potential US-Iran deal.","us-crude-oil-prices-fall-by-47-amid-growing-optimism-of-potential-us-iran-deal-2059741310844854353","0",""
"10557","2059746791399334400","2026-05-27T21:30:03.000Z","🇺🇸 President Trump approval rating

Approve: 38%
Disapprove: 60%

(Economist/YouGov) https://t.co/0T7rkAxBdO","-president-trump-approval-rating-approve-38-disapprove-60-economistyougov-httpstco0t7rkaxbdo-2059746791399334321","0","https://t.co/0T7rkAxBdO"
"10558","2059760356034285800","2026-05-27T22:20:03.000Z","CIA official arrested, with $40 million in stolen gold bars found at his residence in Virginia, according NY TImes Report.","cia-official-arrested-with-40-million-in-stolen-gold-bars-found-at-his-residence-in-virginia-according-ny-times-report-2059760356034285769","0",""
"10559","2059767253835694300","2026-05-27T22:50:02.000Z","BREAKING: Reports of blasts in southern Iranian city of Bandar Abbas","breaking-reports-of-blasts-in-southern-iranian-city-of-bandar-abbas-2059767253835694423","0",""
"10560","2059793390209020200","2026-05-28T00:30:05.000Z","BREAKING: Axios reports a US official saying Iran fired four drones at a US commercial vessel, which were shot down by US military.","breaking-axios-reports-a-us-official-saying-iran-fired-four-drones-at-a-us-commercial-vessel-which-were-shot-down-by-us-military-2059793390209020247","0",""
"10561","2059814690122051800","2026-05-28T02:00:02.000Z","BREAKING: US Treasury adds Iran’s new Persian Gulf Strait Authority to sanctions list","breaking-us-treasury-adds-irans-new-persian-gulf-strait-authority-to-sanctions-list-2059814690122051808","0",""
"10563","2059827026153091600","2026-05-28T02:50:03.000Z","BREAKING: Warning sirens sound and air defenses active in Kuwait","breaking-warning-sirens-sound-and-air-defenses-active-in-kuwait-2059827026153091513","0",""
"10562","2059828532218561000","2026-05-28T02:50:03.000Z","BREAKING: Kuwait military says it is responding to missile and drone threats","breaking-kuwait-military-says-it-is-responding-to-missile-and-drone-threats-2059828532218560980","0",""
"10564","2059863573254598700","2026-05-28T05:10:03.000Z","BREAKING: US crude oil price up 4% as US-Iran tensions rise again","breaking-us-crude-oil-price-up-4-as-us-iran-tensions-rise-again-2059863573254598754","0",""
"10565","2059889248069877800","2026-05-28T06:50:03.000Z","🇮🇩 Indonesia's rupiah fell to record low of 17,900 per US Dollar.","-indonesias-rupiah-fell-to-record-low-of-17900-per-us-dollar-2059889248069877834","0",""
"10566","2059940035387130000","2026-05-28T10:10:03.000Z","South Africa's producer prices inflation surges to 4.8%, the highest in two years. https://t.co/74zHFPfahN","south-africas-producer-prices-inflation-surges-to-48-the-highest-in-two-years-httpstco74zhfpfahn-2059940035387130054","0","https://t.co/74zHFPfahN"
"10567","2059942849236582700","2026-05-28T10:30:01.000Z","Israeli military says it struck 135 targets belonging to Hezbollah over the past 24 hours.","israeli-military-says-it-struck-135-targets-belonging-to-hezbollah-over-the-past-24-hours-2059942849236582648","0",""
"10568","2059952827473203500","2026-05-28T11:10:02.000Z","Japan's child population has now fallen for 45 years straight, down to a record low of 13.29 million. https://t.co/PS7JEo9PMH","japans-child-population-has-now-fallen-for-45-years-straight-down-to-a-record-low-of-1329-million-httpstcops7jeo9pmh-2059952827473203330","0","https://t.co/PS7JEo9PMH"
"10569","2059967928305406000","2026-05-28T12:00:03.000Z","Government debt as share of GDP

2000

🇮🇩 Indonesia: 87%
🇧🇷 Brazil: 65%

2026

🇮🇩 Indonesia: 41%
🇧🇷 Brazil: 96%","government-debt-as-share-of-gdp-2000-indonesia-87-brazil-65-2026-indonesia-41-brazil-96-2059967928305406046","0",""
"10570","2059983037413106000","2026-05-28T13:10:01.000Z","Japan's government debt as share of GDP

1990: 63%

2026: 204% https://t.co/aQTveLn8Lc","japans-government-debt-as-share-of-gdp-1990-63-2026-204-httpstcoaqtveln8lc-2059983037413105980","0","https://t.co/aQTveLn8Lc"
"10571","2059998133577208000","2026-05-28T14:10:03.000Z","🇨🇳 China's GDP per capita (PPP)

2000: $2,630

2026: $31,600

(IMF) https://t.co/MAlyKSleN3","-chinas-gdp-per-capita-ppp-2000-2630-2026-31600-imf-httpstcomalykslen3-2059998133577208043","0","https://t.co/MAlyKSleN3"
"10572","2060013230362399000","2026-05-28T15:10:03.000Z","GDP (current prices)

2005

🇬🇧 UK: $2.5 trillion
🇨🇳 China: $2.3 trillion

2026

🇬🇧 UK: $4.2 trillion
🇨🇳 China: $20.8 trillion","gdp-current-prices-2005-uk-25-trillion-china-23-trillion-2026-uk-42-trillion-china-208-trillion-2060013230362399071","0",""
"10573","2060095863524061400","2026-05-28T20:30:03.000Z","BREAKING: Iranian media reports missiles were fired from country's south, with targets not yet known.","breaking-iranian-media-reports-missiles-were-fired-from-countrys-south-with-targets-not-yet-known-2060095863524061393","0",""
"10574","2060102734263763000","2026-05-28T21:00:03.000Z","Iranian state media claims that a US drone was downed in the country's south.","iranian-state-media-claims-that-a-us-drone-was-downed-in-the-countrys-south-2060102734263762975","0",""
"10575","2060132076813447700","2026-05-28T23:00:03.000Z","BREAKING: US military denies that Iranian forces downed a US aircraft","breaking-us-military-denies-that-iranian-forces-downed-a-us-aircraft-2060132076813447673","0",""
"10576","2060162645815402800","2026-05-29T01:00:02.000Z","BREAKING: Russian drone impact at an apartment building in eastern Romania","breaking-russian-drone-impact-at-an-apartment-building-in-eastern-romania-2060162645815402782","0",""
"10577","2060273845035254300","2026-05-29T08:20:02.000Z","Price increase since 1st of January, 2026.

Gasoline: +81%
European gas: +69%
Heating oil: +67%
Crude oil: +54%
Brent crude oil: +52%
Propane: 37%
Coal: +27%","price-increase-since-1st-of-january-2026-gasoline-81-european-gas-69-heating-oil-67-crude-oil-54-brent-crude-oil-52-propane-37-coal-27-2060273845035254207","0",""
"10587","2060820636554125300","2026-05-30T20:30:04.000Z","Iran may have used 'a Chinese-made shoulder-launched missile' to shoot down US F-15 fighter jet last month, according to NBC News report. https://t.co/ovPUQ5vkiP","iran-may-have-used-a-chinese-made-shoulder-launched-missile-to-shoot-down-us-f-15-fighter-jet-last-month-according-to-nbc-news-report-httpstcoovpuq5vkip-2060820636554125352","0","https://t.co/ovPUQ5vkiP"
"10588","2060828770794353200","2026-05-30T21:10:02.000Z","President Trump posts about Greenland. https://t.co/xTwq17pXBY","president-trump-posts-about-greenland-httpstcoxtwq17pxby-2060828770794353030","0","https://t.co/xTwq17pXBY"
"10589","2060940625915322400","2026-05-31T04:30:03.000Z","Energy prices so far in 2026. https://t.co/T71bcCo9TK","energy-prices-so-far-in-2026-httpstcot71bcco9tk-2060940625915322479","0","https://t.co/T71bcCo9TK"
"10590","2061057690697347300","2026-05-31T12:20:03.000Z","BREAKING: Israeli media reports Netanyahu is leaning towards expanding strikes across Lebanon","breaking-israeli-media-reports-netanyahu-is-leaning-towards-expanding-strikes-across-lebanon-2061057690697347419","0",""
"10592","2061186526118326500","2026-05-31T20:50:03.000Z","American households have spent nearly $450 extra due to rising energy costs during the war on Iran, according to data from Moody’s Analytics. https://t.co/ZKFhEgveaG","american-households-have-spent-nearly-450-extra-due-to-rising-energy-costs-during-the-war-on-iran-according-to-data-from-moodys-analytics-httpstcozkfhegveag-2061186526118326626","0","https://t.co/ZKFhEgveaG"
"10591","2061187948062949600","2026-05-31T20:50:03.000Z","The chances of traffic at the Strait of Hormuz returning to normal by the 1st of August have fallen to 40% according to @Kalshi prediction market. https://t.co/dXziFTdsyp","the-chances-of-traffic-at-the-strait-of-hormuz-returning-to-normal-by-the-1st-of-august-have-fallen-to-40-according-to-kalshi-prediction-market-httpstcodxziftdsyp-2061187948062949701","0","https://t.co/dXziFTdsyp"
"10593","2061271085820363300","2026-06-01T02:20:03.000Z","BREAKING: US Secretary of State Marco Rubio is pushing for a new ceasefire between Lebanon and Israel, according to Axios report.","breaking-us-secretary-of-state-marco-rubio-is-pushing-for-a-new-ceasefire-between-lebanon-and-israel-according-to-axios-report-2061271085820363228","0",""
"10594","2061279725566448000","2026-06-01T03:00:02.000Z","Oil prices are up over 2% amid ongoing uncertainty regarding prospects of US-Iran deal.","oil-prices-are-up-over-2-amid-ongoing-uncertainty-regarding-prospects-of-us-iran-deal-2061279725566448002","0",""
"10595","2061292708938039600","2026-06-01T03:50:01.000Z","BREAKING: US strikes on Iranian radar and telecommunication facilities","breaking-us-strikes-on-iranian-radar-and-telecommunication-facilities-2061292708938039592","0",""
"10596","2061296091728130600","2026-06-01T04:00:04.000Z","BREAKING: Iranian media says that the military retaliated against US strikes","breaking-iranian-media-says-that-the-military-retaliated-against-us-strikes-2061296091728130499","0",""
"10597","2061328366939279400","2026-06-01T06:10:03.000Z","890 people were arrested in France following celebrations of PSG's Champions League title victory. https://t.co/M8qrQOlwSF","890-people-were-arrested-in-france-following-celebrations-of-psgs-champions-league-title-victory-httpstcom8qrqolwsf-2061328366939279456","0","https://t.co/M8qrQOlwSF"
"10598","2061340939566912000","2026-06-01T07:00:02.000Z","BREAKING: Israeli PM Netanyahu and defense minister Katz order military to conduct strikes on southern suburbs of Beirut","breaking-israeli-pm-netanyahu-and-defense-minister-katz-order-military-to-conduct-strikes-on-southern-suburbs-of-beirut-2061340939566911937","0",""
"10599","2061375450010767600","2026-06-01T09:20:03.000Z","BREAKING: Iran's chief negotiator Ghalibaf says that the naval blockade and 'escalation of war crimes in Lebanon' are 'clear evidence of US noncompliance with the ceasefire'.","breaking-irans-chief-negotiator-ghalibaf-says-that-the-naval-blockade-and-escalation-of-war-crimes-in-lebanon-are-clear-evidence-of-us-noncompliance-with-the-ceasefire-2061375450010767520","0",""
"10600","2061379647636680700","2026-06-01T09:30:02.000Z","🇮🇹 Italy's manufacturing has grown at the fastest rate in four years.","-italys-manufacturing-has-grown-at-the-fastest-rate-in-four-years-2061379647636680817","0",""
"10601","2061379969360806100","2026-06-01T09:40:03.000Z","https://t.co/EwEPKw7wnO","httpstcoewepkw7wno-2061379969360806048","0","https://t.co/EwEPKw7wnO"
"10602","2061386998448046300","2026-06-01T10:00:02.000Z","🇸🇦 Saudi Arabia has condemned Iranian attacks on Kuwait territory as 'heinous'.","-saudi-arabia-has-condemned-iranian-attacks-on-kuwait-territory-as-heinous-2061386998448046409","0",""
"10604","2061393868235604000","2026-06-01T10:30:03.000Z","https://t.co/Hfw9mwq3YL","httpstcohfw9mwq3yl-2061393868235604034","0","https://t.co/Hfw9mwq3YL"
"10603","2061393644943479000","2026-06-01T10:30:03.000Z","US crude oil prices are up 4%, trading near $91.","us-crude-oil-prices-are-up-4-trading-near-91-2061393644943479041","0",""
"10605","2061531961039126800","2026-06-01T19:40:03.000Z","BREAKING: Netanyahu says he told Trump that if Hezbollah doesn't stop its attacks, Israel will strike targets in Beirut.","breaking-netanyahu-says-he-told-trump-that-if-hezbollah-doesnt-stop-its-attacks-israel-will-strike-targets-in-beirut-2061531961039126753","0",""
"10606","2061534072741187800","2026-06-01T19:50:02.000Z","Oil prices are up over 6% today.

President Trump says they will soon 'fall like a rock'. https://t.co/34IIsf4ETk","oil-prices-are-up-over-6-today-president-trump-says-they-will-soon-fall-like-a-rock-httpstco34iisf4etk-2061534072741187938","0","https://t.co/34IIsf4ETk"
"10607","2061553337515012600","2026-06-01T21:00:03.000Z","BREAKING: Iranian Revolutionary Guards say they have targeted a US-owned commercial vessel with missiles","breaking-iranian-revolutionary-guards-say-they-have-targeted-a-us-owned-commercial-vessel-with-missiles-2061553337515012515","0",""
"10608","2061561750252900900","2026-06-01T21:40:03.000Z","BREAKING: Active shooter at a medical clinic in Pelican Narrows, Sask in Canada.","breaking-active-shooter-at-a-medical-clinic-in-pelican-narrows-sask-in-canada-2061561750252900808","0",""
"10610","2061573865177051100","2026-06-01T22:30:02.000Z","BREAKING: 6.5 magnitude earthquake in southern Italy","breaking-65-magnitude-earthquake-in-southern-italy-2061573865177051233","0",""
"10609","2061574476119306200","2026-06-01T22:30:02.000Z","BREAKING: Axios reports that Trump told Netanyahu in their latest phonecall, 'You’re f***ing crazy. You’d be in prison if it weren’t for me. I’m saving your ass. Everybody hates you now. Everybody hates Israel because of this.' https://t.co/ZtanvKPdx8","breaking-axios-reports-that-trump-told-netanyahu-in-their-latest-phonecall-youre-fing-crazy-youd-be-in-prison-if-it-werent-for-me-im-saving-your-ass-everybody-hates-you-now-everybody-hates-israel-because-of-this-httpstcoztanvkpdx8-2061574476119306305","0","https://t.co/ZtanvKPdx8"
"10611","2061589541870612700","2026-06-01T23:30:03.000Z","BREAKING: Russian ballistic missile attack on Kyiv","breaking-russian-ballistic-missile-attack-on-kyiv-2061589541870612723","0",""
"10612","2061615144598446000","2026-06-02T01:10:03.000Z","BREAKING: Seven people dead after shooting in Muscatine, Iowa.","breaking-seven-people-dead-after-shooting-in-muscatine-iowa-2061615144598446125","0",""
"10614","2061618369531699500","2026-06-02T01:20:01.000Z","https://t.co/KJP8AeoEm1","httpstcokjp8aeoem1-2061618369531699462","0","https://t.co/KJP8AeoEm1"
"10613","2061617619577569300","2026-06-02T01:20:01.000Z","🇰🇷 South Korea reports inflation of 3.1%, the highest in over two years.","-south-korea-reports-inflation-of-31-the-highest-in-over-two-years-2061617619577569406","0",""
"10615","2061683346393190700","2026-06-02T05:40:03.000Z","🇮🇩 Indonesia has reported a trade surplus of $90 million for April, marking its smallest surplus since 2020.","-indonesia-has-reported-a-trade-surplus-of-90-million-for-april-marking-its-smallest-surplus-since-2020-2061683346393190609","0",""
"10616","2061687088156959000","2026-06-02T06:00:03.000Z","BREAKING: The United States is 'in talks to expand nuclear weapons deployments in Europe', according to Financial Times report.","breaking-the-united-states-is-in-talks-to-expand-nuclear-weapons-deployments-in-europe-according-to-financial-times-report-2061687088156958887","0",""
"10617","2061918677805707500","2026-06-02T21:20:01.000Z","The absolute market cap of the S&amp;P 500 has closed at over $69 trillion for the first time ever. https://t.co/LMlPndLvT9","the-absolute-market-cap-of-the-sampp-500-has-closed-at-over-69-trillion-for-the-first-time-ever-httpstcolmlpndlvt9-2061918677805707586","0","https://t.co/LMlPndLvT9"
"10618","2061923405977493500","2026-06-02T21:40:02.000Z","President Trump wants Iran to make firm nuclear concessions in writing as part of a deal, according to ABC News. https://t.co/3cmkwUR8dU","president-trump-wants-iran-to-make-firm-nuclear-concessions-in-writing-as-part-of-a-deal-according-to-abc-news-httpstco3cmkwur8du-2061923405977493506","0","https://t.co/3cmkwUR8dU"
"10619","2061937117778059300","2026-06-02T22:30:02.000Z","BREAKING: Kuwait says it is responding to missile and drone threats in Iranian attack","breaking-kuwait-says-it-is-responding-to-missile-and-drone-threats-in-iranian-attack-2061937117778059272","0",""
"10621","2061950349716718000","2026-06-02T23:20:02.000Z","BREAKING: Iranian attack on Bahrain","breaking-iranian-attack-on-bahrain-2061950349716718067","0",""
"10620","2061950577433870800","2026-06-02T23:20:02.000Z","BREAKING: Iran is carrying out attacks on targets in Kuwait, Bahrain and Iraq.","breaking-iran-is-carrying-out-attacks-on-targets-in-kuwait-bahrain-and-iraq-2061950577433870766","0",""
"10622","2061952504771105000","2026-06-02T23:30:03.000Z","BREAKING: Bahrain shuts its airspace amid Iranian attack","breaking-bahrain-shuts-its-airspace-amid-iranian-attack-2061952504771105037","0",""
"10623","2061954721846641000","2026-06-02T23:40:02.000Z","BREAKING: US crude oil price up 4% on Middle East developments","breaking-us-crude-oil-price-up-4-on-middle-east-developments-2061954721846640901","0",""
"10624","2061960497835229400","2026-06-03T00:00:03.000Z","BREAKING: Iran warns US military of a 'heavy price' if it disrupts security in Strait of Hormuz","breaking-iran-warns-us-military-of-a-heavy-price-if-it-disrupts-security-in-strait-of-hormuz-2061960497835229437","0",""
"10625","2061963836094296600","2026-06-03T00:20:01.000Z","BREAKING: Bitcoin falls to two-month low","breaking-bitcoin-falls-to-two-month-low-2061963836094296495","0",""
"10626","2062050796859166700","2026-06-03T06:00:03.000Z","🇮🇩 Indonesia's rupiah fell to record low of 17,935 per US Dollar.","-indonesias-rupiah-fell-to-record-low-of-17935-per-us-dollar-2062050796859166734","0",""
"10627","2062053736361636000","2026-06-03T06:10:02.000Z","BREAKING: Attack on large Russian oil facility in St Petersburg, hours before start of one of country's biggest business forums.","breaking-attack-on-large-russian-oil-facility-in-st-petersburg-hours-before-start-of-one-of-countrys-biggest-business-forums-2062053736361636198","0",""
"10628","2062113135570702600","2026-06-03T10:10:04.000Z","China's economic rise: 1980-2025 https://t.co/lfaNg2BkOV","chinas-economic-rise-1980-2025-httpstcolfang2bkov-2062113135570702524","0","https://t.co/lfaNg2BkOV"
"10629","2062114999624233000","2026-06-03T10:20:02.000Z","BREAKING: Trump says will probably meet with Iran's Supreme Leader at some point https://t.co/Dc9sTKUzi9","breaking-trump-says-will-probably-meet-with-irans-supreme-leader-at-some-point-httpstcodc9stkuzi9-2062114999624233008","0","https://t.co/Dc9sTKUzi9"
"10631","2062117132545241300","2026-06-03T10:30:03.000Z","BREAKING: Trump says he was 'disturbed' by Netanyahu 'constantly fighting' with Lebanon https://t.co/AZGcVq4AvU","breaking-trump-says-he-was-disturbed-by-netanyahu-constantly-fighting-with-lebanon-httpstcoazgcvq4avu-2062117132545241234","0","https://t.co/AZGcVq4AvU"
"10630","2062118428346094000","2026-06-03T10:30:03.000Z","Trump says that Iran's Supreme Leader is 'not doing great' and 'missing a lot of different parts'. https://t.co/niLPlN8fdJ","trump-says-that-irans-supreme-leader-is-not-doing-great-and-missing-a-lot-of-different-parts-httpstconilpln8fdj-2062118428346094020","0","https://t.co/niLPlN8fdJ"
"10632","2062268747453526300","2026-06-03T20:30:03.000Z","BREAKING: Trump says Iran close to deal, but talks could take a few more weeks.","breaking-trump-says-iran-close-to-deal-but-talks-could-take-a-few-more-weeks-2062268747453526385","0",""
"10633","2062270772417266000","2026-06-03T20:40:02.000Z","Trump says that the Iran issue is 'separate' from Hezbollah, and that Iran is a 'bigger problem, a world problem'. https://t.co/7fDF5jWqdk","trump-says-that-the-iran-issue-is-separate-from-hezbollah-and-that-iran-is-a-bigger-problem-a-world-problem-httpstco7fdf5jwqdk-2062270772417265824","0","https://t.co/7fDF5jWqdk"
"10634","2062288443200401700","2026-06-03T21:50:02.000Z","BREAKING: The US House of Representatives votes to limit President Trump's war powers in Iran","breaking-the-us-house-of-representatives-votes-to-limit-president-trumps-war-powers-in-iran-2062288443200401791","0",""
"10635","2062283793982267600","2026-06-03T21:50:03.000Z","BREAKING: SpaceX is targeting an IPO valuation of $1.77 trillion according to CNBC https://t.co/s4jeE0spoC","breaking-spacex-is-targeting-an-ipo-valuation-of-177-trillion-according-to-cnbc-httpstcos4jee0spoc-2062283793982267751","0","https://t.co/s4jeE0spoC"
"10636","2062701354355949800","2026-06-05T01:10:02.000Z","BREAKING: 🇰🇷 South Korea's KOSPI index down 6%","breaking-south-koreas-kospi-index-down-6-2062701354355949879","0",""
"10637","2062706259242184700","2026-06-05T01:30:03.000Z","🇮🇩 Indonesia's rupiah has fallen to record low of 18,060 per US Dollar.","-indonesias-rupiah-has-fallen-to-record-low-of-18060-per-us-dollar-2062706259242184723","0",""
"10638","2063006487312773000","2026-06-05T21:20:04.000Z","Over $1.7 trillion in value was wiped out from the US stock market today.","over-17-trillion-in-value-was-wiped-out-from-the-us-stock-market-today-2063006487312773230","0",""
"10639","2063024257765126400","2026-06-05T22:30:02.000Z","BREAKING: CNN reports that Iran launched drones towards the Strait of Hormuz tonight, which the US military intercepted.","breaking-cnn-reports-that-iran-launched-drones-towards-the-strait-of-hormuz-tonight-which-the-us-military-intercepted-2063024257765126417","0",""
"10640","2063041326523068700","2026-06-05T23:40:03.000Z","BREAKING: US military says it struck radar sites in southern Iran","breaking-us-military-says-it-struck-radar-sites-in-southern-iran-2063041326523068767","0",""
"10641","2063079302590267600","2026-06-06T02:10:01.000Z","BREAKING: Iranian military attacks on Bahrain and Kuwait","breaking-iranian-military-attacks-on-bahrain-and-kuwait-2063079302590267532","0",""
"10642","2063079182159237600","2026-06-06T02:10:02.000Z","BREAKING: Iranian Revolutionary Guards says it has targeted 'enemy bases' in the region","breaking-iranian-revolutionary-guards-says-it-has-targeted-enemy-bases-in-the-region-2063079182159237556","0",""
"10643","2063083652213551000","2026-06-06T02:30:03.000Z","🇮🇩 Indonesia's rupiah has fallen to record low of 18,100 per US Dollar.","-indonesias-rupiah-has-fallen-to-record-low-of-18100-per-us-dollar-2063083652213551222","0",""
"10644","2063598497014960400","2026-06-07T12:30:03.000Z","BREAKING: Israeli strikes on Hezbollah targets in southern Beirut","breaking-israeli-strikes-on-hezbollah-targets-in-southern-beirut-2063598497014960411","0",""
"10646","2063730521667187000","2026-06-07T21:20:03.000Z","BREAKING: Trump and Netanyahu are on phone call after Iranian attack on Israel","breaking-trump-and-netanyahu-are-on-phone-call-after-iranian-attack-on-israel-2063730521667186861","0",""
"10645","2063730846822269000","2026-06-07T21:20:03.000Z","BREAKING: Israeli military spokesperson says that Iran has 'made a grave mistake'","breaking-israeli-military-spokesperson-says-that-iran-has-made-a-grave-mistake-2063730846822268997","0",""
"10647","2063735037426839800","2026-06-07T21:30:02.000Z","BREAKING: Israeli Prime Minister Netanyahu is holding talks with senior military leaders","breaking-israeli-prime-minister-netanyahu-is-holding-talks-with-senior-military-leaders-2063735037426839883","0",""
"10648","2063734611637879000","2026-06-07T21:30:03.000Z","BREAKING: Flights have been suspended at Tehran airport","breaking-flights-have-been-suspended-at-tehran-airport-2063734611637878931","0",""
"10649","2063737336299770000","2026-06-07T21:40:01.000Z","BREAKING: Iran shuts airspace in the country's west","breaking-iran-shuts-airspace-in-the-countrys-west-2063737336299770056","0",""
"10650","2063747064102883800","2026-06-07T22:20:05.000Z","BREAKING: Oil prices rise by 3% over Middle East developments","breaking-oil-prices-rise-by-3-over-middle-east-developments-2063747064102883757","0",""
"10651","2063748551902146600","2026-06-07T22:30:02.000Z","BREAKING: Trump says Netanyahu has 'no choice' but to accept a US-Iran deal if it were to go ahead, according to Financial Times report.","breaking-trump-says-netanyahu-has-no-choice-but-to-accept-a-us-iran-deal-if-it-were-to-go-ahead-according-to-financial-times-report-2063748551902146673","0",""
"10652","2063769815052112000","2026-06-07T23:50:02.000Z","BREAKING: 8.2 magnitude quake in the Philippines, with a tsunami threat issued.","breaking-82-magnitude-quake-in-the-philippines-with-a-tsunami-threat-issued-2063769815052111975","0",""
"10654","2063770858527863000","2026-06-08T00:00:04.000Z","BREAKING: Tsunami alert has been issued for the Philippines, Indonesia, Palau, Taiwan and Papua New Guinea after massive 8.2 magnitude earthquake.","breaking-tsunami-alert-has-been-issued-for-the-philippines-indonesia-palau-taiwan-and-papua-new-guinea-after-massive-82-magnitude-earthquake-2063770858527863075","0",""
"10653","2063771448100229400","2026-06-08T00:00:04.000Z","BREAKING: Pacific Tsunami Warning Center says widespread hazardous tsunami waves are possible after 8.2 magnitude quake in Philippines","breaking-pacific-tsunami-warning-center-says-widespread-hazardous-tsunami-waves-are-possible-after-82-magnitude-quake-in-philippines-2063771448100229252","0",""
"10655","2063774306317042000","2026-06-08T00:10:02.000Z","BREAKING: Philippines issues evacuation orders for some coastal areas amid tsunami alert after massive earthquake","breaking-philippines-issues-evacuation-orders-for-some-coastal-areas-amid-tsunami-alert-after-massive-earthquake-2063774306317042006","0",""
"10656","2063776406329512400","2026-06-08T00:20:03.000Z","BREAKING: 🇰🇷 South Korea's KOSPI index plunges by over 8%, hits circuit breaker.","breaking-south-koreas-kospi-index-plunges-by-over-8-hits-circuit-breaker-2063776406329512382","0",""
"10658","2063795384594715100","2026-06-08T01:30:02.000Z","BREAKING: Israeli military confirms it has conducted strikes in western and central Iran","breaking-israeli-military-confirms-it-has-conducted-strikes-in-western-and-central-iran-2063795384594715076","0",""
"10657","2063795533035258000","2026-06-08T01:30:02.000Z","BREAKING: Oil prices surge by over 4% as Israel conducts strikes on targets in Iran","breaking-oil-prices-surge-by-over-4-as-israel-conducts-strikes-on-targets-in-iran-2063795533035258031","0",""
"10660","2063794891273142800","2026-06-08T01:30:03.000Z","BREAKING: Reports of blasts in Beirut","breaking-reports-of-blasts-in-beirut-2063794891273142665","0",""
"10659","2063795193506300000","2026-06-08T01:30:03.000Z","BREAKING: Blasts reported across several cities in Iran as Israel conducts strikes","breaking-blasts-reported-across-several-cities-in-iran-as-israel-conducts-strikes-2063795193506299915","0",""
"10662","2063794122729869800","2026-06-08T01:30:04.000Z","BREAKING: Israeli strikes on Tehran","breaking-israeli-strikes-on-tehran-2063794122729869792","0",""
"10661","2063794541707288800","2026-06-08T01:30:04.000Z","BREAKING: Israeli strikes in Tehran, Isfahan and Tabriz","breaking-israeli-strikes-in-tehran-isfahan-and-tabriz-2063794541707288947","0",""
"10663","2063794037845549300","2026-06-08T01:30:07.000Z","BREAKING: Israeli strikes on Iran","breaking-israeli-strikes-on-iran-2063794037845549379","0",""
"10664","2063814526794076400","2026-06-08T02:50:02.000Z","BREAKING: Saudi alert amid suspected Iranian attack","breaking-saudi-alert-amid-suspected-iranian-attack-2063814526794076375","0",""
"10666","2063818325218746600","2026-06-08T03:10:02.000Z","BREAKING: Yemen's Iran-backed Houthis fire missile at Israel","breaking-yemens-iran-backed-houthis-fire-missile-at-israel-2063818325218746673","0",""
"10665","2063818482001805600","2026-06-08T03:10:02.000Z","🇮🇩 Indonesia's rupiah has fallen to record low of 18,150 per US Dollar.","-indonesias-rupiah-has-fallen-to-record-low-of-18150-per-us-dollar-2063818482001805670","0",""
"10667","2063837491313213700","2026-06-08T04:20:03.000Z","BREAKING: Iran has launched ballistic missiles at Israel","breaking-iran-has-launched-ballistic-missiles-at-israel-2063837491313213676","0",""
"10668","2063838620319129900","2026-06-08T04:30:03.000Z","BREAKING: Israel is intercepting ballistic missiles fired by Iran","breaking-israel-is-intercepting-ballistic-missiles-fired-by-iran-2063838620319129766","0",""
"10669","2063851141927252200","2026-06-08T05:20:02.000Z","BREAKING: Israeli military struck petrochemical facility in southwest Iran","breaking-israeli-military-struck-petrochemical-facility-in-southwest-iran-2063851141927252137","0",""
"10670","2063871781635609000","2026-06-08T06:40:02.000Z","BREAKING: Iran launches new wave of ballistic missiles at Israel","breaking-iran-launches-new-wave-of-ballistic-missiles-at-israel-2063871781635609028","0",""
"10671","2063874257080537600","2026-06-08T06:50:02.000Z","BREAKING: Sirens sound in northern Israel amid incoming Iranian missile attack","breaking-sirens-sound-in-northern-israel-amid-incoming-iranian-missile-attack-2063874257080537563","0",""
"10672","2063876304198304000","2026-06-08T07:00:02.000Z","BREAKING: Israeli air defenses are currently engaging Iranian ballistic missiles","breaking-israeli-air-defenses-are-currently-engaging-iranian-ballistic-missiles-2063876304198304004","0",""
"10673","2063885933922206000","2026-06-08T07:30:03.000Z","BREAKING: Israeli military says that Iran has fired around 30 ballistic missiles at Israeli territory today","breaking-israeli-military-says-that-iran-has-fired-around-30-ballistic-missiles-at-israeli-territory-today-2063885933922206038","0",""
"10674","2063899075456778500","2026-06-08T08:30:03.000Z","BREAKING: Blasts heard in Tehran","breaking-blasts-heard-in-tehran-2063899075456778477","0",""
"10675","2063901671240139000","2026-06-08T08:40:03.000Z","BREAKING: Israeli military is striking targets in Iran's capital Tehran","breaking-israeli-military-is-striking-targets-in-irans-capital-tehran-2063901671240139010","0",""
"10676","2063920038885855200","2026-06-08T09:50:02.000Z","BREAKING: Trump says Israel and Iran 'must immediately stop shooting''.","breaking-trump-says-israel-and-iran-must-immediately-stop-shooting-2063920038885855305","0",""
"10677","2063922063572865300","2026-06-08T10:00:03.000Z","BREAKING: Iranian state media says that Iran is ready for a 'long-term war' with Israel","breaking-iranian-state-media-says-that-iran-is-ready-for-a-long-term-war-with-israel-2063922063572865404","0",""
"10678","2063925882394485000","2026-06-08T10:10:03.000Z","The chances of traffic at the Strait of Hormuz returning to normal by the 1st of September have fallen to 31% according to @Kalshi prediction market. https://t.co/mAu8pumbfO","the-chances-of-traffic-at-the-strait-of-hormuz-returning-to-normal-by-the-1st-of-september-have-fallen-to-31-according-to-kalshi-prediction-market-httpstcomau8pumbfo-2063925882394485111","0","https://t.co/mAu8pumbfO"
"10679","2063927475747586000","2026-06-08T10:20:03.000Z","Oil prices are now up 4% in today's trading.","oil-prices-are-now-up-4-in-todays-trading-2063927475747586068","0",""
"10680","2063935901143814700","2026-06-08T10:50:03.000Z","Trump claims that both Iran and Israel are looking for a ceasefire https://t.co/ZFVxghQShb","trump-claims-that-both-iran-and-israel-are-looking-for-a-ceasefire-httpstcozfvxghqshb-2063935901143814558","0","https://t.co/ZFVxghQShb"
"10681","2064318795305632300","2026-06-09T12:10:02.000Z","BREAKING: France bans Israeli finance minister Bezalel Smotrich from entering French territory https://t.co/CGEilIrZdo","breaking-france-bans-israeli-finance-minister-bezalel-smotrich-from-entering-french-territory-httpstcocgeilirzdo-2064318795305632241","0","https://t.co/CGEilIrZdo"
"10683","2064460455767429000","2026-06-09T21:40:02.000Z","BREAKING: US military strikes targets in Iran in retaliation over attack on US helicopter","breaking-us-military-strikes-targets-in-iran-in-retaliation-over-attack-on-us-helicopter-2064460455767429135","0",""
"10682","2064462186442060000","2026-06-09T21:40:02.000Z","BREAKING: Blasts reported on Iran's southern Qeshm island","breaking-blasts-reported-on-irans-southern-qeshm-island-2064462186442059995","0",""
"10684","2064467481016914200","2026-06-09T22:00:02.000Z","BREAKING: US military says strikes targeted Iranian air defense and radar facilities","breaking-us-military-says-strikes-targeted-iranian-air-defense-and-radar-facilities-2064467481016914129","0",""
"10685","2064485042219602000","2026-06-09T23:10:02.000Z","Iran's Foreign Minister says that the military will 'leave no attack or threat unanswered' after US strikes.","irans-foreign-minister-says-that-the-military-will-leave-no-attack-or-threat-unanswered-after-us-strikes-2064485042219601984","0",""
"10686","2064503999861272800","2026-06-10T00:30:03.000Z","BREAKING: Renewed US strikes against targets in Iran","breaking-renewed-us-strikes-against-targets-in-iran-2064503999861272862","0",""
"10687","2064529046407676400","2026-06-10T02:10:02.000Z","BREAKING: Iranian Revolutionary Guards has targeted a base in Jordan","breaking-iranian-revolutionary-guards-has-targeted-a-base-in-jordan-2064529046407676329","0",""
"10688","2064528177129734400","2026-06-10T02:10:03.000Z","BREAKING: Blasts have been reported in Bahrain","breaking-blasts-have-been-reported-in-bahrain-2064528177129734284","0",""
"10689","2064563367822688500","2026-06-10T04:30:04.000Z","BREAKING: 🇰🇷 South Korea's KOSPI index is down 5%","breaking-south-koreas-kospi-index-is-down-5-2064563367822688621","0",""
"10690","2064632376043655700","2026-06-10T09:00:02.000Z","BREAKING: Iranian foreign ministry spokesperson says diplomatic efforts with US cannot advance in context of ceasefire violations","breaking-iranian-foreign-ministry-spokesperson-says-diplomatic-efforts-with-us-cannot-advance-in-context-of-ceasefire-violations-2064632376043655599","0",""
"10691","2064642397292937200","2026-06-10T09:40:02.000Z","BREAKING: The UAE condemns Iranian 'terrorist attacks' on Bahrain, Kuwait and Jordan.","breaking-the-uae-condemns-iranian-terrorist-attacks-on-bahrain-kuwait-and-jordan-2064642397292937282","0",""
"10692","2064669897058304000","2026-06-10T11:30:03.000Z","BREAKING: Trump says that Iran will now pay the price for taking too long to negotiate a deal https://t.co/pS3NiMyvgP","breaking-trump-says-that-iran-will-now-pay-the-price-for-taking-too-long-to-negotiate-a-deal-httpstcops3nimyvgp-2064669897058304091","0","https://t.co/pS3NiMyvgP"
"10694","2064824266739323400","2026-06-10T21:40:03.000Z","BREAKING: US strikes on Iran","breaking-us-strikes-on-iran-2064824266739323348","0",""
"10693","2064824879141282000","2026-06-10T21:40:03.000Z","BREAKING: US Secretary of War Pete Hegseth says the US military will be 'busy tonight because we are going to hit Iran hard'","breaking-us-secretary-of-war-pete-hegseth-says-the-us-military-will-be-busy-tonight-because-we-are-going-to-hit-iran-hard-2064824879141281940","0",""
"10696","2064825867793207600","2026-06-10T21:50:05.000Z","BREAKING: Blasts heard in southern Iranian city of Bandar Abbas as the US conducts strikes","breaking-blasts-heard-in-southern-iranian-city-of-bandar-abbas-as-the-us-conducts-strikes-2064825867793207477","0",""
"10695","2064826843686191000","2026-06-10T21:50:05.000Z","BREAKING: Iranian media reports that blasts have been heard in city of Sirik as US conducts strikes","breaking-iranian-media-reports-that-blasts-have-been-heard-in-city-of-sirik-as-us-conducts-strikes-2064826843686191147","0",""
"10697","2064828240947204400","2026-06-10T22:00:03.000Z","BREAKING: Pentagon says strikes on Iran are a form of 'coercive diplomacy' that are 'designed to force Iranian concessions at the negotiating table', according to Wall Street Journal report.","breaking-pentagon-says-strikes-on-iran-are-a-form-of-coercive-diplomacy-that-are-designed-to-force-iranian-concessions-at-the-negotiating-table-according-to-wall-street-journal-report-2064828240947204415","0",""
"10698","2064833334463828200","2026-06-10T22:20:01.000Z","BREAKING: Iranian state media says the military is targeting US ships near the Strait of Hormuz","breaking-iranian-state-media-says-the-military-is-targeting-us-ships-near-the-strait-of-hormuz-2064833334463828153","0",""
"10699","2064832798012457000","2026-06-10T22:20:02.000Z","BREAKING: Oil prices are up 4% as US strikes targets in Iran","breaking-oil-prices-are-up-4-as-us-strikes-targets-in-iran-2064832798012457028","0",""
"10700","2064838373542593000","2026-06-10T22:40:04.000Z","Israeli media reports the US is striking Iran in several waves and that the Israeli military is not involved.","israeli-media-reports-the-us-is-striking-iran-in-several-waves-and-that-the-israeli-military-is-not-involved-2064838373542592937","0",""
"10702","2064843095242571800","2026-06-10T23:00:04.000Z","BREAKING: Iran announces the Strait of Hormuz is shut to all traffic","breaking-iran-announces-the-strait-of-hormuz-is-shut-to-all-traffic-2064843095242571891","0",""
"10701","2064843423073595600","2026-06-10T23:00:04.000Z","BREAKING: US crude oil price surges by over 5% amid new strikes on Iran","breaking-us-crude-oil-price-surges-by-over-5-amid-new-strikes-on-iran-2064843423073595724","0",""
"10704","2064848633321967900","2026-06-10T23:20:03.000Z","BREAKING: US strikes on Iran are ongoing, according to Fox News report.","breaking-us-strikes-on-iran-are-ongoing-according-to-fox-news-report-2064848633321967921","0",""
"10703","2064848950583345200","2026-06-10T23:20:03.000Z","BREAKING: US crude oil price now up by over 6%","breaking-us-crude-oil-price-now-up-by-over-6-2064848950583345267","0",""
"10705","2064852387542741500","2026-06-10T23:30:03.000Z","BREAKING: Trump says bombing will stop based on request by Iran's leaders, but will resume tomorrow if a deal is not signed, according to Fox News report.","breaking-trump-says-bombing-will-stop-based-on-request-by-irans-leaders-but-will-resume-tomorrow-if-a-deal-is-not-signed-according-to-fox-news-report-2064852387542741391","0",""
"10706","2064877131478503700","2026-06-11T01:10:02.000Z","BREAKING: US strikes west of Tehran in what appears to be another wave of attacks","breaking-us-strikes-west-of-tehran-in-what-appears-to-be-another-wave-of-attacks-2064877131478503744","0",""
"10707","2065185672751919400","2026-06-11T21:40:02.000Z","BREAKING: Reports of blasts in Iranian city of Sirik","breaking-reports-of-blasts-in-iranian-city-of-sirik-2065185672751919481","0",""
"10708","2065224319303877000","2026-06-12T00:10:03.000Z","Marco Rubio leads chances of winning the 2028 Presidential Election with 18%, followed by JD Vance at 15% and Gavin Newsom at 14%, according to @Kalshi prediction market. https://t.co/QVio6vZtDx","marco-rubio-leads-chances-of-winning-the-2028-presidential-election-with-18-followed-by-jd-vance-at-15-and-gavin-newsom-at-14-according-to-kalshi-prediction-market-httpstcoqvio6vztdx-2065224319303877061","0","https://t.co/QVio6vZtDx"
"10709","2065282176187540000","2026-06-12T04:00:02.000Z","BREAKING: 🇰🇷 South Korea beat 🇨🇿 Czechia 2-1","breaking-south-korea-beat-czechia-2-1-2065282176187539946","0",""
"10711","2065526422823993600","2026-06-12T20:10:03.000Z","BREAKING: SpaceX share price closes up 19% on first day of trading on stock market","breaking-spacex-share-price-closes-up-19-on-first-day-of-trading-on-stock-market-2065526422823993645","0",""
"10710","2065526913549074700","2026-06-12T20:10:03.000Z","BREAKING: Iran's foreign minister says that Iranian frozen assets will be 'released' if a deal is signed","breaking-irans-foreign-minister-says-that-iranian-frozen-assets-will-be-released-if-a-deal-is-signed-2065526913549074803","0",""
"10712","2065539655068713500","2026-06-12T21:10:03.000Z","BREAKING: 🇨🇦 Canada and 🇧🇦 Bosnia Herzegovina draw 1-1","breaking-canada-and-bosnia-herzegovina-draw-1-1-2065539655068713356","0",""
"10713","2065603803613921300","2026-06-13T01:20:02.000Z","BREAKING: Trump says the US has assassinated Venezuelan terror group leader Niño Guerrero","breaking-trump-says-the-us-has-assassinated-venezuelan-terror-group-leader-nio-guerrero-2065603803613921369","0",""
"10714","2065613288663376000","2026-06-13T02:00:02.000Z","BREAKING: 🇺🇲 USA up 3-0 against 🇵🇾 Paraguay at half-time","breaking-usa-up-3-0-against-paraguay-at-half-time-2065613288663375955","0",""
"10715","2065622548432478500","2026-06-13T02:30:03.000Z","The chances of a US recession next year have risen up to 50%, according to @Kalshi prediction market. https://t.co/08RikE5970","the-chances-of-a-us-recession-next-year-have-risen-up-to-50-according-to-kalshi-prediction-market-httpstco08rike5970-2065622548432478484","0","https://t.co/08RikE5970"
"10716","2065631049707876600","2026-06-13T03:10:02.000Z","BREAKING: 🇺🇲 USA have defeated 🇵🇾 Paraguay 4-1","breaking-usa-have-defeated-paraguay-4-1-2065631049707876617","0",""
"10717","2065924044277629200","2026-06-13T22:30:02.000Z","BREAKING: 🇲🇦 Morocco go up 1-0 against 🇧🇷 Brazil in the 22nd minute","breaking-morocco-go-up-1-0-against-brazil-in-the-22nd-minute-2065924044277629298","0",""
"10718","2065950394950529300","2026-06-14T00:20:02.000Z","BREAKING: 🇧🇷 Brazil and 🇲🇦 Morocco draw 1-1","breaking-brazil-and-morocco-draw-1-1-2065950394950529171","0",""
"10719","2066000189417214200","2026-06-14T03:40:03.000Z","BREAKING: New York Knicks win first title since 1973","breaking-new-york-knicks-win-first-title-since-1973-2066000189417214088","0",""
"10720","2066020385234293000","2026-06-14T05:00:03.000Z","BREAKING: 🇦🇺 Australia lead 🇹🇷 Turkey 1-0 at half-time","breaking-australia-lead-turkey-1-0-at-half-time-2066020385234292865","0",""
"10721","2066037277294514700","2026-06-14T06:00:04.000Z","BREAKING: 🇦🇺 Australia beats 🇹🇷 Turkey 2-0","breaking-australia-beats-turkey-2-0-2066037277294514577","0",""
"10722","2066278558738313500","2026-06-14T22:00:02.000Z","BREAKING: 🇯🇵 Japan and 🇳🇱 Netherlands draw 2-2","breaking-japan-and-netherlands-draw-2-2-2066278558738313519","0",""
"10723","2066284098373738800","2026-06-14T22:20:03.000Z","BREAKING: Oil prices fall by over 4% on reports of US-Iran deal","breaking-oil-prices-fall-by-over-4-on-reports-of-us-iran-deal-2066284098373738708","0",""
"10724","2066289388125057500","2026-06-14T22:40:02.000Z","BREAKING: Trump post about US-Iran deal https://t.co/rzEQ1PcVGb","breaking-trump-post-about-us-iran-deal-httpstcorzeq1pcvgb-2066289388125057478","0","https://t.co/rzEQ1PcVGb"
"10725","2066306263156441300","2026-06-14T23:50:01.000Z","BREAKING: Trump says deal with Iran was reached despite objections by Israeli PM Netanyahu, according to NY Times report.","breaking-trump-says-deal-with-iran-was-reached-despite-objections-by-israeli-pm-netanyahu-according-to-ny-times-report-2066306263156441278","0",""
"10726","2066444467486552300","2026-06-15T09:00:04.000Z","BREAKING: Israel's National Security Minister Ben Gvir says that US-Iran deal 'does not bind us'","breaking-israels-national-security-minister-ben-gvir-says-that-us-iran-deal-does-not-bind-us-2066444467486552406","0",""
"10728","2066619899196342800","2026-06-15T20:40:03.000Z","BREAKING: Over $1.2 trillion value added to US stock market today","breaking-over-12-trillion-value-added-to-us-stock-market-today-2066619899196342773","0",""
"10727","2066620025046528500","2026-06-15T20:40:03.000Z","BREAKING: B-52 Stratofortress has crashed in California","breaking-b-52-stratofortress-has-crashed-in-california-2066620025046528447","0",""
"10729","2066626522530869500","2026-06-15T21:00:02.000Z","BREAKING: 🇧🇪 Belgium and 🇪🇬  Egypt draw 1-1","breaking-belgium-and-egypt-draw-1-1-2066626522530869619","0",""
"10730","2066625332153889000","2026-06-15T21:00:03.000Z","BREAKING: Iranian state media says that five vessels have passed as US naval blockade is lifted","breaking-iranian-state-media-says-that-five-vessels-have-passed-as-us-naval-blockade-is-lifted-2066625332153888929","0",""
"10731","2066628970301538600","2026-06-15T21:10:03.000Z","BREAKING: Hezbollah says it targeted Israeli forces with rockets and artillery","breaking-hezbollah-says-it-targeted-israeli-forces-with-rockets-and-artillery-2066628970301538562","0",""
"10733","2066645491706929700","2026-06-15T22:20:03.000Z","BREAKING: The Trump administration is considering a $300 billion fund for Iran if it 'agrees to a final settlement to end the war that includes a nuclear deal', according to Financial Times report.","breaking-the-trump-administration-is-considering-a-300-billion-fund-for-iran-if-it-agrees-to-a-final-settlement-to-end-the-war-that-includes-a-nuclear-deal-according-to-financial-times-report-2066645491706929642","0",""
"10732","2066645591632077000","2026-06-15T22:20:03.000Z","BREAKING: Eight people killed in B-52 crash at Edwards Air Force Base in California","breaking-eight-people-killed-in-b-52-crash-at-edwards-air-force-base-in-california-2066645591632077053","0",""
"10734","2066657010125267000","2026-06-15T23:10:03.000Z","The chances of a US-Iran nuclear deal before October have risen up to 52%, according to @Kalshi prediction market. https://t.co/T3xc2sf10t","the-chances-of-a-us-iran-nuclear-deal-before-october-have-risen-up-to-52-according-to-kalshi-prediction-market-httpstcot3xc2sf10t-2066657010125266996","0","https://t.co/T3xc2sf10t"
"10735","2066673368418640400","2026-06-16T00:10:04.000Z","BREAKING: 🇸🇦 Saudi Arabia and 🇺🇾 Uruguay draw 1-1","breaking-saudi-arabia-and-uruguay-draw-1-1-2066673368418640263","0",""
"10736","2066681243731923000","2026-06-16T00:40:01.000Z","BREAKING: Axios reports that CIA director Ratcliffe warned President Trump there were serious doubts as to whether Iran would make nuclear concessions for a final deal","breaking-axios-reports-that-cia-director-ratcliffe-warned-president-trump-there-were-serious-doubts-as-to-whether-iran-would-make-nuclear-concessions-for-a-final-deal-2066681243731923064","0",""
"10737","2066691441368433200","2026-06-16T01:20:03.000Z","BREAKING: Elon Musk net worth rises to $1.3 trillion as SpaceX share price rises in overnight trading https://t.co/PUDY7x2SYt","breaking-elon-musk-net-worth-rises-to-13-trillion-as-spacex-share-price-rises-in-overnight-trading-httpstcopudy7x2syt-2066691441368433124","0","https://t.co/PUDY7x2SYt"
"10738","2066751273844814300","2026-06-16T05:20:03.000Z","BREAKING: 🇯🇵 Bank of Japan raises interest rate to 1%, the highest since 1995.","breaking-bank-of-japan-raises-interest-rate-to-1-the-highest-since-1995-2066751273844814284","0",""
"10739","2066823097299464200","2026-06-16T10:00:03.000Z","BREAKING: Trump says he suggested to Israel that Syria should deal with Hezbollah","breaking-trump-says-he-suggested-to-israel-that-syria-should-deal-with-hezbollah-2066823097299464231","0",""
"10740","2066823595943457000","2026-06-16T10:10:01.000Z","BREAKING: Trump says 'without me there'd be no Israel'","breaking-trump-says-without-me-thered-be-no-israel-2066823595943456954","0",""
"10741","2066827595396903200","2026-06-16T10:20:04.000Z","BREAKING: Trump says 'if it weren't for the United States of America' then 'Israel would not exist right now'","breaking-trump-says-if-it-werent-for-the-united-states-of-america-then-israel-would-not-exist-right-now-2066827595396903071","0",""
"10742","2067003291754738000","2026-06-16T23:50:34.000Z","BREAKING: US-Iran deal includes plan to establish $300 billion fund for Iran","breaking-us-iran-deal-includes-plan-to-establish-300-billion-fund-for-iran-2067003291754737951","0",""
"10743","2067034798393324000","2026-06-17T00:30:14.000Z","BREAKING: 🇳🇴 Norway beats 🇮🇶 Iraq 4-1, with Haaland scoring a double.","breaking-norway-beats-iraq-4-1-with-haaland-scoring-a-double-2067034798393324011","0",""
"10744","2067080604550844400","2026-06-17T03:10:03.000Z","BREAKING: Messi scores hat-trick as 🇦🇷 Argentina beat 🇩🇿 Algeria 3-0","breaking-messi-scores-hat-trick-as-argentina-beat-algeria-3-0-2067080604550844492","0",""
"10745","2067107461426024400","2026-06-17T04:50:02.000Z","BREAKING: 🇯🇵 Japan's exports have risen by 17% over the past year","breaking-japans-exports-have-risen-by-17-over-the-past-year-2067107461426024523","0",""
"10746","2067355215410688300","2026-06-17T21:20:03.000Z","BREAKING: Apple is set to raise prices on its products due to 'surging costs of memory and storage chips', according to CEO Tim Cook in interview with Wall Street Journal.","breaking-apple-is-set-to-raise-prices-on-its-products-due-to-surging-costs-of-memory-and-storage-chips-according-to-ceo-tim-cook-in-interview-with-wall-street-journal-2067355215410688327","0",""
"10748","2067357766256406500","2026-06-17T21:30:04.000Z","BREAKING: Iran and US electronically sign memorandum of understanding to end war, according to Axios.","breaking-iran-and-us-electronically-sign-memorandum-of-understanding-to-end-war-according-to-axios-2067357766256406575","0",""
"10747","2067358717738390000","2026-06-17T21:30:04.000Z","BREAKING: US-Iran deal ending war is now in effect","breaking-us-iran-deal-ending-war-is-now-in-effect-2067358717738389894","0",""
"10749","2067366985076482300","2026-06-17T22:10:03.000Z","BREAKING: 🏴󠁧󠁢󠁥󠁮󠁧󠁿England beat 🇭🇷 Croatia 4-2","breaking-england-beat-croatia-4-2-2067366985076482364","0",""
"10751","2067364873462481400","2026-06-17T22:10:04.000Z","BREAKING: White House confirms that Trump has signed memorandum of understanding with Iran, according to Reuters report.","breaking-white-house-confirms-that-trump-has-signed-memorandum-of-understanding-with-iran-according-to-reuters-report-2067364873462481304","0",""
"10750","2067366508460986600","2026-06-17T22:10:04.000Z","BREAKING: Iranian foreign ministry says Tehran will charge fees for services in Strait of Hormuz","breaking-iranian-foreign-ministry-says-tehran-will-charge-fees-for-services-in-strait-of-hormuz-2067366508460986613","0",""
"10752","2067423463657378000","2026-06-18T01:50:03.000Z","The chances of traffic at the Strait of Hormuz returning to normal by the 1st of September have risen to 64% according to @Kalshi prediction market. https://t.co/1x3Uv2j9nP","the-chances-of-traffic-at-the-strait-of-hormuz-returning-to-normal-by-the-1st-of-september-have-risen-to-64-according-to-kalshi-prediction-market-httpstco1x3uv2j9np-2067423463657378159","0","https://t.co/1x3Uv2j9nP"
"10753","2067451296983204400","2026-06-18T03:40:03.000Z","US crude oil prices

One month ago: $102

Now: $75 https://t.co/QOXmokOhP9","us-crude-oil-prices-one-month-ago-102-now-75-httpstcoqoxmokohp9-2067451296983204229","0","https://t.co/QOXmokOhP9"
"10754","2067531399918453000","2026-06-18T09:00:04.000Z","BREAKING: Trump post about Iran deal https://t.co/mS84VuJpZD","breaking-trump-post-about-iran-deal-httpstcoms84vujpzd-2067531399918452885","0","https://t.co/mS84VuJpZD"
"10755","2067851730235371800","2026-06-19T06:10:04.000Z","BREAKING: Israeli military says currently striking Hezbollah targets in southern Lebanon","breaking-israeli-military-says-currently-striking-hezbollah-targets-in-southern-lebanon-2067851730235371743","0",""
"10756","2067885532265558500","2026-06-19T08:40:03.000Z","Israel's defense minister Israel Katz says that 'nobody can tell us what to do' even if Trump 'says otherwise'. https://t.co/XNTh51pmn1","israels-defense-minister-israel-katz-says-that-nobody-can-tell-us-what-to-do-even-if-trump-says-otherwise-httpstcoxnth51pmn1-2067885532265558495","0","https://t.co/XNTh51pmn1"
"10757","2067900860668182800","2026-06-19T09:30:02.000Z","BREAKING: US-Iran peace talks in Switzerland have been postponed","breaking-us-iran-peace-talks-in-switzerland-have-been-postponed-2067900860668182700","0",""
"10758","2067906451037905000","2026-06-19T09:50:02.000Z","BREAKING: Israeli military says it struck 80 targets in southern Lebanon","breaking-israeli-military-says-it-struck-80-targets-in-southern-lebanon-2067906451037904923","0",""
"10759","2068077510450110500","2026-06-19T21:10:04.000Z","BREAKING: 🇺🇸 USA beats 🇦🇺 Australia 2-0, go top of their group.","breaking-usa-beats-australia-2-0-go-top-of-their-group-2068077510450110528","0",""
"10760","2068099485721670100","2026-06-19T22:40:02.000Z","BREAKING: US intelligence has warned the Trump Administration that 'Israel is likely to undermine Iran peace deal', according to Washington Post report.","breaking-us-intelligence-has-warned-the-trump-administration-that-israel-is-likely-to-undermine-iran-peace-deal-according-to-washington-post-report-2068099485721670122","0",""
"10761","2068121603733590000","2026-06-20T00:00:03.000Z","BREAKING: 🇲🇦 Morocco beat 🏴󠁧󠁢󠁳󠁣󠁴󠁿 Scotland 1-0","breaking-morocco-beat-scotland-1-0-2068121603733590119","0",""
"10762","2068159128565096700","2026-06-20T02:30:03.000Z","Brent crude oil prices

One month ago: $105

Now: $80 https://t.co/VQVFCEODUC","brent-crude-oil-prices-one-month-ago-105-now-80-httpstcovqvfceoduc-2068159128565096686","0","https://t.co/VQVFCEODUC"
"10763","2068159754837663700","2026-06-20T02:40:04.000Z","BREAKING: 🇧🇷 Brazil beat 🇭🇹 Haiti 3-0","breaking-brazil-beat-haiti-3-0-2068159754837663813","0",""
"10764","2068198716855693800","2026-06-20T05:10:02.000Z","BREAKING: 🇹🇷 Turkey knocked out of the World Cup after losing 1-0 to 🇵🇾 Paraguay","breaking-turkey-knocked-out-of-the-world-cup-after-losing-1-0-to-paraguay-2068198716855693735","0",""
"10765","2068261408085868800","2026-06-20T09:20:03.000Z","BREAKING: Israeli strikes on Hezbollah targets in southern Lebanon","breaking-israeli-strikes-on-hezbollah-targets-in-southern-lebanon-2068261408085868837","0",""
"10766","2068281439419031800","2026-06-20T10:40:02.000Z","Currency against US Dollar over past month.

🇮🇳 India: +2%
🇵🇭 Philippines: +1.4%
🇨🇳 China: +0.3%
🇻🇳 Vietnam: +0.2%
🇵🇰 Pakistan: +0.1%

🇹🇭 Thailand: -0.9%
🇸🇬 Singapore: -1%
🇮🇩 Indonesia: -1.1%
🇯🇵 Japan: -1.4%
🇰🇷 South Korea: -1.9%
🇲🇾 Malaysia: -4.2%","currency-against-us-dollar-over-past-month-india-2-philippines-14-china-03-vietnam-02-pakistan-01-thailand-09-singapore-1-indonesia-11-japan-14-south-korea-19-malaysia-42-2068281439419031749","0",""
"10767","2068302854780031500","2026-06-20T12:10:04.000Z","Annual inflation rate.

🇦🇷 Argentina: 33.6%
🇹🇷 Turkey: 32.6%
🇷🇺 Russia: 5.3%
🇧🇷 Brazil: 4.7%
🇿🇦 South Africa: 4.5%
🇦🇺 Australia: 4.2%
🇺🇸 United States: 4.2%
🇲🇽 Mexico: 3.94%
🇮🇳 India: 3.93%
🇮🇹 Italy: 3.2%
🇪🇸 Spain: 3.2%
🇰🇷 South Korea: 3.1%
🇮🇩 Indonesia: 3.08%
🇨🇦 Canada: 2.8%
🇬🇧 United Kingdom: 2.8%
🇩🇪 Germany: 2.6%
🇫🇷 France: 2.4%
🇸🇦 Saudi Arabia: 1.8%
🇸🇬 Singapore: 1.8%
🇯🇵 Japan: 1.5%
🇨🇳 China: 1.2%","annual-inflation-rate-argentina-336-turkey-326-russia-53-brazil-47-south-africa-45-australia-42-united-states-42-mexico-394-india-393-italy-32-spain-32-south-korea-31-indonesia-308-canada-28-united-kingdom-28-germany-26-france-24-saudi-arabia-18-singapore","0",""
"10768","2068333052770570200","2026-06-20T14:10:04.000Z","Youth unemployment rate

🇿🇦 South Africa: 60.9%
🇪🇸 Spain: 23.7%
🇫🇷 France: 21.4%
🇮🇹 Italy: 16.9%
🇨🇳 China: 16.3%
🇬🇧 United Kingdom: 14.5%
🇹🇷 Turkey: 14.5%
🇨🇦 Canada: 13.4%
🇸🇦 Saudi Arabia: 12.3%
🇦🇺 Australia: 11.1%
🇺🇸 United States: 9.4%
🇰🇷 South Korea: 7.2%
🇩🇪 Germany: 7.2%
🇯🇵 Japan: 3.6%","youth-unemployment-rate-south-africa-609-spain-237-france-214-italy-169-china-163-united-kingdom-145-turkey-145-canada-134-saudi-arabia-123-australia-111-united-states-94-south-korea-72-germany-72-japan-36-2068333052770570363","0",""
"10769","2068431744794349600","2026-06-20T20:40:02.000Z","BREAKING: US Vice President JD Vance is departing for Switzerland for talks on Iran deal","breaking-us-vice-president-jd-vance-is-departing-for-switzerland-for-talks-on-iran-deal-2068431744794349657","0",""
"10770","2068435243611410700","2026-06-20T20:50:04.000Z","The chances of UK Prime Minister Keir Starmer announcing his departure before the 1st of July have surged to 93% according to prediction market @Kalshi. https://t.co/SlixhcAkyi","the-chances-of-uk-prime-minister-keir-starmer-announcing-his-departure-before-the-1st-of-july-have-surged-to-93-according-to-prediction-market-kalshi-httpstcoslixhcakyi-2068435243611410564","0","https://t.co/SlixhcAkyi"
"10771","2068442240188547000","2026-06-20T21:20:03.000Z","🇺🇸 US military says the Strait of Hormuz remains open, despite Iranian declaration it was shut due to breaches of ceasefire.","-us-military-says-the-strait-of-hormuz-remains-open-despite-iranian-declaration-it-was-shut-due-to-breaches-of-ceasefire-2068442240188547159","0",""
"10773","2068453979105988600","2026-06-20T22:10:03.000Z","BREAKING: 🇩🇪 Germany beat 🇨🇮 Ivory Coast 2-1 and advance to knock-out phase.","breaking-germany-beat-ivory-coast-2-1-and-advance-to-knock-out-phase-2068453979105988716","0",""
"10772","2068454879396532700","2026-06-20T22:10:03.000Z","Qualified for the knockout phase of the World Cup

🇺🇸 USA
🇲🇽 Mexico
🇩🇪 Germany","qualified-for-the-knockout-phase-of-the-world-cup-usa-mexico-germany-2068454879396532719","0",""
"10774","2068473575057826000","2026-06-20T23:20:03.000Z","Price change since start of 2026.

Wool: +29%
Rice: +27%
Rubber: +26%
Cotton: +24%
Wheat: +18%
Tea: +15%
Cheese: +9%
Soybeans: +9%
Milk: +5%","price-change-since-start-of-2026-wool-29-rice-27-rubber-26-cotton-24-wheat-18-tea-15-cheese-9-soybeans-9-milk-5-2068473575057826080","0",""
"10775","2068573825370042600","2026-06-21T06:00:04.000Z","BREAKING: 🇯🇵 Japan beat 🇹🇳 Tunisia 4-0","breaking-japan-beat-tunisia-4-0-2068573825370042616","0",""
"10776","2068638546022535200","2026-06-21T10:20:03.000Z","BREAKING: Iran's president says the country will never give up its right to enrich uranium","breaking-irans-president-says-the-country-will-never-give-up-its-right-to-enrich-uranium-2068638546022535181","0",""
"10777","2068648040739782700","2026-06-21T11:00:03.000Z","BREAKING: Israel's defense minister says the military will not withdraw from security zone in Lebanon","breaking-israels-defense-minister-says-the-military-will-not-withdraw-from-security-zone-in-lebanon-2068648040739782779","0",""
"10778","2068804497774956500","2026-06-21T21:20:03.000Z","BREAKING: Iranian media reports that the delegation, which withdrew from talks in protest over Trump's threats, are on the verge of returning to the country.","breaking-iranian-media-reports-that-the-delegation-which-withdrew-from-talks-in-protest-over-trumps-threats-are-on-the-verge-of-returning-to-the-country-2068804497774956617","0",""
"10779","2068809617791205400","2026-06-21T21:40:02.000Z","Trump post about US achievements in Iran war. https://t.co/wkWNdvC4lU","trump-post-about-us-achievements-in-iran-war-httpstcowkwndvc4lu-2068809617791205483","0","https://t.co/wkWNdvC4lU"
"10780","2068825923227636200","2026-06-21T22:40:01.000Z","BREKAING: Colombian presidential candidate Abelardo de la Espriella, backed by Trump, wins election. https://t.co/U6oJQubo0o","brekaing-colombian-presidential-candidate-abelardo-de-la-espriella-backed-by-trump-wins-election-httpstcou6ojqubo0o-2068825923227636100","0","https://t.co/U6oJQubo0o"
"10781","2068840588271886800","2026-06-21T23:40:02.000Z","BREAKING: Colombia's president Gustavo Petro says he does not recognize results of the presidential election and suggests interference from Israel","breaking-colombias-president-gustavo-petro-says-he-does-not-recognize-results-of-the-presidential-election-and-suggests-interference-from-israel-2068840588271886836","0",""
"10782","2068849709125640400","2026-06-22T00:20:03.000Z","BREAKING: 🇨🇻 Cape Verde draw 2-2 with 🇺🇾 Uruguay","breaking-cape-verde-draw-2-2-with-uruguay-2068849709125640372","0",""
"10783","2068865343842549800","2026-06-22T01:20:03.000Z","BREAKING: Pakistan and Qatar says US-Iran talks have been 'constructive' and that there has been agreement on 60-day dialogue plan","breaking-pakistan-and-qatar-says-us-iran-talks-have-been-constructive-and-that-there-has-been-agreement-on-60-day-dialogue-plan-2068865343842549776","0",""
"10784","2068892057947791600","2026-06-22T03:10:02.000Z","BREAKING: 🇪🇬 Egypt beats 🇳🇿 New Zealand 3-1","breaking-egypt-beats-new-zealand-3-1-2068892057947791615","0",""
"10785","2068970985647464400","2026-06-22T08:20:04.000Z","BREAKING: UK Prime Minister Keir Starmer is set to announce his resignation","breaking-uk-prime-minister-keir-starmer-is-set-to-announce-his-resignation-2068970985647464567","0",""
"10786","2068970452949811500","2026-06-22T08:20:05.000Z","BREAKING: Podium is being prepared for statement out of Downing Street","breaking-podium-is-being-prepared-for-statement-out-of-downing-street-2068970452949811514","0",""
"10787","2068973093759185200","2026-06-22T08:30:02.000Z","BREAKING: Staff at Downing Street have been informed that Keir Starmer is preparing to resign","breaking-staff-at-downing-street-have-been-informed-that-keir-starmer-is-preparing-to-resign-2068973093759185263","0",""
"10788","2068975570147475500","2026-06-22T08:40:03.000Z","BREAKING: UK PRIME MINISTER KEIR STARMER RESIGNS https://t.co/uqEEWGPiUy","breaking-uk-prime-minister-keir-starmer-resigns-httpstcouqeewgpiuy-2068975570147475578","0","https://t.co/uqEEWGPiUy"
"10789","2068998713381704000","2026-06-22T10:10:03.000Z","BREAKING: Andy Burnham nominates to lead UK Labour Party and become next Prime Minister https://t.co/Wq2tSupLxt","breaking-andy-burnham-nominates-to-lead-uk-labour-party-and-become-next-prime-minister-httpstcowq2tsuplxt-2068998713381704059","0","https://t.co/Wq2tSupLxt"
"10790","2069168243500347600","2026-06-22T21:20:03.000Z","World Cup leading scorers.

🇦🇷 Lionel Messi: 5
🇩🇪 Deniz Undav: 3
🇨🇦 Jonathan David: 3
🇯🇵 Ayase Ueda: 2
🇳🇱 Cody Gakpo: 2
🇳🇱 Crysencio Summerville: 2
🇨🇦 Cyle Larin: 2
🇯🇵 Daichi Kamada: 2
🇳🇴 Erling Haaland: 2
🇺🇸 Folarin Balogun: 2
🏴󠁧󠁢󠁥󠁮󠁧󠁿 Harry Kane: 2
🇲🇦 Ismael Saibari: 2
🇨🇭 Johan Manzambi: 2
🇧🇷 Matheus Cunha: 2
🇧🇷 Vinícius Júnior: 2","world-cup-leading-scorers-lionel-messi-5-deniz-undav-3-jonathan-david-3-ayase-ueda-2-cody-gakpo-2-crysencio-summerville-2-cyle-larin-2-daichi-kamada-2-erling-haaland-2-folarin-balogun-2-harry-kane-2-ismael-saibari-2-johan-manzambi-2-matheus-cunha-2-vinciu","0",""
"10791","2069169968911090000","2026-06-22T21:30:03.000Z","World Cup leading scorers.

🇦🇷 Lionel Messi: 5
🇩🇪 Deniz Undav: 3
🇨🇦 Jonathan David: 3
🇯🇵 Ayase Ueda: 2
🇳🇱 Cody Gakpo: 2
🇳🇱 Crysencio Summerville: 2
🇨🇦 Cyle Larin: 2
🇯🇵 Daichi Kamada: 2
🇳🇴 Erling Haaland: 2
🇺🇸 Folarin Balogun: 2
🏴󠁧󠁢󠁥󠁮󠁧󠁿 Harry Kane: 2
🇲🇦 Ismael Saibari: 2
🇨🇭 Johan Manzambi: 2
🇧🇷 Matheus Cunha: 2
🇧🇷 Vinícius Júnior: 2
🇳🇱 Brian Brobbey: 2","world-cup-leading-scorers-lionel-messi-5-deniz-undav-3-jonathan-david-3-ayase-ueda-2-cody-gakpo-2-crysencio-summerville-2-cyle-larin-2-daichi-kamada-2-erling-haaland-2-folarin-balogun-2-harry-kane-2-ismael-saibari-2-johan-manzambi-2-matheus-cunha-2-vinciu","0",""
"10792","2069221024852549600","2026-06-23T00:50:03.000Z","BREAKING: 🇫🇷 France beat 🇮🇶 Iraq 3-0, as Mbappe scores a double.","breaking-france-beat-iraq-3-0-as-mbappe-scores-a-double-2069221024852549655","0",""
"10793","2069221679147143400","2026-06-23T01:00:03.000Z","World Cup top scorers, so far.

🇦🇷 Lionel Messi: 5
🇫🇷 Kylian Mbappe: 4
🇩🇪 Deniz Undav: 3
🇨🇦 Jonathan David: 3
🇳🇱 Crysencio Summerville: 2
🇪🇸 Mikel Oyarzabal: 2
🇺🇾 Maxi Araujo: 2
🇯🇵 Ayase Ueda: 2
🇳🇱 Cody Gakpo: 2
🇧🇷 Vinicius Junior: 2
🇨🇭 Johan Manzambi: 2
🇳🇱 Brian Brobbey: 2
🏴󠁧󠁢󠁥󠁮󠁧󠁿 Harry Kane: 2
🇧🇷 Matheus Cunha: 2
🇨🇦 Cyle Larin: 2
🇳🇴 Erling Haaland: 2
🇯🇵 Daichi Kamada: 2
🇺🇸 Folarin Balogun: 2
🇲🇦 Ismael Saibari: 2
🇸🇪 Yasin Ayari: 2
🇳🇿 Elijah Just: 2
🇩🇪 Kai Havertz: 2","world-cup-top-scorers-so-far-lionel-messi-5-kylian-mbappe-4-deniz-undav-3-jonathan-david-3-crysencio-summerville-2-mikel-oyarzabal-2-maxi-araujo-2-ayase-ueda-2-cody-gakpo-2-vinicius-junior-2-johan-manzambi-2-brian-brobbey-2-harry-kane-2-matheus-cunha-2-cy","0",""
"10794","2069226952192573400","2026-06-23T01:20:02.000Z","BREAKING: Iran's chief negotiator Mohammad Ghalibaf says Iran will administer the Strait of Hormuz","breaking-irans-chief-negotiator-mohammad-ghalibaf-says-iran-will-administer-the-strait-of-hormuz-2069226952192573524","0",""
"10796","2069239024896905700","2026-06-23T02:10:03.000Z","BREAKING: Haaland double helps 🇳🇴 Norway beat 🇸🇳Senegal 3-2","breaking-haaland-double-helps-norway-beat-senegal-3-2-2069239024896905682","0",""
"10795","2069239995807003000","2026-06-23T02:10:03.000Z","Qualified for the knockout phase of the World Cup

🇺🇸 USA
🇲🇽 Mexico
🇩🇪 Germany
🇦🇷 Argentina
🇫🇷 France
🇳🇴 Norway","qualified-for-the-knockout-phase-of-the-world-cup-usa-mexico-germany-argentina-france-norway-2069239995807002917","0",""
"10797","2069316242868199700","2026-06-23T07:10:02.000Z","BREAKING: 🇰🇷 South Korea's KOSPI index plunges by 10%","breaking-south-koreas-kospi-index-plunges-by-10-2069316242868199590","0",""
"10798","2069359345851355400","2026-06-23T10:00:02.000Z","World Cup top scorers, so far.

🇦🇷 Lionel Messi: 5
🇫🇷 Kylian Mbappe: 4
🇳🇴 Erling Haaland: 4
🇩🇪 Deniz Undav: 3
🇨🇦 Jonathan David: 3
🇳🇱 Crysencio Summerville: 2
🇪🇸 Mikel Oyarzabal: 2
🇺🇾 Maxi Araujo: 2
🇯🇵 Ayase Ueda: 2
🇳🇱 Cody Gakpo: 2
🇧🇷 Vinicius Junior: 2
🇨🇭 Johan Manzambi: 2
🇳🇱 Brian Brobbey: 2
🏴󠁧󠁢󠁥󠁮󠁧󠁿 Harry Kane: 2
🇧🇷 Matheus Cunha: 2
🇨🇦 Cyle Larin: 2
🇯🇵 Daichi Kamada: 2
🇺🇸 Folarin Balogun: 2
🇲🇦 Ismael Saibari: 2
🇸🇪 Yasin Ayari: 2
🇸🇳 Ismaila Sarr: 2
🇳🇿 Elijah Just: 2
🇩🇪 Kai Havertz: 2","world-cup-top-scorers-so-far-lionel-messi-5-kylian-mbappe-4-erling-haaland-4-deniz-undav-3-jonathan-david-3-crysencio-summerville-2-mikel-oyarzabal-2-maxi-araujo-2-ayase-ueda-2-cody-gakpo-2-vinicius-junior-2-johan-manzambi-2-brian-brobbey-2-harry-kane-2-m","0",""
"10799","2069370184717267200","2026-06-23T10:50:01.000Z","BREAKING: Iran's president has arrived in Pakistan","breaking-irans-president-has-arrived-in-pakistan-2069370184717267100","0",""
"10803","2069618073456583000","2026-06-24T03:10:02.000Z","President Trump says he has Iran 'on the ropes'. https://t.co/6xJU4K2VRc","president-trump-says-he-has-iran-on-the-ropes-httpstco6xju4k2vrc-2069618073456582895","0","https://t.co/6xJU4K2VRc"
"10804","2069699144307118300","2026-06-24T08:30:03.000Z","US crude oil prices

One month ago: $92

Now: $71 https://t.co/tmZxmFjbu6","us-crude-oil-prices-one-month-ago-92-now-71-httpstcotmzxmfjbu6-2069699144307118243","0","https://t.co/tmZxmFjbu6"
"10805","2069734212543168800","2026-06-24T10:50:03.000Z","BREAKING: Israeli defense minister says military will not withdraw from southern Lebanon even if that is demanded by the United States","breaking-israeli-defense-minister-says-military-will-not-withdraw-from-southern-lebanon-even-if-that-is-demanded-by-the-united-states-2069734212543168800","0",""
"10806","2069882582205177900","2026-06-24T20:40:03.000Z","Bitcoin

1st of January, 2026: $88,750

Now: $59,890 https://t.co/uYvqAQkAHr","bitcoin-1st-of-january-2026-88750-now-59890-httpstcouyvqaqkahr-2069882582205177980","0","https://t.co/uYvqAQkAHr"
"10807","2069885583850422500","2026-06-24T20:50:01.000Z","BREAKING: Trump says that oil companies are not reducing gas prices enough","breaking-trump-says-that-oil-companies-are-not-reducing-gas-prices-enough-2069885583850422478","0",""
"10808","2069887574920102100","2026-06-24T21:00:03.000Z","BREAKING: 🇨🇭 Switzerland and 🇨🇦 Canada qualify for knock-out phase of the World Cup","breaking-switzerland-and-canada-qualify-for-knock-out-phase-of-the-world-cup-2069887574920102153","0",""
"10809","2069893689661604000","2026-06-24T21:30:02.000Z","🇺🇸 JD Vance leads chances of winning the 2028 Presidential Election with 18%, followed by Marco Rubio at 17% and Gavin Newsom at 14%, according to @Kalshi prediction market. https://t.co/Cx76GUnaiw","-jd-vance-leads-chances-of-winning-the-2028-presidential-election-with-18-followed-by-marco-rubio-at-17-and-gavin-newsom-at-14-according-to-kalshi-prediction-market-httpstcocx76gunaiw-2069893689661604044","0","https://t.co/Cx76GUnaiw"
"10811","2069907501383078100","2026-06-24T22:20:03.000Z","Qualified for the knockout phase of the World Cup

🇺🇸 USA
🇲🇽 Mexico
🇩🇪 Germany
🇦🇷 Argentina
🇫🇷 France
🇳🇴 Norway
🇨🇴 Colombia
🇨🇦 Canada
🇨🇭 Switzerland","qualified-for-the-knockout-phase-of-the-world-cup-usa-mexico-germany-argentina-france-norway-colombia-canada-switzerland-2069907501383078198","0",""
"10810","2069908070038471000","2026-06-24T22:20:03.000Z","BREAKING: Tsunami alert for Venezuela following 7.1 magnitude earthquake","breaking-tsunami-alert-for-venezuela-following-71-magnitude-earthquake-2069908070038470848","0",""
"10812","2069929231006765000","2026-06-24T23:50:03.000Z","BREAKING: Reports of significant damage across parts of Venezuela after powerful earthquake","breaking-reports-of-significant-damage-across-parts-of-venezuela-after-powerful-earthquake-2069929231006765089","0",""
"10814","2069933963557449700","2026-06-25T00:10:03.000Z","BREAKING: 🇲🇦 Morocco beat 🇭🇹 Haiti 4-2 and qualify for the knock-out phase of the World Cup","breaking-morocco-beat-haiti-4-2-and-qualify-for-the-knock-out-phase-of-the-world-cup-2069933963557449769","0",""
"10813","2069935884926136800","2026-06-25T00:10:03.000Z","BREAKING: 🇧🇷 Brazil beat🏴󠁧󠁢󠁳󠁣󠁴󠁿 Scotland 3-0 and qualify for knockout phase of World Cip","breaking-brazil-beat-scotland-3-0-and-qualify-for-knockout-phase-of-world-cip-2069935884926136742","0",""
"10816","2069960005366009900","2026-06-25T01:50:03.000Z","Qualified for the knockout phase of the World Cup

🇺🇸 USA
🇲🇽 Mexico
🇩🇪 Germany
🇦🇷 Argentina
🇫🇷 France
🇳🇴 Norway
🇨🇴 Colombia
🇨🇦 Canada
🇨🇭 Switzerland
🇧🇷 Brazil
🇲🇦 Morocco","qualified-for-the-knockout-phase-of-the-world-cup-usa-mexico-germany-argentina-france-norway-colombia-canada-switzerland-brazil-morocco-2069960005366009956","0",""
"10815","2069961184766505500","2026-06-25T01:50:03.000Z","BREAKING: US crude oil price falls below $70","breaking-us-crude-oil-price-falls-below-70-2069961184766505366","0",""
"10817","2069962145211855000","2026-06-25T02:00:01.000Z","BREAKING: 🇻🇪 Venezuela declares state of emergency after major earthquake","breaking-venezuela-declares-state-of-emergency-after-major-earthquake-2069962145211855230","0",""
"10818","2069978531317325800","2026-06-25T03:00:01.000Z","BREAKING: 🇿🇦 South Africa qualifies for knock-out stage after beating 🇰🇷 South Korea 1-0","breaking-south-africa-qualifies-for-knock-out-stage-after-beating-south-korea-1-0-2069978531317325867","0",""
"10819","2069977556561052200","2026-06-25T03:00:02.000Z","US government debt https://t.co/houAUXhf7f","us-government-debt-httpstcohouauxhf7f-2069977556561052097","0","https://t.co/houAUXhf7f"
"10820","2069992919730442800","2026-06-25T04:00:03.000Z","President Trump says the United States of America is ready to help Venezuela https://t.co/lnHvtdoGSA","president-trump-says-the-united-states-of-america-is-ready-to-help-venezuela-httpstcolnhvtdogsa-2069992919730442678","0","https://t.co/lnHvtdoGSA"
"10821","2070069834478678000","2026-06-25T09:10:01.000Z","Amazon has pledged an additional $13 billion to its investments in 🇮🇳 India, according to Bloomberg report. https://t.co/1GsBzvn99i","amazon-has-pledged-an-additional-13-billion-to-its-investments-in-india-according-to-bloomberg-report-httpstco1gsbzvn99i-2070069834478678068","0","https://t.co/1GsBzvn99i"
"10822","2070094790772027600","2026-06-25T10:50:02.000Z","BREAKING: Venezuela earthquake death toll has risen to 164","breaking-venezuela-earthquake-death-toll-has-risen-to-164-2070094790772027612","0",""
"10824","2070266904259047700","2026-06-25T22:20:03.000Z","BREAKING: 🇪🇨 Ecuador beat 🇩🇪 Germany 2-1","breaking-ecuador-beat-germany-2-1-2070266904259047753","0",""
"10823","2070270749362024700","2026-06-25T22:20:03.000Z","Qualified for the knockout phase of the World Cup

🇺🇸 USA
🇲🇽 Mexico
🇩🇪 Germany
🇦🇷 Argentina
🇫🇷 France
🇳🇴 Norway
🇨🇴 Colombia
🇨🇦 Canada
🇨🇭 Switzerland
🇧🇷 Brazil
🇲🇦 Morocco
🇨🇮 Ivory Coast","qualified-for-the-knockout-phase-of-the-world-cup-usa-mexico-germany-argentina-france-norway-colombia-canada-switzerland-brazil-morocco-ivory-coast-2070270749362024816","0",""
"10825","2070276242071572700","2026-06-25T22:50:04.000Z","Qualified for the knockout phase of the World Cup

🇺🇸 USA
🇲🇽 Mexico
🇩🇪 Germany
🇦🇷 Argentina
🇫🇷 France
🇳🇴 Norway
🇨🇴 Colombia
🇨🇦 Canada
🇨🇭 Switzerland
🇧🇷 Brazil
🇲🇦 Morocco
🇨🇮 Ivory Coast
🇿🇦 South Africa","qualified-for-the-knockout-phase-of-the-world-cup-usa-mexico-germany-argentina-france-norway-colombia-canada-switzerland-brazil-morocco-ivory-coast-south-africa-2070276242071572703","0",""
"10826","2070306023437750800","2026-06-26T00:40:02.000Z","The Democratic Party now has a 79% chance of winning the US House of Representatives, according to prediction market @Kalshi. https://t.co/gM4K2fW6aE","the-democratic-party-now-has-a-79-chance-of-winning-the-us-house-of-representatives-according-to-prediction-market-kalshi-httpstcogm4k2fw6ae-2070306023437750686","0","https://t.co/gM4K2fW6aE"
"10827","2070310776771072300","2026-06-26T01:00:03.000Z","BREAKING: 🇳🇱 Netherlands and 🇯🇵 Japan qualify for knockout phase of the World Cup","breaking-netherlands-and-japan-qualify-for-knockout-phase-of-the-world-cup-2070310776771072363","0",""
"10828","2070312862124515800","2026-06-26T01:20:03.000Z","Qualified for the knockout phase of the World Cup

🇺🇸 USA
🇲🇽 Mexico
🇩🇪 Germany
🇦🇷 Argentina
🇫🇷 France
🇳🇴 Norway
🇨🇴 Colombia
🇨🇦 Canada
🇨🇭 Switzerland
🇧🇷 Brazil
🇲🇦 Morocco
🇨🇮 Ivory Coast
🇿🇦 South Africa
🇳🇱 Netherlands
🇯🇵 Japan","qualified-for-the-knockout-phase-of-the-world-cup-usa-mexico-germany-argentina-france-norway-colombia-canada-switzerland-brazil-morocco-ivory-coast-south-africa-netherlands-japan-2070312862124515795","0",""
"10829","2070356219894837800","2026-06-26T04:00:02.000Z","BREAKING: 🇦🇺 Australia qualifies for the knockout phase of the World Cup","breaking-australia-qualifies-for-the-knockout-phase-of-the-world-cup-2070356219894837737","0",""
"10830","2070354400992973000","2026-06-26T04:00:03.000Z","BREAKING: Trading on 🇰🇷 South Korea's share market has been halted after it plunged by 8%","breaking-trading-on-south-koreas-share-market-has-been-halted-after-it-plunged-by-8-2070354400992973060","0",""
"10831","2070425431480934700","2026-06-26T08:40:03.000Z","BREAKING: 🇻🇪 Venezuela earthquake death toll rises to 235","breaking-venezuela-earthquake-death-toll-rises-to-235-2070425431480934637","0",""
"10832","2070464844193759500","2026-06-26T11:20:02.000Z","BREAKING: Volkswagen is aiming to 'cut 100,000 jobs in major overhaul', according to Reuters report.","breaking-volkswagen-is-aiming-to-cut-100000-jobs-in-major-overhaul-according-to-reuters-report-2070464844193759564","0",""
"10833","2070597352638062600","2026-06-26T20:00:04.000Z","BREAKING: Trump says regarding Iran ceasefire violation, 'I do not like it' and 'you will find out'.","breaking-trump-says-regarding-iran-ceasefire-violation-i-do-not-like-it-and-you-will-find-out-2070597352638062617","0",""
"10834","2070601984726761700","2026-06-26T20:20:03.000Z","BREAKING: Blasts heard in Sirik in southern Iran","breaking-blasts-heard-in-sirik-in-southern-iran-2070601984726761803","0",""
"10835","2070606280373535000","2026-06-26T20:40:04.000Z","BREAKING: Axios reports the US has conducted strikes near the Strait of Hormuz","breaking-axios-reports-the-us-has-conducted-strikes-near-the-strait-of-hormuz-2070606280373534863","0",""
"10836","2070612204416811300","2026-06-26T21:00:05.000Z","BREAKING: Fox News reports ongoing strikes against Iranian targets","breaking-fox-news-reports-ongoing-strikes-against-iranian-targets-2070612204416811149","0",""
"10838","2070613283330310100","2026-06-26T21:10:03.000Z","BREAKING: 🇫🇷 France beat 🇳🇴 Norway 4-1","breaking-france-beat-norway-4-1-2070613283330310250","0",""
"10837","2070615420630192400","2026-06-26T21:10:03.000Z","BREAKING: 🇸🇳 Senegal beat 🇮🇶  Iraq 5-0","breaking-senegal-beat-iraq-5-0-2070615420630192427","0",""
"10839","2070627790584791300","2026-06-26T22:00:02.000Z","BREAKING: Anthropic is moving towards a deal with US government to lift curbs on its latest AI models, according to Bloomberg report. https://t.co/kBdcP6SOKm","breaking-anthropic-is-moving-towards-a-deal-with-us-government-to-lift-curbs-on-its-latest-ai-models-according-to-bloomberg-report-httpstcokbdcp6sokm-2070627790584791407","0","https://t.co/kBdcP6SOKm"
"10840","2070637818813288700","2026-06-26T22:40:02.000Z","BREAKING: Iranian Revolutionary Guards say they have targeted locations hosting the US military in the region","breaking-iranian-revolutionary-guards-say-they-have-targeted-locations-hosting-the-us-military-in-the-region-2070637818813288805","0",""
"10841","2070654924359397600","2026-06-26T23:50:04.000Z","There is a 51% chance that Netanyahu leaves office this year according to @Kalshi prediction market. https://t.co/R0rXdhGD30","there-is-a-51-chance-that-netanyahu-leaves-office-this-year-according-to-kalshi-prediction-market-httpstcor0rxdhgd30-2070654924359397731","0","https://t.co/R0rXdhGD30"
"10842","2070657763060195600","2026-06-27T00:00:03.000Z","BREAKING: 🇻🇪 Venezuela earthquake death toll rises to 920","breaking-venezuela-earthquake-death-toll-rises-to-920-2070657763060195558","0",""
"10843","2070688275753558500","2026-06-27T02:00:03.000Z","BREAKING: 🇪🇸 Spain qualifies for knockout phase of the World Cup","breaking-spain-qualifies-for-knockout-phase-of-the-world-cup-2070688275753558524","0",""
"10845","2070688583258972700","2026-06-27T02:10:02.000Z","BREAKING: 🇨🇻 Cape Verde qualifies for knockout phase of the World Cup","breaking-cape-verde-qualifies-for-knockout-phase-of-the-world-cup-2070688583258972596","0",""
"10844","2070689629385482200","2026-06-27T02:10:02.000Z","🇨🇻 CAPE VERDE

- Archipelago nation of 10 volcanic islands in the Atlantic Ocean off the coast of West Africa

- Population of 500,000

- Finish second in group including Spain, Uruguay and Saudi Arabia

- Qualify for knockout phase of the World Cup https://t.co/FlsuD3sfLj","-cape-verde-archipelago-nation-of-10-volcanic-islands-in-the-atlantic-ocean-off-the-coast-of-west-africa-population-of-500000-finish-second-in-group-including-spain-uruguay-and-saudi-arabia-qualify-for-knockout-phase-of-the-world-cup-httpstcoflsud3sflj-20","0","https://t.co/FlsuD3sfLj"
"10846","2070734830036210200","2026-06-27T05:10:03.000Z","BREAKING: 🇧🇪 Belgium and 🇪🇬 Egypt qualify for knockout stage of the World Cup","breaking-belgium-and-egypt-qualify-for-knockout-stage-of-the-world-cup-2070734830036210058","0",""
"10847","2070971599982096600","2026-06-27T20:50:03.000Z","World Cup top scorers, so far.

🇦🇷 Lionel Messi: 5
🇫🇷 Kylian Mbappe: 4
🇫🇷 Ousmane Dembele: 4
🇧🇷 Vinicius Junior: 4
🇳🇴 Erling Haaland: 4
🇩🇪 Deniz Undav: 3
🇨🇭 Johan Manzambi: 3
🇸🇳 Ismaila Sarr: 3
🇳🇱 Brian Brobbey: 3
🇧🇷 Matheus Cunha: 3
🇲🇦 Ismael Saibari: 3
🇨🇦 Jonathan David: 3
🇳🇿 Elijah Just: 3","world-cup-top-scorers-so-far-lionel-messi-5-kylian-mbappe-4-ousmane-dembele-4-vinicius-junior-4-erling-haaland-4-deniz-undav-3-johan-manzambi-3-ismaila-sarr-3-brian-brobbey-3-matheus-cunha-3-ismael-saibari-3-jonathan-david-3-elijah-just-3-2070971599982096","0",""
"10848","2070982911533482200","2026-06-27T21:30:03.000Z","BREAKING: Blasts heard in Sirik, southern Iran.","breaking-blasts-heard-in-sirik-southern-iran-2070982911533482292","0",""
"10849","2070990107709198800","2026-06-27T22:00:03.000Z","BREKAING: US strikes target Iran's Qeshm Island","brekaing-us-strikes-target-irans-qeshm-island-2070990107709198819","0",""
"10850","2070988445363941600","2026-06-27T22:00:04.000Z","BREAKING: US military has conducted additional strikes against Iran after a tanker was attacked in the Strait of Hormuz","breaking-us-military-has-conducted-additional-strikes-against-iran-after-a-tanker-was-attacked-in-the-strait-of-hormuz-2070988445363941591","0",""
"10851","2071004973148889600","2026-06-27T23:00:04.000Z","BREAKING: 🏴󠁧󠁢󠁥󠁮󠁧󠁿 England beat 🇵🇦 Panama 2-0 and advance to knockout phase of World Cup","breaking-england-beat-panama-2-0-and-advance-to-knockout-phase-of-world-cup-2071004973148889535","0",""
"10852","2071012916145619500","2026-06-27T23:30:02.000Z","Trump post on new strikes against Iran. https://t.co/ntoT2D9Kxy","trump-post-on-new-strikes-against-iran-httpstcontot2d9kxy-2071012916145619395","0","https://t.co/ntoT2D9Kxy"
"10853","2071021232741556700","2026-06-28T00:10:03.000Z","Sirens are sounding in Bahrain amid suspected Iranian attack.","sirens-are-sounding-in-bahrain-amid-suspected-iranian-attack-2071021232741556633","0",""
"10854","2071035437834183000","2026-06-28T01:00:03.000Z","BREAKING: Iranian Revolutionary Guards say they have launched attacks against eight US targets","breaking-iranian-revolutionary-guards-say-they-have-launched-attacks-against-eight-us-targets-2071035437834183007","0",""
"10855","2071043080166482200","2026-06-28T01:30:03.000Z","BREAKING: 🇵🇹 Portugal advance to knockout phase of World Cup","breaking-portugal-advance-to-knockout-phase-of-world-cup-2071043080166482262","0",""
"10856","2071088385008304400","2026-06-28T04:30:03.000Z","World Cup leading scorers.

🇦🇷 Lionel Messi: 6
🇫🇷 Kylian Mbappe: 4
🇫🇷 Ousmane Dembele: 4
🇧🇷 Vinicius Junior: 4
🇳🇴 Erling Haaland: 4
🇩🇪 Deniz Undav: 3
🇨🇭 Johan Manzambi: 3
🇸🇳 Ismaila Sarr: 3
🇳🇱 Brian Brobbey: 3
🇧🇷 Matheus Cunha: 3
🇲🇦 Ismael Saibari: 3
🇨🇦 Jonathan David: 3
🏴󠁧󠁢󠁥󠁮󠁧󠁿 Harry Kane: 3
🇳🇿 Elijah Just: 3
🇨🇩 Yoane Wissa: 3","world-cup-leading-scorers-lionel-messi-6-kylian-mbappe-4-ousmane-dembele-4-vinicius-junior-4-erling-haaland-4-deniz-undav-3-johan-manzambi-3-ismaila-sarr-3-brian-brobbey-3-matheus-cunha-3-ismael-saibari-3-jonathan-david-3-harry-kane-3-elijah-just-3-yoane-","0",""
"10857","2071155846613254400","2026-06-28T09:00:02.000Z","World Cup knockout matches.

🇩🇪 Germany vs 🇵🇾 Paraguay
🇫🇷 France vs 🇸🇪 Sweden
🇿🇦 South Africa vs 🇨🇦 Canada
🇳🇱 Netherlands vs 🇲🇦 Morocco
🇵🇹 Portugal vs 🇭🇷 Croatia
🇪🇸 Spain vs 🇦🇹 Austria
🇺🇸 USA vs 🇧🇦 Bosnia and Herzegovina
🇧🇪 Belgium vs 🇸🇳 Senegal
🇧🇷 Brazil vs 🇯🇵 Japan
🇨🇮 Côte d’Ivoire vs 🇳🇴 Norway
🇲🇽 Mexico vs 🇪🇨 Ecuador
🏴󠁧󠁢󠁥󠁮󠁧󠁿 England vs 🇨🇩 DR Congo
🇦🇷 Argentina vs 🇨🇻 Cape Verde
🇦🇺 Australia vs 🇪🇬 Egypt
🇨🇭 Switzerland vs 🇩🇿 Algeria
🇨🇴 Colombia vs 🇬🇭 Ghana","world-cup-knockout-matches-germany-vs-paraguay-france-vs-sweden-south-africa-vs-canada-netherlands-vs-morocco-portugal-vs-croatia-spain-vs-austria-usa-vs-bosnia-and-herzegovina-belgium-vs-senegal-brazil-vs-japan-cte-divoire-vs-norway-mexico-vs-ecuador-eng","0",""
"10858","2071347905915670800","2026-06-28T21:40:01.000Z","BREAKING: US and Iran agree to halt attacks and meet later this week, according to Axios report.","breaking-us-and-iran-agree-to-halt-attacks-and-meet-later-this-week-according-to-axios-report-2071347905915670825","0",""
"10859","2071423700373733600","2026-06-29T02:50:03.000Z","There is a 62% chance President Trump will be impeached before the 1st of January, 2028, according to prediction market @Kalshi. https://t.co/R08sjjZgG3","there-is-a-62-chance-president-trump-will-be-impeached-before-the-1st-of-january-2028-according-to-prediction-market-kalshi-httpstcor08sjjzgg3-2071423700373733559","0","https://t.co/R08sjjZgG3"
"10860","2071530319061323800","2026-06-29T09:50:03.000Z","British American Tobacco is set to cut 9,000 jobs, equivalent to a fifth of its workforce.","british-american-tobacco-is-set-to-cut-9000-jobs-equivalent-to-a-fifth-of-its-workforce-2071530319061323817","0",""
"10867","2071896072625303600","2026-06-30T10:00:03.000Z","Saudi Arabia reports that profits in its investment fund more than doubled to $17.3 billion in 2025. https://t.co/NmvitE8Mvl","saudi-arabia-reports-that-profits-in-its-investment-fund-more-than-doubled-to-173-billion-in-2025-httpstconmvite8mvl-2071896072625303577","0","https://t.co/NmvitE8Mvl"
"10868","2071903858801205800","2026-06-30T10:30:03.000Z","World Cup leading scorers

🇦🇷 Lionel Messi: 6 goals
🇫🇷 Kylian Mbappe: 4 goals
🇫🇷 Ousmane Dembele: 4 goals
🇧🇷 Vinicius Junior: 4 goals
🇳🇴 Erling Haaland: 4 goals
🇩🇪 Deniz Undav: 3 goals
🇨🇭 Johan Manzambi: 3 goals
🇸🇳 Ismaila Sarr: 3 goals
🇳🇱 Cody Gakpo: 3 goals
🇳🇱 Brian Brobbey: 3 goals
🇧🇷 Matheus Cunha: 3 goals
🏴󠁧󠁢󠁥󠁮󠁧󠁿 Harry Kane: 3 goals
🇳🇿 Elijah Just: 3 goals
🇨🇩 Yoane Wissa: 3 goals
🇨🇦 Jonathan David: 3 goals
🇲🇦 Ismael Saibari: 3 goals
🇩🇪 Kai Havertz: 3 goals","world-cup-leading-scorers-lionel-messi-6-goals-kylian-mbappe-4-goals-ousmane-dembele-4-goals-vinicius-junior-4-goals-erling-haaland-4-goals-deniz-undav-3-goals-johan-manzambi-3-goals-ismaila-sarr-3-goals-cody-gakpo-3-goals-brian-brobbey-3-goals-matheus-cu","0",""
"10869","2072075171540926700","2026-06-30T21:50:01.000Z","🇫🇷 France lead 🇸🇪 Sweden 1-0 at half-time","-france-lead-sweden-1-0-at-half-time-2072075171540926614","0",""
"10871","2072086486695154000","2026-06-30T22:40:02.000Z","BREAKING: 🇫🇷 France go up 3-0 against 🇸🇪 Sweden as Mbappe scores his second goal of the game, becomes joint top scorer at this tournament.","breaking-france-go-up-3-0-against-sweden-as-mbappe-scores-his-second-goal-of-the-game-becomes-joint-top-scorer-at-this-tournament-2072086486695153919","0",""
"10870","2072087011067076900","2026-06-30T22:40:02.000Z","BREAKING: Politico reports that export controls on Anthropic's Fable AI model are set to be eased tonight","breaking-politico-reports-that-export-controls-on-anthropics-fable-ai-model-are-set-to-be-eased-tonight-2072087011067076745","0",""
"10873","2072091501065364000","2026-06-30T23:00:03.000Z","BREAKING: 🇫🇷 France beat 🇸🇪 Sweden 3-0 and advance to round of sixteen","breaking-france-beat-sweden-3-0-and-advance-to-round-of-sixteen-2072091501065363956","0",""
"10872","2072092826481922300","2026-06-30T23:00:03.000Z","World Cup leading scorers.

🇫🇷 Kylian Mbappe: 6 goals
🇦🇷 Lionel Messi: 6 goals
🇳🇴 Erling Haaland: 5 goals
🇫🇷 Ousmane Dembele: 4 goals
🇧🇷 Vinicius Junior: 4 goals
🇩🇪 Deniz Undav: 3 goals
🇨🇭 Johan Manzambi: 3 goals
🇸🇳 Ismaila Sarr: 3 goals
🇳🇱 Cody Gakpo: 3 goals
🇳🇱 Brian Brobbey: 3 goals
🇧🇷 Matheus Cunha: 3 goals
🏴󠁧󠁢󠁥󠁮󠁧󠁿 Harry Kane: 3 goals
🇳🇿 Elijah Just: 3 goals
🇨🇩 Yoane Wissa: 3 goals
🇨🇦 Jonathan David: 3 goals
🇲🇦 Ismael Saibari: 3 goals
🇩🇪 Kai Havertz: 3 goals","world-cup-leading-scorers-kylian-mbappe-6-goals-lionel-messi-6-goals-erling-haaland-5-goals-ousmane-dembele-4-goals-vinicius-junior-4-goals-deniz-undav-3-goals-johan-manzambi-3-goals-ismaila-sarr-3-goals-cody-gakpo-3-goals-brian-brobbey-3-goals-matheus-cu","0",""
"10874","2072106801202692600","2026-07-01T00:00:03.000Z","BREAKING: Anthropic announces US Department of Commerce has lifted export controls on Fable platform https://t.co/LhznphO5d5","breaking-anthropic-announces-us-department-of-commerce-has-lifted-export-controls-on-fable-platform-httpstcolhznpho5d5-2072106801202692599","0","https://t.co/LhznphO5d5"
"10875","2072151313056756200","2026-07-01T03:10:02.000Z","🇲🇽 Mexico lead 🇪🇨 Ecuador 2-0 at half time","-mexico-lead-ecuador-2-0-at-half-time-2072151313056756193","0",""
"10876","2072168950214115600","2026-07-01T04:10:03.000Z","BREAKING: 🇲🇽 Mexico beat 🇪🇨 Ecuador 2-0 and advance to round of sixteen","breaking-mexico-beat-ecuador-2-0-and-advance-to-round-of-sixteen-2072168950214115498","0",""
"10877","2072422902545408500","2026-07-01T21:00:03.000Z","BREAKING: 🇸🇳 Senegal leads 🇧🇪 Belgium 1-0 at half time","breaking-senegal-leads-belgium-1-0-at-half-time-2072422902545408497","0",""
"10878","2072427525004034300","2026-07-01T21:10:02.000Z","President Trump reports over $1.4 billion in income from family’s crypto ventures over the past year. https://t.co/RLr85FFtWH","president-trump-reports-over-14-billion-in-income-from-familys-crypto-ventures-over-the-past-year-httpstcorlr85fftwh-2072427525004034382","0","https://t.co/RLr85FFtWH"
"10879","2072443719144689700","2026-07-01T22:20:02.000Z","🇨🇳 China government debt as share of GDP.

2006: 25%

2026: 106%

(IMF)","-china-government-debt-as-share-of-gdp-2006-25-2026-106-imf-2072443719144689738","0",""
"10880","2072452761820737500","2026-07-01T23:00:04.000Z","BREAKING: 🇧🇪 Belgium beat 🇸🇳  Senegal 3-2 in incredible comeback to advance to round of sixteen","breaking-belgium-beat-senegal-3-2-in-incredible-comeback-to-advance-to-round-of-sixteen-2072452761820737582","0",""
"10881","2072502509873365000","2026-07-02T02:10:02.000Z","BREAKING: 🇺🇸 USA beat 🇧🇦 Bosnia and Herzegovina 2-0 and advance to round of sixteen","breaking-usa-beat-bosnia-and-herzegovina-2-0-and-advance-to-round-of-sixteen-2072502509873365028","0",""
"10882","2072790636345049000","2026-07-02T21:20:03.000Z","World Cup top scorers.

🇫🇷 Kylian Mbappe: 6 goals
🇦🇷 Lionel Messi: 6 goals
🇳🇴 Erling Haaland: 5 goals
🏴󠁧󠁢󠁥󠁮󠁧󠁿 Harry Kane: 5 goals
🇫🇷 Ousmane Dembele: 4 goals
🇪🇸 Mikel Oyarzabal: 4 goals
🇧🇷 Vinicius Junior: 4 goals
🇸🇳 Ismaila Sarr: 4 goals
🇩🇪 Deniz Undav: 3 goals
🇨🇭 Johan Manzambi: 3 goals
🇲🇽 Julian Quinones: 3 goals
🇳🇱 Cody Gakpo: 3 goals
🇳🇱 Brian Brobbey: 3 goals
🇺🇸 Folarin Balogun: 3 goals
🇧🇷 Matheus Cunha: 3 goals
🇳🇿 Elijah Just: 3 goals
🇨🇦 Jonathan David: 3 goals
🇲🇦 Ismael Saibari: 3 goals
🇩🇪 Kai Havertz: 3 goals
🇨🇩 Yoane Wissa: 3 goals","world-cup-top-scorers-kylian-mbappe-6-goals-lionel-messi-6-goals-erling-haaland-5-goals-harry-kane-5-goals-ousmane-dembele-4-goals-mikel-oyarzabal-4-goals-vinicius-junior-4-goals-ismaila-sarr-4-goals-deniz-undav-3-goals-johan-manzambi-3-goals-julian-quino","0",""
"10883","2072801336660480000","2026-07-02T22:00:02.000Z","FIFA World Cup winners. https://t.co/xpH3m07YHw","fifa-world-cup-winners-httpstcoxph3m07yhw-2072801336660480065","0","https://t.co/xpH3m07YHw"
"10884","2072805096761778400","2026-07-02T22:20:02.000Z","BREAKING: Cristiano Ronaldo is set to retire from international football after the World Cup, according to Marca report. https://t.co/yApFiuJMUY","breaking-cristiano-ronaldo-is-set-to-retire-from-international-football-after-the-world-cup-according-to-marca-report-httpstcoyapfiujmuy-2072805096761778432","0","https://t.co/yApFiuJMUY"
"10885","2072836382679315000","2026-07-03T00:20:03.000Z","BREAKING: 🇭🇷 Croatia go 1-0 against 🇵🇹 Portugal in the 57th minute","breaking-croatia-go-1-0-against-portugal-in-the-57th-minute-2072836382679314847","0",""
"10886","2072839882259767600","2026-07-03T00:30:02.000Z","BREAKING: Cristiano Ronaldo converts penalty, 🇵🇹 Portugal 1-1 with 🇭🇷 Croatia in 68th minute.","breaking-cristiano-ronaldo-converts-penalty-portugal-1-1-with-croatia-in-68th-minute-2072839882259767655","0",""
"10887","2072850232812142800","2026-07-03T01:10:02.000Z","BREAKING: 🇵🇹 Portugal beat  🇭🇷 Croatia 2-1 and advance to round of sixteen","breaking-portugal-beat-croatia-2-1-and-advance-to-round-of-sixteen-2072850232812142913","0",""
"10888","2072981332792422700","2026-07-03T10:00:03.000Z","World Cup top scorers.

🇫🇷 Kylian Mbappe: 6 goals
🇦🇷 Lionel Messi: 6 goals
🇳🇴 Erling Haaland: 5 goals
🏴󠁧󠁢󠁥󠁮󠁧󠁿 Harry Kane: 5 goals
🇫🇷 Ousmane Dembele: 4 goals
🇪🇸 Mikel Oyarzabal: 4 goals
🇧🇷 Vinicius Junior: 4 goals
🇸🇳 Ismaila Sarr: 4 goals
🇩🇪 Deniz Undav: 3 goals
🇨🇭 Johan Manzambi: 3 goals
🇲🇽 Julian Quiñones: 3 goals
🇳🇱 Cody Gakpo: 3 goals
🇳🇱 Brian Brobbey: 3 goals
🇺🇸 Folarin Balogun: 3 goals
🇧🇷 Matheus Cunha: 3 goals
🇳🇿 Elijah Just: 3 goals
🇨🇦 Jonathan David: 3 goals
🇵🇹 Cristiano Ronaldo: 3 goals
🇲🇦 Ismael Saibari: 3 goals
🇩🇪 Kai Havertz: 3 goals
🇨🇩 Yoane Wissa: 3 goals","world-cup-top-scorers-kylian-mbappe-6-goals-lionel-messi-6-goals-erling-haaland-5-goals-harry-kane-5-goals-ousmane-dembele-4-goals-mikel-oyarzabal-4-goals-vinicius-junior-4-goals-ismaila-sarr-4-goals-deniz-undav-3-goals-johan-manzambi-3-goals-julian-quion","0",""
"10889","2073117892254810400","2026-07-03T19:00:03.000Z","🇪🇬 Egypt lead 🇦🇺 Australia 1-0 at half-time.","-egypt-lead-australia-1-0-at-half-time-2073117892254810443","0",""
"10890","2073127160139960800","2026-07-03T19:40:03.000Z","Trump has issued a pardon for six people who he says were 'sent to prison for fixing their car'. https://t.co/Oi8ICEJzQU","trump-has-issued-a-pardon-for-six-people-who-he-says-were-sent-to-prison-for-fixing-their-car-httpstcooi8icejzqu-2073127160139960819","0","https://t.co/Oi8ICEJzQU"
"10891","2073144552404480500","2026-07-03T20:40:02.000Z","🇦🇺 Australia and 🇪🇬 Egypt go to penalties","-australia-and-egypt-go-to-penalties-2073144552404480402","0",""
"10892","2073147907902198000","2026-07-03T21:00:03.000Z","BREAKING: 🇪🇬 Egypt beat 🇦🇺 Australia on penalties","breaking-egypt-beat-australia-on-penalties-2073147907902197943","0",""
"10894","2073179456697721300","2026-07-03T23:10:03.000Z","Messi goal, his seventh for the tournament, as 🇦🇷 Argentina leads 🇨🇻 Cape Verde 1-0 at half-time.","messi-goal-his-seventh-for-the-tournament-as-argentina-leads-cape-verde-1-0-at-half-time-2073179456697721326","0",""
"10893","2073181951587213600","2026-07-03T23:10:03.000Z","🇦🇷 Messi has now scored a total of 20 World Cup goals across his career, a new record high. https://t.co/RO5gGYnW0N","-messi-has-now-scored-a-total-of-20-world-cup-goals-across-his-career-a-new-record-high-httpstcoro5ggynw0n-2073181951587213672","0","https://t.co/RO5gGYnW0N"
"10895","2073185465940021800","2026-07-03T23:30:03.000Z","BREAKING: 🇨🇻 Cape Verde equalize against 🇦🇷 Argentina, 1-1, in the 59th minute.","breaking-cape-verde-equalize-against-argentina-1-1-in-the-59th-minute-2073185465940021634","0",""
"10896","2073195085836222700","2026-07-04T00:10:03.000Z","BREAKING: 🇨🇻 Cape Verde take reigning champions 🇦🇷 Argentina to extra time with 1-1 draw","breaking-cape-verde-take-reigning-champions-argentina-to-extra-time-with-1-1-draw-2073195085836222704","0",""
"10897","2073200411532812500","2026-07-04T00:30:03.000Z","BREAKING: 🇨🇻 Cape Verde equalize against 🇦🇷 Argentina 2-2","breaking-cape-verde-equalize-against-argentina-2-2-2073200411532812638","0",""
"10898","2073206343226499000","2026-07-04T00:50:02.000Z","BREAKING: 🇦🇷 Argentina beats 🇨🇻 Cape Verde 3-2 in extra time","breaking-argentina-beats-cape-verde-3-2-in-extra-time-2073206343226499170","0",""
"10899","2073209542788391000","2026-07-04T01:00:03.000Z","🇨🇻 CAPE VERDE

- Archipelago nation of 10 volcanic islands in the Atlantic Ocean off the coast of West Africa

- Population of just over 500,000

- Finished second in group including Spain, Uruguay and Saudi Arabia

- Lost to reigning champions Argentina 3-2 in extra time","-cape-verde-archipelago-nation-of-10-volcanic-islands-in-the-atlantic-ocean-off-the-coast-of-west-africa-population-of-just-over-500000-finished-second-in-group-including-spain-uruguay-and-saudi-arabia-lost-to-reigning-champions-argentina-3-2-in-extra-tim","0",""
"10900","2073248485986754800","2026-07-04T03:40:02.000Z","BREAKING: 🇨🇴 Colombia beat 🇬🇭 Ghana 1-0","breaking-colombia-beat-ghana-1-0-2073248485986754718","0",""
"10901","2073308328663622000","2026-07-04T07:30:03.000Z","World Cup top scorers.

🇦🇷 Lionel Messi: 7 goals
🇫🇷 Kylian Mbappe: 6 goals
🇳🇴 Erling Haaland: 5 goals
🏴󠁧󠁢󠁥󠁮󠁧󠁿 Harry Kane: 5 goals
🇫🇷 Ousmane Dembele: 4 goals
🇪🇸 Mikel Oyarzabal: 4 goals
🇧🇷 Vinicius Junior: 4 goals
🇸🇳 Ismaila Sarr: 4 goals
🇩🇪 Deniz Undav: 3 goals
🇨🇭 Johan Manzambi: 3 goals
🇲🇽 Julian Quinones: 3 goals
🇳🇱 Cody Gakpo: 3 goals
🇳🇱 Brian Brobbey: 3 goals
🇺🇸 Folarin Balogun: 3 goals
🇧🇷 Matheus Cunha: 3 goals
🇳🇿 Elijah Just: 3 goals
🇨🇦 Jonathan David: 3 goals
🇵🇹 Cristiano Ronaldo: 3 goals
🇲🇦 Ismael Saibari: 3 goals
🇩🇪 Kai Havertz: 3 goals
🇨🇩 Yoane Wissa: 3 goals","world-cup-top-scorers-lionel-messi-7-goals-kylian-mbappe-6-goals-erling-haaland-5-goals-harry-kane-5-goals-ousmane-dembele-4-goals-mikel-oyarzabal-4-goals-vinicius-junior-4-goals-ismaila-sarr-4-goals-deniz-undav-3-goals-johan-manzambi-3-goals-julian-quino","0",""
"10902","2073483249872155000","2026-07-04T19:10:03.000Z","BREAKING: 🇲🇦 Morocco beat hosts 🇨🇦 Canada 3-0 and advance to quarter finals","breaking-morocco-beat-hosts-canada-3-0-and-advance-to-quarter-finals-2073483249872154961","0",""
"10903","2073536133687107800","2026-07-04T22:40:01.000Z","BREAKING: Mbappe scores in 70th minute, 🇫🇷 France go 1-0 up against 🇵🇾 Paraguay.","breaking-mbappe-scores-in-70th-minute-france-go-1-0-up-against-paraguay-2073536133687107857","0",""
"10904","2073543810060337700","2026-07-04T23:10:02.000Z","BREAKING: 🇫🇷 France beat 🇵🇾 Paraguay 1-0 and advance to the quarter finals","breaking-france-beat-paraguay-1-0-and-advance-to-the-quarter-finals-2073543810060337631","0",""
"10905","2073578534682148900","2026-07-05T01:30:03.000Z","🇻🇪 Venezuela earthquake death toll has risen to 2,954.","-venezuela-earthquake-death-toll-has-risen-to-2954-2073578534682148961","0",""
"10906","2073684947194224600","2026-07-05T08:30:03.000Z","World Cup top scorers.

🇫🇷 Kylian Mbappe: 7 goals
🇦🇷 Lionel Messi: 7 goals
🇳🇴 Erling Haaland: 5 goals
🏴󠁧󠁢󠁥󠁮󠁧󠁿 Harry Kane: 5 goals
🇫🇷 Ousmane Dembele: 4 goals
🇪🇸 Mikel Oyarzabal: 4 goals
🇧🇷 Vinicius Junior: 4 goals
🇸🇳 Ismaila Sarr: 4 goals
🇩🇪 Deniz Undav: 3 goals
🇨🇭 Johan Manzambi: 3 goals
🇲🇽 Julian Quinones: 3 goals
🇳🇱 Cody Gakpo: 3 goals
🇳🇱 Brian Brobbey: 3 goals
🇺🇸 Folarin Balogun: 3 goals
🇧🇷 Matheus Cunha: 3 goals
🇳🇿 Elijah Just: 3 goals
🇵🇹 Cristiano Ronaldo: 3 goals
🇩🇪 Kai Havertz: 3 goals
🇨🇩 Yoane Wissa: 3 goals
🇲🇦 Ismael Saibari: 3 goals
🇨🇦 Jonathan David: 3 goals","world-cup-top-scorers-kylian-mbappe-7-goals-lionel-messi-7-goals-erling-haaland-5-goals-harry-kane-5-goals-ousmane-dembele-4-goals-mikel-oyarzabal-4-goals-vinicius-junior-4-goals-ismaila-sarr-4-goals-deniz-undav-3-goals-johan-manzambi-3-goals-julian-quino","0",""
"10907","2073710557824422400","2026-07-05T10:10:03.000Z","Jurgen Klopp is set to become the new head coach of Germany's football team. https://t.co/98DBqIKUjO","jurgen-klopp-is-set-to-become-the-new-head-coach-of-germanys-football-team-httpstco98dbqikujo-2073710557824422288","0","https://t.co/98DBqIKUjO"
"10908","2073885744226275600","2026-07-05T21:50:03.000Z","BREAKING: 🇳🇴 Norway 1-0 up against 🇧🇷 Brazil in the 81st minute","breaking-norway-1-0-up-against-brazil-in-the-81st-minute-2073885744226275490","0",""
"10909","2073888431881740800","2026-07-05T22:00:04.000Z","BREAKING: 🇳🇴 Norway 2-0 up against 🇧🇷 Brazil, now in injury time.","breaking-norway-2-0-up-against-brazil-now-in-injury-time-2073888431881740690","0",""
"10910","2073890837487042800","2026-07-05T22:10:03.000Z","BREAKING: 🇳🇴 NORWAY KNOCK FIVE-TIME CHAMPIONS 🇧🇷 BRAZIL OUT OF THE WORLD CUP","breaking-norway-knock-five-time-champions-brazil-out-of-the-world-cup-2073890837487042850","0",""
"10911","2073893419253203200","2026-07-05T22:20:03.000Z","Five-time champions 🇧🇷 Brazil: Knocked out in round of 16

Four-time champions 🇩🇪 Germany: Knocked out in round of 32

Four-time champions 🇮🇹 Italy: Did not qualify for the World Cup","five-time-champions-brazil-knocked-out-in-round-of-16-four-time-champions-germany-knocked-out-in-round-of-32-four-time-champions-italy-did-not-qualify-for-the-world-cup-2073893419253203292","0",""
"10912","2073895329850859800","2026-07-05T22:30:03.000Z","World Cup top scorers.

🇫🇷 Kylian Mbappe: 7 goals
🇦🇷 Lionel Messi: 7 goals
🇳🇴 Erling Haaland: 7 goals
🏴󠁧󠁢󠁥󠁮󠁧󠁿 Harry Kane: 5 goals
🇫🇷 Ousmane Dembele: 4 goals
🇪🇸 Mikel Oyarzabal: 4 goals
🇧🇷 Vinicius Junior: 4 goals
🇸🇳 Ismaila Sarr: 4 goals","world-cup-top-scorers-kylian-mbappe-7-goals-lionel-messi-7-goals-erling-haaland-7-goals-harry-kane-5-goals-ousmane-dembele-4-goals-mikel-oyarzabal-4-goals-vinicius-junior-4-goals-ismaila-sarr-4-goals-2073895329850859720","0",""
"10913","2073908244301701600","2026-07-05T23:20:01.000Z","BREAKING: Neymar retires from international football","breaking-neymar-retires-from-international-football-2073908244301701587","0",""
"10914","2073968483327721700","2026-07-06T03:20:03.000Z","BREAKING: 🏴󠁧󠁢󠁥󠁮󠁧󠁿 England beat 🇲🇽 Mexico 3-2 and advance to the quarter finals","breaking-england-beat-mexico-3-2-and-advance-to-the-quarter-finals-2073968483327721767","0",""
"10915","2074026344053453000","2026-07-06T07:10:03.000Z","World Cup top scorers.

🇫🇷 Kylian Mbappe: 7 goals
🇦🇷 Lionel Messi: 7 goals
🇳🇴 Erling Haaland: 7 goals
🏴󠁧󠁢󠁥󠁮󠁧󠁿 Harry Kane: 6 goals
🇫🇷 Ousmane Dembele: 4 goals
🇪🇸 Mikel Oyarzabal: 4 goals
🇸🇳 Ismaila Sarr: 4 goals
🇲🇽 Julian Quinones: 4 goals
🏴󠁧󠁢󠁥󠁮󠁧󠁿 Jude Bellingham: 4 goals
🇧🇷 Vinicius Junior: 4 goals","world-cup-top-scorers-kylian-mbappe-7-goals-lionel-messi-7-goals-erling-haaland-7-goals-harry-kane-6-goals-ousmane-dembele-4-goals-mikel-oyarzabal-4-goals-ismaila-sarr-4-goals-julian-quinones-4-goals-jude-bellingham-4-goals-vinicius-junior-4-goals-2074026","0",""
"10917","2074290785303113700","2026-07-07T00:40:03.000Z","Axios reports that Iranian military fired missiles at commercial ships passing through the Strait of Hormuz.","axios-reports-that-iranian-military-fired-missiles-at-commercial-ships-passing-through-the-strait-of-hormuz-2074290785303113775","0",""
"10916","2074291615917875500","2026-07-07T00:40:03.000Z","Marco Rubio leads chances of winning the 2028 Presidential Election with 18%, followed by JD Vance at 17% and Gavin Newsom at 13%, according to @Kalshi prediction market. https://t.co/dFJkJ62wq1","marco-rubio-leads-chances-of-winning-the-2028-presidential-election-with-18-followed-by-jd-vance-at-17-and-gavin-newsom-at-13-according-to-kalshi-prediction-market-httpstcodfjkj62wq1-2074291615917875541","0","https://t.co/dFJkJ62wq1"
"10918","2074312250488500200","2026-07-07T02:00:03.000Z","BREAKING: 🇧🇪 Belgium knock hosts 🇺🇲 USA out of the World Cup after beating them 4-1","breaking-belgium-knock-hosts-usa-out-of-the-world-cup-after-beating-them-4-1-2074312250488500245","0",""
"10919","2074430014041563100","2026-07-07T09:50:03.000Z","BREAKING: Saudi Arabia is considering expanding capacity of its east-west pipeline that transports crude oil to Red Sea coast, according to Reuters report.","breaking-saudi-arabia-is-considering-expanding-capacity-of-its-east-west-pipeline-that-transports-crude-oil-to-red-sea-coast-according-to-reuters-report-2074430014041563211","0",""
"10920","2074538291215655200","2026-07-07T17:00:02.000Z","BREAKING: 🇪🇬 Egypt up 1-0 against 🇦🇷 Argentina at half time","breaking-egypt-up-1-0-against-argentina-at-half-time-2074538291215655252","0",""
"10921","2074547003355456000","2026-07-07T17:40:02.000Z","BREAKING: 🇪🇬 Egypt up 2-0 against 🇦🇷 Argentina","breaking-egypt-up-2-0-against-argentina-2074547003355455988","0",""
"10922","2074553384049537300","2026-07-07T18:00:03.000Z","BREAKING: 🇦🇷 Argentina go 3-2 up against 🇪🇬 Egypt in injury time","breaking-argentina-go-3-2-up-against-egypt-in-injury-time-2074553384049537233","0",""
"10923","2074555486368845800","2026-07-07T18:10:04.000Z","BREAKING: 🇦🇷 Argentina beat 🇪🇬 Egypt 3-2 and advance to quarter finals","breaking-argentina-beat-egypt-3-2-and-advance-to-quarter-finals-2074555486368845884","0",""
"10924","2074611888214950100","2026-07-07T21:50:03.000Z","BREAKING: US strikes on targets in southern Iran","breaking-us-strikes-on-targets-in-southern-iran-2074611888214950128","0",""
"10925","2074638691734331600","2026-07-07T23:40:03.000Z","World Cup quarter finals. 

🇫🇷 France vs 🇲🇦 Morocco
🇪🇸 Spain vs 🇧🇪 Belgium
🇳🇴 Norway vs 🏴󠁧󠁢󠁥󠁮󠁧󠁿 England
🇦🇷 Argentina vs 🇨🇭 Switzerland","world-cup-quarter-finals-france-vs-morocco-spain-vs-belgium-norway-vs-england-argentina-vs-switzerland-2074638691734331734","0",""
"10926","2074644633074938400","2026-07-08T00:00:06.000Z","World Cup top scorers.

🇦🇷 Lionel Messi: 8 goals
🇫🇷 Kylian Mbappe: 7 goals
🇳🇴 Erling Haaland: 7 goals
🏴󠁧󠁢󠁥󠁮󠁧󠁿 Harry Kane: 6 goals
🇫🇷 Ousmane Dembele: 4 goals
🇸🇳 Ismaila Sarr: 4 goals
🇪🇸 Mikel Oyarzabal: 4 goals
🇲🇽 Julian Quinones: 4 goals
🏴󠁧󠁢󠁥󠁮󠁧󠁿 Jude Bellingham: 4 goals
🇧🇷 Vinicius Junior: 4 goals","world-cup-top-scorers-lionel-messi-8-goals-kylian-mbappe-7-goals-erling-haaland-7-goals-harry-kane-6-goals-ousmane-dembele-4-goals-ismaila-sarr-4-goals-mikel-oyarzabal-4-goals-julian-quinones-4-goals-jude-bellingham-4-goals-vinicius-junior-4-goals-2074644","0",""
"10927","2074653505131040800","2026-07-08T00:40:03.000Z","BREAKING: Iranian media reports blasts on Qeshm and Kharg islands amid ongoing US strikes","breaking-iranian-media-reports-blasts-on-qeshm-and-kharg-islands-amid-ongoing-us-strikes-2074653505131040786","0",""
"10928","2074671301202186500","2026-07-08T01:50:02.000Z","BREAKING: US military says it today struck over 80 targets in Iran","breaking-us-military-says-it-today-struck-over-80-targets-in-iran-2074671301202186512","0",""
"10929","2074697545062957600","2026-07-08T03:40:03.000Z","BREAKING: Iranian media says a US drone has been downed in the country's south","breaking-iranian-media-says-a-us-drone-has-been-downed-in-the-countrys-south-2074697545062957493","0",""
"10930","2074703612522189000","2026-07-08T04:00:03.000Z","BREAKING: Iran says it has targeted sites in Bahrain and Kuwait","breaking-iran-says-it-has-targeted-sites-in-bahrain-and-kuwait-2074703612522188999","0",""
"10932","2074747604764918000","2026-07-08T06:50:03.000Z","ADNOC today launched a global liquefied natural gas (LNG) marketing and trading platform in Abu Dhabi Global Market, combining the marketing activities of ADNOC Gas and XRG with the trading and shipping capabilities of ADNOC Trading into an integrated platform. 

Designed to enhance flexibility and optionality, the move supports ADNOC Gas’ expanding LNG portfolio, including Ruwais LNG, and XRG’s growing international LNG footprint, while strengthening customer access globally. The platform will enhance the ability to manage a growing and diverse LNG portfolio, building on ADNOC’s five-decade track record as a trusted LNG supplier. 

Targeting 47 million tonnes per annum (mtpa) of combined marketable LNG by 2035, the platform will rank among the leading global LNG players, scaling up ADNOC and XRG’s capacity to optimize a growing and diverse LNG portfolio and reinforce Abu Dhabi’s position as a global energy trading center.
 
With LNG demand set to grow substantially, the world will need reliable, responsible and trusted suppliers at scale. This world-class, integrated commercial LNG platform brings together the full strength of ADNOC’s marketing, trading and shipping capabilities to create a single global hub in Abu Dhabi. It marks a step-change in scale, flexibility and optionality of ADNOCs LNG marketing and trading platform and will further position ADNOC to meet the world’s growing demand for energy.

This is in context of the global demand for natural gas being expected to rise 15% over the next decade, driven partly by data centres and artificial intelligence.","adnoc-today-launched-a-global-liquefied-natural-gas-lng-marketing-and-trading-platform-in-abu-dhabi-global-market-combining-the-marketing-activities-of-adnoc-gas-and-xrg-with-the-trading-and-shipping-capabilities-of-adnoc-trading-into-an-integrated-platfo","0",""
"10931","2074747602575454500","2026-07-08T06:50:03.000Z","ENERGY: ADNOC launches global LNG marketing and trading platform in Abu Dhabi Global Market","energy-adnoc-launches-global-lng-marketing-and-trading-platform-in-abu-dhabi-global-market-2074747602575454437","0",""
"10933","2074753005577224200","2026-07-08T07:20:02.000Z","Oil prices rise by over 3% amid worsening tensions between US and Iran.","oil-prices-rise-by-over-3-amid-worsening-tensions-between-us-and-iran-2074753005577224223","0",""
"10934","2074769406459253200","2026-07-08T08:20:03.000Z","President Trump says Iran are 'dirty players' and 'scum'.","president-trump-says-iran-are-dirty-players-and-scum-2074769406459253215","0",""
"10935","2074771876916916500","2026-07-08T08:30:03.000Z","BREAKING: Oil prices surge by 5% as US-Iran tensions rise","breaking-oil-prices-surge-by-5-as-us-iran-tensions-rise-2074771876916916354","0",""
"10936","2074771080749977900","2026-07-08T08:30:04.000Z","BREAKING: Trump says ceasefire memorandum of understanding Iran is 'over'","breaking-trump-says-ceasefire-memorandum-of-understanding-iran-is-over-2074771080749977738","0",""
"10938","2074780557561782500","2026-07-08T09:10:03.000Z","🇺🇸 US Secretary of War Pete Hegseth has cancelled his trip to Israel as US-Iran tensions rise and Trump says ceasefire is 'over'.","-us-secretary-of-war-pete-hegseth-has-cancelled-his-trip-to-israel-as-us-iran-tensions-rise-and-trump-says-ceasefire-is-over-2074780557561782599","0",""
"10937","2074780806313308200","2026-07-08T09:10:03.000Z","Oil prices are now up by over 6% as Trump says ceasefire memorandum of understanding Iran is 'over'.","oil-prices-are-now-up-by-over-6-as-trump-says-ceasefire-memorandum-of-understanding-iran-is-over-2074780806313308205","0",""
"10939","2074968813612028400","2026-07-08T21:30:03.000Z","BREAKING: Ongoing US strikes on Iran","breaking-ongoing-us-strikes-on-iran-2074968813612028401","0",""
"10940","2074971680968228900","2026-07-08T21:40:03.000Z","Chances of US-Iran nuclear deal by the end of the year have fallen sharply to 32%, accordingly to prediction market @Kalshi. https://t.co/QAehvQfotY","chances-of-us-iran-nuclear-deal-by-the-end-of-the-year-have-fallen-sharply-to-32-accordingly-to-prediction-market-kalshi-httpstcoqaehvqfoty-2074971680968228992","0","https://t.co/QAehvQfotY"
"10942","2075018209363939600","2026-07-09T00:50:02.000Z","BREAKING: Iran is firing missiles at targets in Bahrain","breaking-iran-is-firing-missiles-at-targets-in-bahrain-2075018209363939457","0",""
"10941","2075019036807869000","2026-07-09T00:50:02.000Z","BREAKING: Iranian missile attack against targets in Kuwait","breaking-iranian-missile-attack-against-targets-in-kuwait-2075019036807868864","0",""
"10943","2075322429149507800","2026-07-09T21:00:04.000Z","🇫🇷 France and 🇲🇦Morocco are 0-0 at half-time.","-france-and-morocco-are-0-0-at-half-time-2075322429149507818","0",""
"10944","2075330509690093800","2026-07-09T21:30:02.000Z","BREAKING: Mbappe scores, 🇫🇷 France up 1-0 against 🇲🇦 Morocco in 60th minute.","breaking-mbappe-scores-france-up-1-0-against-morocco-in-60th-minute-2075330509690093799","0",""
"10945","2075331930959258000","2026-07-09T21:40:03.000Z","BREAKING: Ousmanne Dembele scores, 🇫🇷 France up 2-0 against 🇲🇦 Morocco.","breaking-ousmanne-dembele-scores-france-up-2-0-against-morocco-2075331930959258052","0",""
"10946","2075339584188428300","2026-07-09T22:10:03.000Z","BREAKING: 🇫🇷 France go to the semi-finals after beating 🇲🇦 Morocco","breaking-france-go-to-the-semi-finals-after-beating-morocco-2075339584188428381","0",""
"10947","2075695870767686000","2026-07-10T21:40:03.000Z","World Cup top scorers.

🇫🇷 Kylian Mbappe: 8 goals
🇦🇷 Lionel Messi: 8 goals
🇳🇴 Erling Haaland: 7 goals
🏴󠁧󠁢󠁥󠁮󠁧󠁿 Harry Kane: 6 goals
🇫🇷 Ousmane Dembele: 5 goals
🇸🇳 Ismaila Sarr: 4 goals
🇲🇽 Julian Quinones: 4 goals
🏴󠁧󠁢󠁥󠁮󠁧󠁿 Jude Bellingham: 4 goals
🇧🇷 Vinicius Junior: 4 goals
🇪🇸 Mikel Oyarzabal: 4 goals","world-cup-top-scorers-kylian-mbappe-8-goals-lionel-messi-8-goals-erling-haaland-7-goals-harry-kane-6-goals-ousmane-dembele-5-goals-ismaila-sarr-4-goals-julian-quinones-4-goals-jude-bellingham-4-goals-vinicius-junior-4-goals-mikel-oyarzabal-4-goals-2075695","0",""
"10948","2075700062785773600","2026-07-10T22:00:03.000Z","BREAKING: Electricity blackout in Cuba","breaking-electricity-blackout-in-cuba-2075700062785773660","0",""
"10949","2075705252695978200","2026-07-10T22:20:02.000Z","🇻🇪 Venezuela authorities say earthquake death toll has passed 4,000.","-venezuela-authorities-say-earthquake-death-toll-has-passed-4000-2075705252695978324","0",""
"10950","2075734347379069000","2026-07-11T00:20:02.000Z","The Republican Party now has a 57% chance of winning the US Senate, compared to 43% for the Democrats, according to prediction market @Kalshi. https://t.co/WCEk46go0u","the-republican-party-now-has-a-57-chance-of-winning-the-us-senate-compared-to-43-for-the-democrats-according-to-prediction-market-kalshi-httpstcowcek46go0u-2075734347379068982","0","https://t.co/WCEk46go0u"
"10951","2076058388434453000","2026-07-11T21:40:02.000Z","BREAKING: 🇳🇴 Norway go 1-0 up against 🏴󠁧󠁢󠁥󠁮󠁧󠁿 England","breaking-norway-go-1-0-up-against-england-2076058388434452934","0",""
"10952","2076061281300415000","2026-07-11T21:50:03.000Z","BREAKING: 🏴󠁧󠁢󠁥󠁮󠁧󠁿 England equalize 1-1 against 🇳🇴 Norway just before half-time","breaking-england-equalize-1-1-against-norway-just-before-half-time-2076061281300414918","0",""
"10953","2076068499366293500","2026-07-11T22:20:03.000Z","BREAKING: 🇳🇴 Norway go 2-1 up against 🏴󠁧󠁢󠁥󠁮󠁧󠁿 England","breaking-norway-go-2-1-up-against-england-2076068499366293543","0",""
"10954","2076079673449365500","2026-07-11T23:10:02.000Z","BREAKING: 🏴󠁧󠁢󠁥󠁮󠁧󠁿England and 🇳🇴Norway go to extra time","breaking-england-and-norway-go-to-extra-time-2076079673449365537","0",""
"10955","2076081881523856000","2026-07-11T23:20:02.000Z","BREAKING: 🏴󠁧󠁢󠁥󠁮󠁧󠁿 England go 2-1 up against 🇳🇴 Norway in extra-time","breaking-england-go-2-1-up-against-norway-in-extra-time-2076081881523855827","0",""
"10956","2076091347526943200","2026-07-11T23:50:02.000Z","BREAKING: 🏴󠁧󠁢󠁥󠁮󠁧󠁿 England beat 🇳🇴 Norway 2-1 and advance to semi-finals","breaking-england-beat-norway-2-1-and-advance-to-semi-finals-2076091347526943210","0",""
"10957","2076112542481732000","2026-07-12T01:20:02.000Z","BREAKING: 🇦🇷 Argentina are 1-0 up against 🇨🇭 Switzerland","breaking-argentina-are-1-0-up-against-switzerland-2076112542481732035","0",""
"10958","2076139958868603100","2026-07-12T03:10:03.000Z","BREAKING: 🇦🇷 Argentina and 🇨🇭 Switzerland go to extra time","breaking-argentina-and-switzerland-go-to-extra-time-2076139958868603072","0",""
"10960","2076151153746920000","2026-07-12T03:50:03.000Z","BREAKING: 🇦🇷 Argentina advance to the semi-finals to face 🏴󠁧󠁢󠁥󠁮󠁧󠁿 England","breaking-argentina-advance-to-the-semi-finals-to-face-england-2076151153746919829","0",""
"10959","2076151874798153700","2026-07-12T03:50:03.000Z","US military says it struck around 140 Iranian military targets.","us-military-says-it-struck-around-140-iranian-military-targets-2076151874798153847","0",""
"10961","2076166259465683200","2026-07-12T04:50:03.000Z","World Cup leading scorers.

🇫🇷 Kylian Mbappe: 8 goals
🇦🇷 Lionel Messi: 8 goals
🇳🇴 Erling Haaland: 7 goals
🏴󠁧󠁢󠁥󠁮󠁧󠁿 Jude Bellingham: 6 goals
🏴󠁧󠁢󠁥󠁮󠁧󠁿 Harry Kane: 6 goals
🇫🇷 Ousmane Dembele: 5 goals
🇸🇳 Ismaila Sarr: 4 goals
🇲🇽 Julian Quinones: 4 goals
🇧🇷 Vinicius Junior: 4 goals
🇪🇸 Mikel Oyarzabal: 4 goals","world-cup-leading-scorers-kylian-mbappe-8-goals-lionel-messi-8-goals-erling-haaland-7-goals-jude-bellingham-6-goals-harry-kane-6-goals-ousmane-dembele-5-goals-ismaila-sarr-4-goals-julian-quinones-4-goals-vinicius-junior-4-goals-mikel-oyarzabal-4-goals-207","0",""
"10962","2076177747790201300","2026-07-12T05:40:02.000Z","BREAKING: Qatar's previous Emir Hamad bin Khalifa Al Thani has died https://t.co/ojEOJboUt8","breaking-qatars-previous-emir-hamad-bin-khalifa-al-thani-has-died-httpstcoojeojbout8-2076177747790201326","0","https://t.co/ojEOJboUt8"
"10963","2076211090686656800","2026-07-12T07:50:01.000Z","BREAKING: Republican Senator Lindsey Graham has died after brief illness https://t.co/RqYCCSYG4b","breaking-republican-senator-lindsey-graham-has-died-after-brief-illness-httpstcorqyccsyg4b-2076211090686656706","0","https://t.co/RqYCCSYG4b"
"10964","2076476693402062800","2026-07-13T01:20:01.000Z","Iranian ballistic missile launches, targets not yet known.","iranian-ballistic-missile-launches-targets-not-yet-known-2076476693402062970","0",""
"10965","2076481622640365800","2026-07-13T01:40:01.000Z","BREAKING: Oil prices up by over 4% as Middle East tensions continue to rise","breaking-oil-prices-up-by-over-4-as-middle-east-tensions-continue-to-rise-2076481622640365791","0",""
"10966","2076488548266787000","2026-07-13T02:10:02.000Z","🇺🇸 Gavin Newsom's chances of becoming the 2028 Democratic presidential nominee have fallen to 20%, followed by 15% for AOC, 13% for Jon Ossoff and 7.9% for Kamala Harris, according to @Kalshi prediction market. https://t.co/0ITHMMop8z","-gavin-newsoms-chances-of-becoming-the-2028-democratic-presidential-nominee-have-fallen-to-20-followed-by-15-for-aoc-13-for-jon-ossoff-and-79-for-kamala-harris-according-to-kalshi-prediction-market-httpstco0ithmmop8z-2076488548266787003","0","https://t.co/0ITHMMop8z"
"10967","2076489448364315000","2026-07-13T02:20:02.000Z","BREAKING: Iranian missile attack targets US military bases in Kuwait and Bahrain","breaking-iranian-missile-attack-targets-us-military-bases-in-kuwait-and-bahrain-2076489448364314892","0",""
"10968","2076789482251325700","2026-07-13T22:10:03.000Z","Trump says that Iran has killed '52,000 protesters'.","trump-says-that-iran-has-killed-52000-protesters-2076789482251325607","0",""
"10969","2076799618642526700","2026-07-13T22:50:01.000Z","BREAKING: UAE says Iran attacked two oil tankers","breaking-uae-says-iran-attacked-two-oil-tankers-2076799618642526598","0",""
"10970","2076812454416540000","2026-07-13T23:40:03.000Z","BREAKING: Oil price up over 10%","breaking-oil-price-up-over-10-2076812454416539967","0",""
"10971","2076818040776437800","2026-07-14T00:00:03.000Z","Sirens are sounding across parts of Bahrain amid Iranian attack.","sirens-are-sounding-across-parts-of-bahrain-amid-iranian-attack-2076818040776437812","0",""
"10972","2076829488743428000","2026-07-14T00:50:02.000Z","US crude oil back over $80","us-crude-oil-back-over-80-2076829488743428133","0",""
"10973","2077117597997498400","2026-07-14T19:50:03.000Z","BREAKING: US military says it is preparing to 'resume the naval blockade against Iranian ports and coastal areas'","breaking-us-military-says-it-is-preparing-to-resume-the-naval-blockade-against-iranian-ports-and-coastal-areas-2077117597997498438","0",""
"10974","2077118993757057300","2026-07-14T20:00:03.000Z","BREAKING: 🇪🇸 Spain lead 🇫🇷 France 1-0 at half-time","breaking-spain-lead-france-1-0-at-half-time-2077118993757057156","0",""
"10975","2077125971925504000","2026-07-14T20:20:03.000Z","BREAKING: US military says naval blockade against Iran is now in effect, with over 20 US navy warships operating with hundreds of military aircraft.","breaking-us-military-says-naval-blockade-against-iran-is-now-in-effect-with-over-20-us-navy-warships-operating-with-hundreds-of-military-aircraft-2077125971925504047","0",""
"10976","2077126537065967900","2026-07-14T20:30:01.000Z","BREAKING: 🇪🇸 Spain go 2-0 up against🇫🇷 France","breaking-spain-go-2-0-up-against-france-2077126537065967952","0",""
"10977","2077136031074402600","2026-07-14T21:00:05.000Z","BREAKING: 🇪🇸 Spain advance to the World Cup final after beating 🇫🇷 France","breaking-spain-advance-to-the-world-cup-final-after-beating-france-2077136031074402572","0",""
"10978","2077151766056153000","2026-07-14T22:10:08.000Z","BREAKING: US strikes on targets in southern Iran","breaking-us-strikes-on-targets-in-southern-iran-2077151766056153115","0",""
"10979","2077160594135032000","2026-07-14T22:40:03.000Z","BREAKING: Trump threatens to strike Iranian bridges and power plants if Tehran does not negotiate","breaking-trump-threatens-to-strike-iranian-bridges-and-power-plants-if-tehran-does-not-negotiate-2077160594135032024","0",""
"10980","2077236189199995000","2026-07-15T03:40:02.000Z","🇨🇳 China's economy grew 4.3% year-on-year in second quarter of 2026, the weakest growth since 2022.","-chinas-economy-grew-43-year-on-year-in-second-quarter-of-2026-the-weakest-growth-since-2022-2077236189199994896","0",""
"10981","2077239943659917600","2026-07-15T04:00:03.000Z","Iranian Revolutionary Guards announce that the Strait of Hormuz is shut until US attacks end.","iranian-revolutionary-guards-announce-that-the-strait-of-hormuz-is-shut-until-us-attacks-end-2077239943659917454","0",""
"10982","2077495281600667600","2026-07-15T20:50:02.000Z","BREAKING: 🇦🇷 Argentina equalize against 🏴󠁧󠁢󠁥󠁮󠁧󠁿 England in the 85th minute 1-1","breaking-argentina-equalize-against-england-in-the-85th-minute-1-1-2077495281600667655","0",""
"10983","2077496862500962800","2026-07-15T21:00:02.000Z","BREAKING: 🇦🇷 Argentina go 2-1 up against 🏴󠁧󠁢󠁥󠁮󠁧󠁿 England in injury time","breaking-argentina-go-2-1-up-against-england-in-injury-time-2077496862500962737","0",""
"10984","2077499277832794000","2026-07-15T21:10:03.000Z","BREAKING: 🇦🇷 Argentina beat 🏴󠁧󠁢󠁥󠁮󠁧󠁿 England and advance to the World Cup final","breaking-argentina-beat-england-and-advance-to-the-world-cup-final-2077499277832794202","0",""
"10985","2077501146546205000","2026-07-15T21:20:02.000Z","🇦🇷 Messi wins man of the match after his team beat 🏴󠁧󠁢󠁥󠁮󠁧󠁿 England and advanced to the World Cup final.","-messi-wins-man-of-the-match-after-his-team-beat-england-and-advanced-to-the-world-cup-final-2077501146546204980","0",""
"10986","2077548584141291800","2026-07-16T00:20:03.000Z","🇦🇷 Messi now leads the all-time World Cup tally for both most goals and assists. https://t.co/VXEXOnAW6V","-messi-now-leads-the-all-time-world-cup-tally-for-both-most-goals-and-assists-httpstcovxexonaw6v-2077548584141291821","0","https://t.co/VXEXOnAW6V"
"10987","2077860125751353300","2026-07-16T21:00:04.000Z","BREAKING: US military has struck a bridge in Iran's Bandar Abbas region","breaking-us-military-has-struck-a-bridge-in-irans-bandar-abbas-region-2077860125751353461","0",""
"10988","2077875106827981000","2026-07-16T22:00:03.000Z","BREAKING: Iranian media reports that three bridges have now been attacked in US strikes","breaking-iranian-media-reports-that-three-bridges-have-now-been-attacked-in-us-strikes-2077875106827981067","0",""
"10989","2078048092365173200","2026-07-17T09:30:03.000Z","BREAKING: Kuwait says Iranian attack targeted power plant","breaking-kuwait-says-iranian-attack-targeted-power-plant-2078048092365173223","0",""
"10993","2078305537649934300","2026-07-18T02:30:03.000Z","BREAKING: New Iranian attack on Bahrain","breaking-new-iranian-attack-on-bahrain-2078305537649934367","0",""
"10994","2078332570509668600","2026-07-18T04:20:03.000Z","BREAKING: New Iranian attack on targets in Kuwait","breaking-new-iranian-attack-on-targets-in-kuwait-2078332570509668566","0",""
"10995","2078393842819347000","2026-07-18T08:20:03.000Z","BREAKING: Iran has targeted a US base in Jordan","breaking-iran-has-targeted-a-us-base-in-jordan-2078393842819346855","0",""
"10996","2078584922030404000","2026-07-18T21:00:02.000Z","US officials tell the New York Times that several helicopters have been damaged in Iranian attack on Jordan.","us-officials-tell-the-new-york-times-that-several-helicopters-have-been-damaged-in-iranian-attack-on-jordan-2078584922030404054","0",""
"10997","2078586652562489900","2026-07-18T21:10:03.000Z","BREAKING: 🏴󠁧󠁢󠁥󠁮󠁧󠁿 England go 1-0 up against 🇫🇷 France in the 3rd minute","breaking-england-go-1-0-up-against-france-in-the-3rd-minute-2078586652562489775","0",""
"10998","2078590457177842000","2026-07-18T21:20:03.000Z","BREAKING: 🏴󠁧󠁢󠁥󠁮󠁧󠁿 England go 2-0 up against 🇫🇷 France in the 19th minute","breaking-england-go-2-0-up-against-france-in-the-19th-minute-2078590457177841924","0",""
"10999","2078595077992239400","2026-07-18T21:40:01.000Z","BREAKING: 🏴󠁧󠁢󠁥󠁮󠁧󠁿 England go 3-0 up against 🇫🇷 France in the 36th minute","breaking-england-go-3-0-up-against-france-in-the-36th-minute-2078595077992239289","0",""
"11000","2078597464899359000","2026-07-18T21:50:03.000Z","BREAKING: 🏴󠁧󠁢󠁥󠁮󠁧󠁿 England go 4-0 up against 🇫🇷 France","breaking-england-go-4-0-up-against-france-2078597464899358952","0",""
"11001","2078604557802930200","2026-07-18T22:20:01.000Z","Mbappe scores, becoming  top scorer at the World Cup, with 🇫🇷 France now down 4-1 against 🏴󠁧󠁢󠁥󠁮󠁧󠁿 England.","mbappe-scores-becoming-top-scorer-at-the-world-cup-with-france-now-down-4-1-against-england-2078604557802930258","0",""
"11002","2078610210835599600","2026-07-18T22:40:02.000Z","BREAKING: Mbappe passes Messi as all-time top World Cup scorer https://t.co/ZRdAGnWVb5","breaking-mbappe-passes-messi-as-all-time-top-world-cup-scorer-httpstcozrdagnwvb5-2078610210835599704","0","https://t.co/ZRdAGnWVb5"
"11003","2078608339685278000","2026-07-18T22:40:03.000Z","BREAKING: Mbappe scores second goal,  🇫🇷 France now down 4-3 against 🏴󠁧󠁢󠁥󠁮󠁧󠁿 England.","breaking-mbappe-scores-second-goal-france-now-down-4-3-against-england-2078608339685277890","0",""
"11004","2078618214221897700","2026-07-18T23:10:12.000Z","World Cup 2026, top scorers.

🇫🇷 Kylian Mbappe: 10 goals
🇦🇷 Lionel Messi: 8 goals
🇳🇴 Erling Haaland: 7 goals
🏴󠁧󠁢󠁥󠁮󠁧󠁿 Jude Bellingham: 6 goals
🏴󠁧󠁢󠁥󠁮󠁧󠁿 Harry Kane: 6 goals
🇫🇷 Ousmane Dembele: 5 goals
🇪🇸 Mikel Oyarzabal: 5 goals
🇸🇳 Ismaila Sarr: 4 goals
🇲🇽 Julian Quinones: 4 goals
🇧🇷 Vinicius Junior: 4 goals","world-cup-2026-top-scorers-kylian-mbappe-10-goals-lionel-messi-8-goals-erling-haaland-7-goals-jude-bellingham-6-goals-harry-kane-6-goals-ousmane-dembele-5-goals-mikel-oyarzabal-5-goals-ismaila-sarr-4-goals-julian-quinones-4-goals-vinicius-junior-4-goals-2","0",""
"11006","2078616452534534400","2026-07-18T23:10:13.000Z","BREAKING: New US strikes on Iran","breaking-new-us-strikes-on-iran-2078616452534534433","0",""
"11005","2078616506985001200","2026-07-18T23:10:13.000Z","BREAKING: 🏴󠁧󠁢󠁥󠁮󠁧󠁿 England beat 🇫🇷 France 6-4 and win 3rd place at the World Cup","breaking-england-beat-france-6-4-and-win-3rd-place-at-the-world-cup-2078616506985001154","0",""
"11007","2078618886950511000","2026-07-18T23:20:02.000Z","World Cup 2026, top scorers.

🇫🇷 Kylian Mbappe: 10 goals
🇦🇷 Lionel Messi: 8 goals
🇳🇴 Erling Haaland: 7 goals
🏴󠁧󠁢󠁥󠁮󠁧󠁿 Jude Bellingham: 7 goals
🏴󠁧󠁢󠁥󠁮󠁧󠁿 Harry Kane: 6 goals
🇫🇷 Ousmane Dembele: 5 goals
🇪🇸 Mikel Oyarzabal: 5 goals
🇸🇳 Ismaila Sarr: 4 goals
🇲🇽 Julian Quinones: 4 goals
🇧🇷 Vinicius Junior: 4 goals","world-cup-2026-top-scorers-kylian-mbappe-10-goals-lionel-messi-8-goals-erling-haaland-7-goals-jude-bellingham-7-goals-harry-kane-6-goals-ousmane-dembele-5-goals-mikel-oyarzabal-5-goals-ismaila-sarr-4-goals-julian-quinones-4-goals-vinicius-junior-4-goals-2","0",""
"11008","2078622468680692000","2026-07-18T23:30:03.000Z","BREAKING: Andrew Tate and his brother Tristan Tate arrested in Miami","breaking-andrew-tate-and-his-brother-tristan-tate-arrested-in-miami-2078622468680691942","0",""
"11009","2078624472211542300","2026-07-18T23:40:03.000Z","BREAKING: Andrew Tate and his brother Tristan Tate arrested in Miami, according to AP report.","breaking-andrew-tate-and-his-brother-tristan-tate-arrested-in-miami-according-to-ap-report-2078624472211542183","0",""
"11010","2078627651934400800","2026-07-18T23:50:01.000Z","BREAKING: Andrew Tate and Tristan Tate arrested in the United States after UK prosecution brought further charges against them, with the UK seeking their extradition.","breaking-andrew-tate-and-tristan-tate-arrested-in-the-united-states-after-uk-prosecution-brought-further-charges-against-them-with-the-uk-seeking-their-extradition-2078627651934400848","0",""
"11011","2078637756981670100","2026-07-19T00:30:03.000Z","BREAKING: Loud blasts in several parts of southern Iran","breaking-loud-blasts-in-several-parts-of-southern-iran-2078637756981670105","0",""
"11012","2078653627984695800","2026-07-19T01:40:02.000Z","World Cup all-time top scorers.

🇫🇷 Kylian Mbappé: 22 goals
🇦🇷 Lionel Messi: 21 goals
🇩🇪 Miroslav Klose: 16 goals
🇧🇷 Ronaldo: 15 goals
🇩🇪 Gerd Müller: 14 goals
🏴󠁧󠁢󠁥󠁮󠁧󠁿 Harry Kane: 14 goals
🇫🇷 Just Fontaine: 13 goals
🇧🇷 Pelé: 12 goals
🇭🇺 Sándor Kocsis: 11 goals
🇩🇪 Jürgen Klinsmann: 11 goals
🇵🇹 Cristiano Ronaldo: 10 goals
🇩🇪 Helmut Rahn: 10 goals
🏴󠁧󠁢󠁥󠁮󠁧󠁿 Gary Lineker: 10 goals
🇦🇷 Gabriel Batistuta: 10 goals
🇵🇪 Teófilo Cubillas: 10 goals
🇩🇪 Thomas Müller: 10 goals
🇵🇱 Grzegorz Lato: 10 goals","world-cup-all-time-top-scorers-kylian-mbapp-22-goals-lionel-messi-21-goals-miroslav-klose-16-goals-ronaldo-15-goals-gerd-mller-14-goals-harry-kane-14-goals-just-fontaine-13-goals-pel-12-goals-sndor-kocsis-11-goals-jrgen-klinsmann-11-goals-cristiano-ronald","0",""
"11020","2079301192673558800","2026-07-20T20:30:03.000Z","BREAKING: US military says it is carrying out new round of strikes against Iran","breaking-us-military-says-it-is-carrying-out-new-round-of-strikes-against-iran-2079301192673558686","0",""
"11021","2079307914100302000","2026-07-20T21:00:01.000Z","BREAKING: 🇸🇦 Saudi Arabia condemns Houthi announcement that they will impose a naval blockade on the Kingdom, with Riyadh saying it will take measures to protect its ships.","breaking-saudi-arabia-condemns-houthi-announcement-that-they-will-impose-a-naval-blockade-on-the-kingdom-with-riyadh-saying-it-will-take-measures-to-protect-its-ships-2079307914100302011","0",""
"11022","2079313613459001600","2026-07-20T21:20:02.000Z","BREAKING: 🇺🇸 US is set to impose 50% tariffs on a range of 🇨🇦 Canadian goods","breaking-us-is-set-to-impose-50-tariffs-on-a-range-of-canadian-goods-2079313613459001482","0",""
"11023","2079388813747757300","2026-07-21T02:20:03.000Z","BREAKING: Iranian Revolutionary Guards say they have struck US targets in Bahrain and Kuwait","breaking-iranian-revolutionary-guards-say-they-have-struck-us-targets-in-bahrain-and-kuwait-2079388813747757276","0",""
"11024","2079534858402173000","2026-07-21T12:10:03.000Z","BREAKING: Kuwait says that Iran has attacked water desalination and power facilities","breaking-kuwait-says-that-iran-has-attacked-water-desalination-and-power-facilities-2079534858402173040","0",""
"11025","2079567072984756500","2026-07-21T14:00:03.000Z","US data center spending was over $50 billion in April, for the first time exceeding public spending on transportation infrastructure, according to Bloomberg report.","us-data-center-spending-was-over-50-billion-in-april-for-the-first-time-exceeding-public-spending-on-transportation-infrastructure-according-to-bloomberg-report-2079567072984756524","0",""
"11026","2079662680881947000","2026-07-21T20:20:03.000Z","UK Prime Minister Andy Burnham has approved US use of British military bases for 'defensive strikes' against Iran, according to Bloomberg report. https://t.co/UDhlKdOlEJ","uk-prime-minister-andy-burnham-has-approved-us-use-of-british-military-bases-for-defensive-strikes-against-iran-according-to-bloomberg-report-httpstcoudhlkdolej-2079662680881946757","0","https://t.co/UDhlKdOlEJ"
"11027","2079674836356653300","2026-07-21T21:10:04.000Z","BREAKING: Iranian military says any US targeting of Iranian nuclear or sensitive sites would result in an expansion of the war across the region","breaking-iranian-military-says-any-us-targeting-of-iranian-nuclear-or-sensitive-sites-would-result-in-an-expansion-of-the-war-across-the-region-2079674836356653370","0",""
"11028","2079684088576041200","2026-07-21T21:50:03.000Z","BREAKING: Sirens are sounding in Kuwait amid Iranian attack","breaking-sirens-are-sounding-in-kuwait-amid-iranian-attack-2079684088576041098","0",""
"11029","2079688659696304000","2026-07-21T22:10:03.000Z","US crude oil price

1st of July: $71

Now: $91.5 https://t.co/ZTaoZ0olO4","us-crude-oil-price-1st-of-july-71-now-915-httpstcoztaoz0olo4-2079688659696304146","0","https://t.co/ZTaoZ0olO4"
"11030","2079733514959012000","2026-07-22T01:10:03.000Z","BREAKING: US has agreed to a 30-year nuclear deal with Saudi Arabia that could facilitate nuclear enrichment in the country, according to Wall Street Journal report.","breaking-us-has-agreed-to-a-30-year-nuclear-deal-with-saudi-arabia-that-could-facilitate-nuclear-enrichment-in-the-country-according-to-wall-street-journal-report-2079733514959012066","0",""
"11031","2079777567369032000","2026-07-22T04:00:03.000Z","US-Saudi nuclear deal is 'estimated to be worth tens of billions of dollars' and is 'designed to give American companies a central role in developing Saudi Arabia’s nuclear infrastructure while shutting out other foreign competitors', according to Wall Street Journal report. https://t.co/1MydZCLDOi","us-saudi-nuclear-deal-is-estimated-to-be-worth-tens-of-billions-of-dollars-and-is-designed-to-give-american-companies-a-central-role-in-developing-saudi-arabias-nuclear-infrastructure-while-shutting-out-other-foreign-competitors-according-to-wall-street-j","0","https://t.co/1MydZCLDOi"
"11032","2079797882614628600","2026-07-22T05:20:02.000Z","Brent crude oil price

1st of July: $71

Now: $92.3 https://t.co/D1ykXkLK1o","brent-crude-oil-price-1st-of-july-71-now-923-httpstcod1ykxklk1o-2079797882614628725","0","https://t.co/D1ykXkLK1o"
"11033","2079872507813990700","2026-07-22T10:20:01.000Z","BREAKING: US crude oil price up 4%, rises to $95.","breaking-us-crude-oil-price-up-4-rises-to-95-2079872507813990575","0",""
"11034","2079882498952265700","2026-07-22T11:00:03.000Z","Brent crude oil price

1st of July: $71

Now: $95 https://t.co/HrzhUm0SS3","brent-crude-oil-price-1st-of-july-71-now-95-httpstcohrzhum0ss3-2079882498952265856","0","https://t.co/HrzhUm0SS3"
"11035","2080021836327441000","2026-07-22T20:10:03.000Z","Google beats estimates and announces $119.8 billion in revenue for the second quarter of 2026. https://t.co/t17IEZw4KX","google-beats-estimates-and-announces-1198-billion-in-revenue-for-the-second-quarter-of-2026-httpstcot17iezw4kx-2080021836327440796","0","https://t.co/t17IEZw4KX"
"11036","2080033848231161900","2026-07-22T21:00:02.000Z","BREAKING: Blasts reported across several sites in Iran","breaking-blasts-reported-across-several-sites-in-iran-2080033848231161886","0",""
"11037","2080041142155084000","2026-07-22T21:30:03.000Z","BREAKING: Oil tanker hit by projectile in the Red Sea","breaking-oil-tanker-hit-by-projectile-in-the-red-sea-2080041142155083946","0",""
"11038","2080044444552962000","2026-07-22T21:40:02.000Z","US crude oil price

1st of July: $68

Now: $86 https://t.co/LbzBiulKIX","us-crude-oil-price-1st-of-july-68-now-86-httpstcolbzbiulkix-2080044444552962135","0","https://t.co/LbzBiulKIX"
"11039","2080045228665536800","2026-07-22T21:50:03.000Z","BREAKING: Yemen's Iran-backed Houthis say they have targeted Saudi oil tanker in the Red Sea","breaking-yemens-iran-backed-houthis-say-they-have-targeted-saudi-oil-tanker-in-the-red-sea-2080045228665536763","0",""
"11040","2080051159923081500","2026-07-22T22:10:03.000Z","BREAKING: Kuwait's military says it is intercepting a drone attack","breaking-kuwaits-military-says-it-is-intercepting-a-drone-attack-2080051159923081457","0",""
"11041","2080053094499725600","2026-07-22T22:20:01.000Z","BREAKING: US military says it has launched more strikes at Iranian military targets and will 'continue to further degrade Iran's ability to threaten civilian mariners and commercial vessels'","breaking-us-military-says-it-has-launched-more-strikes-at-iranian-military-targets-and-will-continue-to-further-degrade-irans-ability-to-threaten-civilian-mariners-and-commercial-vessels-2080053094499725463","0",""
"11042","2080114701695058200","2026-07-23T02:20:03.000Z","BREAKING: Brent crude oil is up to $96","breaking-brent-crude-oil-is-up-to-96-2080114701695058205","0",""
"11043","2080183933283750100","2026-07-23T07:00:02.000Z","Brent crude oil price

1st of July: $71

Now: $96.6 https://t.co/VqnZKTX0Ip","brent-crude-oil-price-1st-of-july-71-now-966-httpstcovqnzktx0ip-2080183933283750019","0","https://t.co/VqnZKTX0Ip"
"11044","2080211087358927400","2026-07-23T08:50:03.000Z","BREAKING: Brent crude oil is up to $98","breaking-brent-crude-oil-is-up-to-98-2080211087358927244","0",""
"11045","2080223373070925800","2026-07-23T09:30:04.000Z","BREAKING: US crude oil up 4%, now trading at over $90 for first time in over a month.","breaking-us-crude-oil-up-4-now-trading-at-over-90-for-first-time-in-over-a-month-2080223373070925839","0",""
"11046","2080407616724099000","2026-07-23T21:50:02.000Z","BREAKING: Brent crude oil hits $100","breaking-brent-crude-oil-hits-100-2080407616724099120","0",""
"11047","2080457966386651400","2026-07-24T01:10:03.000Z","BREAKING: Widespread US strikes across different regions of Iran","breaking-widespread-us-strikes-across-different-regions-of-iran-2080457966386651312","0",""
"11048","2080485456396042500","2026-07-24T02:50:02.000Z","BREAKING: New York Times reports that Iran rejected a US ceasefire proposal that was conveyed by Iraq's Prime Minister","breaking-new-york-times-reports-that-iran-rejected-a-us-ceasefire-proposal-that-was-conveyed-by-iraqs-prime-minister-2080485456396042544","0",""
"11049","2080561505628811300","2026-07-24T08:00:02.000Z","BREAKING: Sirens sound in Bahrain amid suspected Iranian attack","breaking-sirens-sound-in-bahrain-amid-suspected-iranian-attack-2080561505628811385","0",""
"11056","2081121677795320300","2026-07-25T21:10:04.000Z","US crude oil price

1st of July: $68

Now: $90 https://t.co/sKJs8MATN4","us-crude-oil-price-1st-of-july-68-now-90-httpstcoskjs8matn4-2081121677795320243","0","https://t.co/sKJs8MATN4"
"11057","2081484140424348200","2026-07-26T21:00:04.000Z","Iran says it will halt its attacks for as long the US does, according to Reuters report.","iran-says-it-will-halt-its-attacks-for-as-long-the-us-does-according-to-reuters-report-2081484140424348145","0",""
"11058","2081504987801387500","2026-07-26T22:30:03.000Z","BREAKING: Oil prices plunge by over 7%","breaking-oil-prices-plunge-by-over-7-2081504987801387520","0",""
"11059","2081664341703881000","2026-07-27T09:00:03.000Z","🇮🇩 Indonesia's rupiah falls back past 18,000 per US Dollar.","-indonesias-rupiah-falls-back-past-18000-per-us-dollar-2081664341703880838","0",""
"11060","2081849902553038800","2026-07-27T21:20:03.000Z","33% of Americans support the war on Iran, according to Reuters/Ipsos poll.","33-of-americans-support-the-war-on-iran-according-to-reutersipsos-poll-2081849902553038948","0",""
"11061","2081858346408436000","2026-07-27T21:50:02.000Z","There is a 49% chance of traffic in the Strait of Hormuz returning to normal by the end of the year, according to @Kalshi prediction market. https://t.co/3FAgP1P8tI","there-is-a-49-chance-of-traffic-in-the-strait-of-hormuz-returning-to-normal-by-the-end-of-the-year-according-to-kalshi-prediction-market-httpstco3fagp1p8ti-2081858346408435856","0","https://t.co/3FAgP1P8tI"
"11062","2081898156904845600","2026-07-28T00:30:03.000Z","🇰🇷 South Korea's KOSPI index has plunged by over 6%.","-south-koreas-kospi-index-has-plunged-by-over-6-2081898156904845561","0",""
"11063","2081912186021233000","2026-07-28T01:20:02.000Z","Trading halted on 🇰🇷 South Korea's KOSPI index after it plunges by almost 8%.","trading-halted-on-south-koreas-kospi-index-after-it-plunges-by-almost-8-2081912186021232969","0",""
"11064","2081992588828230000","2026-07-28T06:40:02.000Z","BREAKING: 🇰🇷 South Korea's KOSPI index down by 10.7%","breaking-south-koreas-kospi-index-down-by-107-2081992588828230005","0",""
"11065","2082005133202772200","2026-07-28T07:30:02.000Z","BREAKING: 🇦🇺 Melbourne to 🇫🇷 Toulouse test flight for new Airbus A350 ULR has now lasted over 24 hours, crossing over the Pacific Ocean, North America and the Atlantic Ocean.","breaking-melbourne-to-toulouse-test-flight-for-new-airbus-a350-ulr-has-now-lasted-over-24-hours-crossing-over-the-pacific-ocean-north-america-and-the-atlantic-ocean-2082005133202772165","0",""
"11066","2082011630687376000","2026-07-28T08:00:02.000Z","BREAKING: 7.1 magnitude quake in southern Japan, tsunami alert issued.","breaking-71-magnitude-quake-in-southern-japan-tsunami-alert-issued-2082011630687375870","0",""
"11067","2082031891943936500","2026-07-28T09:20:02.000Z","BREAKING: Zinedine Zidane appointed new France national team coach","breaking-zinedine-zidane-appointed-new-france-national-team-coach-2082031891943936465","0",""
"11068","2082209161874674200","2026-07-28T21:00:02.000Z","BREAKING: Trump administration set to restrict import of Chinese humanoid robots, according to Reuters report.","breaking-trump-administration-set-to-restrict-import-of-chinese-humanoid-robots-according-to-reuters-report-2082209161874674120","0",""
"11069","2082216088197362000","2026-07-28T21:30:04.000Z","Brent crude oil price is down over 5% amid reports of progress on Strait of Hormuz. https://t.co/THSQURQeF1","brent-crude-oil-price-is-down-over-5-amid-reports-of-progress-on-strait-of-hormuz-httpstcothsqurqef1-2082216088197361984","0","https://t.co/THSQURQeF1"
"11070","2082228164219265300","2026-07-28T22:20:04.000Z","BREAKING: Iran launches ballistic missile attack on targets in Jordan","breaking-iran-launches-ballistic-missile-attack-on-targets-in-jordan-2082228164219265194","0",""
"11071","2082261325745681000","2026-07-29T00:30:02.000Z","The Democratic Party now has a 83% chance of winning the US House of Representatives, according to prediction market @Kalshi. https://t.co/Grsu7r851j","the-democratic-party-now-has-a-83-chance-of-winning-the-us-house-of-representatives-according-to-prediction-market-kalshi-httpstcogrsu7r851j-2082261325745680892","0","https://t.co/Grsu7r851j"
"11072","2082263673918325200","2026-07-29T00:40:04.000Z","BREAKING: Saudi Arabia says it conducted strikes in Iraq, coordinated with the US, in retaliation over drone attacks on its oil facilities.","breaking-saudi-arabia-says-it-conducted-strikes-in-iraq-coordinated-with-the-us-in-retaliation-over-drone-attacks-on-its-oil-facilities-2082263673918325238","0",""
"11073","2082301146849522200","2026-07-29T03:10:08.000Z","BREAKING: 🇰🇷 South Korea's KOSPI index down by 7%","breaking-south-koreas-kospi-index-down-by-7-2082301146849522167","0",""
"11074","2082310295146697000","2026-07-29T03:50:03.000Z","BREAKING: Trading halted on 🇰🇷 South Korea's KOSPI index after it falls by 8%","breaking-trading-halted-on-south-koreas-kospi-index-after-it-falls-by-8-2082310295146696934","0",""
"11075","2082324631512567800","2026-07-29T04:40:01.000Z","BREAKING: 🇰🇷 South Korea's KOSPI index has plunged by 11%","breaking-south-koreas-kospi-index-has-plunged-by-11-2082324631512567897","0",""
"11076","2082383533977616600","2026-07-29T08:40:10.000Z","Reuters reports that Iran is set to receive a 'a first shipment out of up to 400 Chinese-made shoulder-fired air-defence missile launchers' within weeks. https://t.co/qSmVmFJdJz","reuters-reports-that-iran-is-set-to-receive-a-a-first-shipment-out-of-up-to-400-chinese-made-shoulder-fired-air-defence-missile-launchers-within-weeks-httpstcoqsmvmfjdjz-2082383533977616522","0","https://t.co/qSmVmFJdJz"
"11077","2082548175970476300","2026-07-29T19:30:03.000Z","BREAKING: Trump says will hit Iran 'hard'","breaking-trump-says-will-hit-iran-hard-2082548175970476353","0",""
"11078","2082550884899434800","2026-07-29T19:40:02.000Z","BREAKING: 🇺🇸 US 30-Year Treasury bond yield is now at the highest since before the Global Financial Crisis","breaking-us-30-year-treasury-bond-yield-is-now-at-the-highest-since-before-the-global-financial-crisis-2082550884899434676","0",""
"11079","2082551951368340000","2026-07-29T19:50:04.000Z","Trump says that migration is 'killing' the United Kingdom and 'invading' Europe. https://t.co/BApPBeZS0c","trump-says-that-migration-is-killing-the-united-kingdom-and-invading-europe-httpstcobappbezs0c-2082551951368339914","0","https://t.co/BApPBeZS0c"
"11080","2082563382386004500","2026-07-29T20:30:01.000Z","BREAKING: US stock market lost over $1 trillion in value today","breaking-us-stock-market-lost-over-1-trillion-in-value-today-2082563382386004458","0",""
"11081","2082582312777322800","2026-07-29T21:50:02.000Z","Landing appears to be restricted at 🇸🇦 King Khalid International Airport in Riyadh, with the cause not yet known.","landing-appears-to-be-restricted-at-king-khalid-international-airport-in-riyadh-with-the-cause-not-yet-known-2082582312777322799","0",""
"11083","2082602455767122400","2026-07-29T23:10:03.000Z","BREAKING: Blasts reported in southwestern Iran","breaking-blasts-reported-in-southwestern-iran-2082602455767122370","0",""
"11082","2082603571644879000","2026-07-29T23:10:03.000Z","Microsoft shares have surged by 7.5% after earnings beat estimates. https://t.co/xRkawC4RqQ","microsoft-shares-have-surged-by-75-after-earnings-beat-estimates-httpstcoxrkawc4rqq-2082603571644879228","0","https://t.co/xRkawC4RqQ"
"11084","2082624274389737500","2026-07-30T00:30:03.000Z","BREAKING: US military says it conducted strikes on Iran today as a 'powerful response to yesterday's attempted Iranian attacks on U.S. forces based in the Middle East'","breaking-us-military-says-it-conducted-strikes-on-iran-today-as-a-powerful-response-to-yesterdays-attempted-iranian-attacks-on-us-forces-based-in-the-middle-east-2082624274389737489","0",""
"11085","2082637324404531700","2026-07-30T01:30:04.000Z","BREAKING: New blasts reported across parts of southern Iran amid US strikes","breaking-new-blasts-reported-across-parts-of-southern-iran-amid-us-strikes-2082637324404531661","0",""
"11086","2082643169649504500","2026-07-30T01:50:02.000Z","JD Vance and Marco Rubio tied at 18% chance of winning US Presidential Election in 2028, followed by Gavin Newsom on 12% and Jon Ossoff on 11%, according to @Kalshi prediction market. https://t.co/7POu2mv1Ja","jd-vance-and-marco-rubio-tied-at-18-chance-of-winning-us-presidential-election-in-2028-followed-by-gavin-newsom-on-12-and-jon-ossoff-on-11-according-to-kalshi-prediction-market-httpstco7pou2mv1ja-2082643169649504494","0","https://t.co/7POu2mv1Ja"
"11087","2082705243733983500","2026-07-30T05:50:03.000Z","🇸🇦 Saudi Arabia is seeking to build an international coalition to 'protect shipping ‌in the Red Sea from Houthi attacks', according to Reuters report.","-saudi-arabia-is-seeking-to-build-an-international-coalition-to-protect-shipping-in-the-red-sea-from-houthi-attacks-according-to-reuters-report-2082705243733983510","0",""
"11088","2082943325825560800","2026-07-30T21:40:03.000Z","Yemen's Iran-backed Houthis attacked Saudi Arabia 'from Iraqi territory' and 'in coordination with Iraqi armed groups', according to Reuters report.","yemens-iran-backed-houthis-attacked-saudi-arabia-from-iraqi-territory-and-in-coordination-with-iraqi-armed-groups-according-to-reuters-report-2082943325825560730","0",""
"11089","2082947700845420800","2026-07-30T22:00:04.000Z","Apple share price is now down 7.3% after its reported revenue was weaker than expected. https://t.co/3k0ui1fVBB","apple-share-price-is-now-down-73-after-its-reported-revenue-was-weaker-than-expected-httpstco3k0ui1fvbb-2082947700845420749","0","https://t.co/3k0ui1fVBB"
"11090","2082985353171153200","2026-07-31T00:30:03.000Z","🇰🇷 South Korea's KOSPI index surges by 15% as significant market volatility continues.","-south-koreas-kospi-index-surges-by-15-as-significant-market-volatility-continues-2082985353171153097","0",""
"11091","2083355443238429200","2026-08-01T01:00:03.000Z","Brent crude oil price

1st of July: $71

Now: $90.2 https://t.co/awdjpFZ4e1","brent-crude-oil-price-1st-of-july-71-now-902-httpstcoawdjpfz4e1-2083355443238429061","0","https://t.co/awdjpFZ4e1"
"11092","2083358681220129000","2026-08-01T01:10:03.000Z","BREAKING: CBS News reports that the US and Israel are 'planning what would be one of the harshest bombing campaigns to date against energy infrastructure targets in Iran'.","breaking-cbs-news-reports-that-the-us-and-israel-are-planning-what-would-be-one-of-the-harshest-bombing-campaigns-to-date-against-energy-infrastructure-targets-in-iran-2083358681220129035","0",""
"11093","2083466681880641800","2026-08-01T08:20:03.000Z","BREAKING: Kuwait says latest Iranian attack has targeted a Kuwaiti government facility","breaking-kuwait-says-latest-iranian-attack-has-targeted-a-kuwaiti-government-facility-2083466681880641836","0",""
"11094","2083653689097724200","2026-08-01T20:40:01.000Z","Israel’s Channel 12 reports that security forces are on the highest state of alert, amid rising tensions in the region.","israels-channel-12-reports-that-security-forces-are-on-the-highest-state-of-alert-amid-rising-tensions-in-the-region-2083653689097724112","0",""
"11095","2083657330294739000","2026-08-01T21:00:04.000Z","Prices, since start of the year.

Rice: +45%
Cotton: +27%
Wheat: +25%
Wool: +21%
Rubber: +20%
Cheese: +16%
Tea: +15%
Sunflower oil: +15%
Palm oil: +15%
Lumber: +14%
Soybeans: +13%","prices-since-start-of-the-year-rice-45-cotton-27-wheat-25-wool-21-rubber-20-cheese-16-tea-15-sunflower-oil-15-palm-oil-15-lumber-14-soybeans-13-2083657330294738990","0",""
"11096","2083694177561580000","2026-08-01T23:20:03.000Z","BREAKING: 3 people killed in shooting in 🇺🇸 Twin Falls, Idaho","breaking-3-people-killed-in-shooting-in-twin-falls-idaho-2083694177561579953","0",""
"11097","2083728208999149800","2026-08-02T01:40:03.000Z","BREAKING: Iran has threatened to 'strike other nations energy fields' if the US launches fresh attacks, according to Reuters report.","breaking-iran-has-threatened-to-strike-other-nations-energy-fields-if-the-us-launches-fresh-attacks-according-to-reuters-report-2083728208999149808","0",""
