"id","source","source_kind","perspective","pub_date","title","lede","url","source_country","image","is_fast_lead"
"c20ac608f120b8a6","Associated Press","rss","western-wire","2026-09-25T04:18:00Z","It’s been an intense hurricane season in the Pacific and there’s still a long way to go","","https://news.google.com/rss/articles/CBMijwFBVV95cUxONEJuLVJfZW5PenR0enk5akl1MUwxUm5LNUhaR3hVcmg4S2NVdXBidHc0emtCYVNVcVhUSndTbzA2R2M5TUtxQnREX3A1SVRLZlBzcGdWYjZrN1Z0TTgxZDYtQjdLaUtHM0tpMUNSZHZTczAzZnZXSGZETWcwSkliRGVvQTFsbWtmZFU5X1VZTQ?oc=5","US","","FALSE"
"0e2143a7bca8ef0e","Associated Press","rss","western-wire","2026-09-25T05:04:00Z","Powerful Hurricane Polo drenches Mexico’s coast as Nolo takes aim at Hawaii","","https://news.google.com/rss/articles/CBMimAFBVV95cUxNRUVtVnNQTENPVGtPZU03Y2R5TVZyNEFUZ3lVNlhnQkxZeHlGcmttZHJNQll0b2p1a0IwbjJjSWRpLTZzSlliMnpIVWtKZHdldkJUaXBGczkyLVdpUWxMRG5EMUM4dGc2UnkwVmlSaFZQNnFkVmFhOWxBOU9XTVZEVTBBalE5Q2N1LW5vZUpDTlBTMTVwSDRqVg?oc=5","US","","FALSE"
"195c2a3c3dd55462","Associated Press","rss","western-wire","2026-09-25T05:08:00Z","Israel's Netanyahu, at UN, calls accusations of genocide in Gaza 'the biggest lie of the century'","","https://news.google.com/rss/articles/CBMimwFBVV95cUxONnM2WE9GdERPVTluSmVqM0pXLURSOHMxdHRHZmtCRGtoN2JTdUstTDhkVmp5b1JObVNuTVp0b3FVa0VXWkNNWW8zYTJRcGdBRDVqckItTjFCV3U3QU9nQ2VsMFUtN2p0WDhIUjc5Sy15ZzZwMS1hY1lNMHF4d1dPNlhHamNCYWNkTjhyS2hSb2d4cmxFdEgwbUFBdw?oc=5","US","","FALSE"
"86c637e5be31d4dc","Associated Press","rss","western-wire","2026-09-25T05:16:00Z","Netanyahu says Mamdani endangers Jewish New Yorkers by spreading lies about Israel's actions in Gaza","","https://news.google.com/rss/articles/CBMinwFBVV95cUxNZWwwMXh5M0xLSTdqOUI0ZWhSSUtEU2NfdHlfaTVhUUhEU1NzM0NsczV4UzBnbHRxMXN4VjlDTTBmdm9MWEJKV1NvTW14eW5vWmlRQkV2N0Z1NExpazc4VWxxT05vTTdZN0M4bExaMjlPay1naWV4V2tqVnlMY1g3Z1d5MHkwWEFLSjdGXy14aGlYMkNsZ0liVC1rNHFXN3c?oc=5","US","","FALSE"
"bc2eee29917c3351","Associated Press","rss","western-wire","2026-09-25T05:17:00Z","Packers booed in a Lambeau flop as they get blown out by Falcons in home opener","","https://news.google.com/rss/articles/CBMikgFBVV95cUxNaHYzYzU1NzlnUzJFM0RnWUdZcTU5QU8tM2pzWUpSai0xTHBycmt1Tmlfa2I5RXZfTmg4ZE1GU091X1dlajZwMTFPVlBCSDExZm8ya3V5VVJhMEcwaV9ncC1EU1F4UmUtbGMtQjgzOFBlRy1NeXFqbUh0MlF6bjh2bE9Hc0FoU2EwLWUzRkw5UGdhZw?oc=5","US","","FALSE"
"5056c92370819277","Associated Press","rss","western-wire","2026-09-25T05:18:00Z","Yemen tells UN that Houthi rebels’ moves on key strait threaten global economy","","https://news.google.com/rss/articles/CBMimwFBVV95cUxQUjRDUmo2SklGZ0FmaUQ1UDU5ak1vcFM1LTdKdzJ2Y2lWV3dhNWNpeGNhT0dVRnhvYVRsc2M5ZnoyNlVFOTZDdUd4MG9tamZ3bzhMallmX090RGNBVzE3cFQ3V3ZRT1Q3aE1fVUs3NVVhbWhhUEZZZWVrZnd4ZHpLSk0wdWp0TVlLbXo3eGVJRnJIMmstWTV0Rzlucw?oc=5","US","","FALSE"
"c2c6c03bef3d8b87","Associated Press","rss","western-wire","2026-09-25T05:23:00Z","Trump’s state dinner for Xi features sea bass and a long list of tech titans","","https://news.google.com/rss/articles/CBMimgFBVV95cUxQTHRNd1RUc2NaeXMxMXZsbnBkZkM0dEJiQ1lRNEMxM29RdWlBeTc2V1B5dGhHN0NodlJSaGhBZTY3UGVCRk1KM2xpeFR6czB1SUxob3RPN244NFVDSkktVWxtSzduTzhmSHNxUXRKVVlSRU95VXJ6dHJ5NnF4b2ZkQzh6ZUZLYmo2VHFMMVBQem1jeVg0bWpoRzFR?oc=5","US","","FALSE"
"4147c7a5cca1155b","Associated Press","rss","western-wire","2026-09-25T05:24:00Z","Bijan Robinson runs roughshod over the Packers as the Falcons breeze to a 35-14 victory","","https://news.google.com/rss/articles/CBMiiAFBVV95cUxQcGoyeHFMSWZMRmZ4MXdpQ3pMTkQ1VVE5NHlmVEl4a2c5cDVodzZtQlhDUWx3Mm5YMTBTT3lET1BTZHBjMllYN0J4WWhUWG5WbVp0V01kalBCdV9XWmVxelNEeTRXMjdYZExtZmJxb1BpUnktTnhUQl9hamRJMXF6blVwS1B3R01j?oc=5","US","","FALSE"
"8df5ed5b268fa0d7","BBC World","rss","western-uk","2026-09-25T05:54:07Z","Pomp and toasts: Day 2 of Trump and Xi in DC","Xi’s first visit to Washington in a decade was a display of pomp and pageantry, with Trump offering his guest a two-month truce on the brewing tariff war.","https://www.bbc.co.uk/news/videos/c9lykxx5zp70o?at_medium=RSS&at_campaign=rss","GB","https://ichef.bbci.co.uk/ace/standard/240/cpsprodpb/2868/live/88381480-b8a4-11f1-a430-4d16ee157c41.jpg","FALSE"
"0240908ce49c8d49","DW English","rss","german","2026-09-25T05:58:00Z","How renewed fighting in Tigray could spread across the Horn of Africa","The fresh hostilities in Ethiopia's Tigray region come after months of growing animosity between rebel forces and the federal government. Horn of Africa expert Martin Plaut warns of possible regional spillover.","https://www.dw.com/en/how-renewed-fighting-in-tigray-could-spread-across-the-horn-of-africa/a-79410333?maca=en-rss-en-world-4025-rdf","DE","","FALSE"
"89e2582913e40938","russiaherald.com (russia)","gdelt","russia","2026-09-25T06:00:00Z","EU seeks to curb Russian athlete return to international competitions","","http://www.russiaherald.com/news/279330385/eu-seeks-to-curb-russian-athletes-return-to-international-competitions-media","RU","https://chitra-api.kreatio.com/api/v1/wps/7e3e8f0/cfb9f9a4-f9e9-46df-a70a-3de328572e4f/0/MmY0YjE2ZjMtZGE-600x315.jpg","FALSE"
"121e94a6ccbe50ec","ecfr.eu (russia)","gdelt","russia","2026-09-25T06:30:00Z","Turkey place in Europe – European Council on Foreign Relations","","https://ecfr.eu/podcasts/episode/turkeys-place-in-europe/","RU","https://ecfr.eu/wp-content/uploads/2024/04/world-1024x576-2.jpg","FALSE"
"232dd83b716ea9d1","DW English","rss","german","2026-09-25T08:10:00Z","Italy to ban burqa in schools, limit foreign pupils","Prime Minister Giorgia Meloni’s government has passed new school rules capping the number of students who don't speak fluent Italian and banning face coverings.","https://www.dw.com/en/italy-to-ban-burqa-in-schools-limit-foreign-pupils/a-79423432?maca=en-rss-en-world-4025-rdf","DE","","FALSE"
"ab3396ad43b7eeb8","North Press Agency","rss","syrian-kurdish","2026-09-25T08:14:19Z","Saudi, Turkey, Pakistan chiefs of staff plan urgent meeting","QAMISHLI, Syria (North Press) – The chiefs of staff of Saudi Arabia, Turkey and Pakistan are preparing for an urgent meeting to discuss ways to support Riyadh under the Makkah Joint Defense Agreement, Saudi authorities said Friday. The Saudi Foreign Ministry said the arrangements for the meeting were discussed during a meeting in New York [&#8230;]
The post Saudi, Turkey, Pakistan chiefs of sta...","https://npasyria.com/en/141913/","SY","https://npasyria.com/en/wp-content/uploads/2026/09/16ipj-7-730x438-1-730x430-1.jpg","FALSE"
"330cb33f268a92d7","Al Jazeera","rss","gulf","2026-09-25T08:32:48Z","Saudi Arabia allies line up support as Houthi attacks mount","France is sending military to protect key Yanbu oil terminal; Pakistan and Turkiye to hold military talks with Riyadh.","https://www.aljazeera.com/news/2026/9/25/saudi-arabia-allies-line-up-support-as-houthi-attacks-mount?traffic_source=rss","QA","","FALSE"
"f1c60bb971069ebb","North Press Agency","rss","syrian-kurdish","2026-09-25T09:00:38Z","Netherlands eyes stronger Syria ties, sustainable refugee return","QAMISHLI, Syria (North Press) – Dutch Minister for Foreign Trade and Development Cooperation Sjoerd Sjoerdsma said on Friday that stronger ties with Syria serve mutual interests and support regional security and stability, particularly on migration. In a post on X, Sjoerdsma said Dutch support for Syria includes humanitarian aid and reconstruction efforts, as well as [&#8230;]
The post Netherla...","https://npasyria.com/en/141916/","SY","https://npasyria.com/en/wp-content/uploads/2026/09/20260925_031850-768x576.jpg-750x430-1.webp","FALSE"
"1ce437a5b2d77e37","Al Jazeera","rss","gulf","2026-09-25T09:11:52Z","Nepal PM says global order is broken in fighting climate crisis","Nepal’s Prime Minister Balendra Shah was applauded at the UN General Assembly after his speech on climate crisis.","https://www.aljazeera.com/video/newsfeed/2026/9/25/25-09-sv-nepal-balendra-shah-climate-justice-speech-np?traffic_source=rss","QA","","FALSE"
"09253323037ada91","BBC World","rss","western-uk","2026-09-25T09:20:04Z","Robbie Williams' surprise singalong after Peru gig cancelled","Robbie Williams gave an impromptu performance outside a hotel in Lima after his stadium concert was cancelled.","https://www.bbc.co.uk/news/videos/c3qjkxk58y02o?at_medium=RSS&at_campaign=rss","GB","https://ichef.bbci.co.uk/ace/standard/240/cpsprodpb/58db/live/337d4bb0-b8ca-11f1-a430-4d16ee157c41.jpg","FALSE"
"a7820e6528bfe838","Al Jazeera","rss","gulf","2026-09-25T09:32:58Z","Switzerland’s neutrality vote is asking the wrong question","The real question is what neutrality can still do for Switzerland.","https://www.aljazeera.com/opinions/2026/9/25/switzerlands-neutrality-vote-is-asking-the-wrong-question?traffic_source=rss","QA","","FALSE"
"bbb0820e15b5281f","Associated Press","rss","western-wire","2026-09-25T09:44:00Z","It’s officially Dolly Parton Day, with parades, pink lights and book drives","","https://news.google.com/rss/articles/CBMihwFBVV95cUxPd3NEUlNhRDVXdFg5MHFUSlF4SjV2X3lsWEtuOFN4Tm8wNUkyZURLR0xWa1dZU3JMOGJ6OFVFVUhqNWxkNTNvYldteFpmSzlDaUdySW9pMzJxMnQtUkcyNTBVbnF1TTlQa3RRY3JfNEU5RC03M2hNVmllVlRYRGFnVlhLcC1fU28?oc=5","US","","FALSE"
"3fc7255b4dcd341d","Al Jazeera","rss","gulf","2026-09-25T09:46:18Z","From ‘cheats’ to ‘great friendship’: How Trump’s rhetoric on China changed","Warmth on display in Washington contrasts significantly with the language Trump has used to characterise Beijing and Xi.","https://www.aljazeera.com/news/2026/9/25/from-cheats-to-great-friendship-how-trumps-rhetoric-on-china-changed?traffic_source=rss","QA","","FALSE"
"1a0efc6d9c2cfefa","BBC World","rss","western-uk","2026-09-25T09:48:33Z","US backs Elon Musk's bid to overturn €120m EU fine against X","The EU had said X ""deceives users"" by selling blue ticks without ""meaningfully verifying"" accounts.","https://www.bbc.co.uk/news/articles/cq0m373ee0v0o?at_medium=RSS&at_campaign=rss","GB","https://ichef.bbci.co.uk/ace/standard/240/cpsprodpb/fed0/live/93ad40c0-b8c1-11f1-ad1f-538855f30ba1.jpg","FALSE"
"c7e93200d145b1ef","Al Jazeera","rss","gulf","2026-09-25T09:54:40Z","Iran pitches seven-day roadmap to end conflict with US","Tehran seeks rapid implementation failed ceasefire deal, offering to open Hormuz if regional conflicts halted.","https://www.aljazeera.com/news/2026/9/25/iran-pitches-seven-day-roadmap-to-end-conflict-with-us?traffic_source=rss","QA","","FALSE"
"25e037be7a111af2","Middle East Eye","rss","mideast","2026-09-25T09:56:04Z","Thailand investigating Jewish group over 'network of Israelis' buying up land","Thailand investigating Jewish group over 'network of Israelis' buying up land

    
    

          
      
      
        Submitted by 
Elis Gjevori
 on 
Fri, 09/25/2026 - 08:50

        
      
    
      
    
                Officials are examining land ownership, building permits and funding at Chabad-Lubavitch centres as public anger grows over Israeli tourists, many of whom are soldiers...","https://www.middleeasteye.net/news/thailand-investigating-jewish-group-chabad-lubavitch-over-network-israelis-buying-land","GB","https://www.middleeasteye.net/sites/default/files/styles/crop_16_9/public/images-story/000_C7VA2RC%281%29.jpg.jpg?itok=noAM_x_A","FALSE"
"375282ca896047c4","Al Jazeera","rss","gulf","2026-09-25T10:00:17Z","Premier League and La Liga lead FIFA reform calls after ‘exploitative’ plan","Europe&#039;s top leagues, from England, Spain, Italy and Germany, add pressure on Gianni Infantino after World Cup plan.","https://www.aljazeera.com/sports/2026/9/25/premier-league-and-la-liga-lead-fifa-reform-calls-after-infantino-plan?traffic_source=rss","QA","","FALSE"
"198feaa8f936222d","Middle East Eye","rss","mideast","2026-09-25T10:04:40Z","A UK company, a Greek owner and Netanyahu's former lawyer: Who really owns Serbia's Israeli drone venture?","A UK company, a Greek owner and Netanyahu's former lawyer: Who really owns Serbia's Israeli drone venture?

    
    

          
      
      
        Submitted by 
Elis Gjevori
 on 
Thu, 09/24/2026 - 09:52

        
      
    
      
    
                The deal involving the manufacture of drones highlights the growing political stakes of Israeli weapons production abroad...","https://www.middleeasteye.net/news/uk-company-netanyahus-former-lawyer-and-questions-over-israels-serbian-drone-venture","GB","https://www.middleeasteye.net/sites/default/files/styles/crop_16_9/public/images-story/Illustration.png.jpg?itok=-jo4verH","FALSE"
"7a65431238765862","Al Jazeera","rss","gulf","2026-09-25T10:10:33Z","Rising malnutrition in Nigeria as US war on Iran raises food costs","The war on Iran is raising the cost of living in Nigeria.","https://www.aljazeera.com/video/newsfeed/2026/9/25/rising-malnutrition-in-nigeria-as-us-war-on-iran-raises-food-costs?traffic_source=rss","QA","","FALSE"
"c779366227b384f5","Middle East Eye","rss","mideast","2026-09-25T10:25:16Z","‘People are destitute’: Lebanon’s spiralling prices fuel fears of social unrest","‘People are destitute’: Lebanon’s spiralling prices fuel fears of social unrest

    
    

          
      
      
        Submitted by 
Maya Saad
 on 
Thu, 09/24/2026 - 12:16

        
      
    
      
    
                Lebanese struggle with worsening cost-of-living crisis and surging fuel prices as unions call for general strike...","https://www.middleeasteye.net/news/people-destitute-lebanon-spiralling-fuel-prices-risk-social-unrest","GB","https://www.middleeasteye.net/sites/default/files/styles/crop_16_9/public/images-story/lebanese-retired-military-personnel-protest-beirut-2026-09-09-afp.jpg.jpg?itok=hqaUw_Z0","FALSE"
"c938ad77390ff38d","BBC World","rss","western-uk","2026-09-25T10:36:55Z","Trump and Xi exchange warm words at state dinner but little progress on key issues","Despite diplomatic niceties and gifts, little was shared on substantial issues separating the leaders.","https://www.bbc.co.uk/news/articles/cxq63dqp93n1o?at_medium=RSS&at_campaign=rss","GB","https://ichef.bbci.co.uk/ace/standard/240/cpsprodpb/602f/live/4a515750-b8a7-11f1-a430-4d16ee157c41.jpg","FALSE"
"9c1ab77590d226f8","Middle East Eye","rss","mideast","2026-09-25T10:43:07Z","UK warns Iran it will not tolerate hostile activity on its soil","UK warns Iran it will not tolerate hostile activity on its soil

    
    

        
    
                Britain's foreign minister met his Iranian counterpart on the sidelines of the UN General Assembly in New York and told him his country would ""not tolerate intimidation, threats or hostile activity on UK soil"" from groups linked to Iran.

British Foreign Secretary Ed Miliband and Iranian Fo...","https://www.middleeasteye.net/live-blog/live-blog-update/uk-warns-iran-it-will-not-tolerate-hostile-activity-its-soil","GB","","FALSE"
"da8c81743203feab","Al Jazeera","rss","gulf","2026-09-25T10:49:48Z","What’s in Iran’s seven-day plan to reopen the Strait of Hormuz?","Tehran’s offer comes as high fuel prices put pressure on Trump ahead of the US midterm elections.","https://www.aljazeera.com/news/2026/9/25/whats-in-irans-seven-day-plan-to-reopen-the-strait-of-hormuz?traffic_source=rss","QA","","FALSE"
"e7f90b85477e7aa6","BBC World","rss","western-uk","2026-09-25T10:51:28Z","Jay-Z rape accuser says her allegation was false","A woman who accused Jay-Z of raping her when she was 13 now says she has never met the rap superstar.","https://www.bbc.co.uk/news/articles/cm4g53547wygo?at_medium=RSS&at_campaign=rss","GB","https://ichef.bbci.co.uk/ace/standard/240/cpsprodpb/fb7f/live/7ac73620-b8c5-11f1-ad1f-538855f30ba1.jpg","FALSE"
"9cfb16c4efb4af2d","Al Jazeera","rss","gulf","2026-09-25T11:00:00Z","UN General Assembly live: Leaders from Lebanon, Iraq, Pakistan to speak","The US-Israel war on Iran continues to take centre stage as the UNGA enters its fourth day.","https://www.aljazeera.com/news/liveblog/2026/9/25/un-general-assembly-live-leaders-from-lebanon-iraq-pakistan-to-speak?traffic_source=rss","QA","","FALSE"
"4420f91ee3b03209","Middle East Eye","rss","mideast","2026-09-25T11:01:43Z","Iraq’s Najaf suspends Iranian airlines in move to enforce US sanctions","Iraq’s Najaf suspends Iranian airlines in move to enforce US sanctions

    
    

        
    
                Iraq's Najaf airport suspended all Iranian flights on Friday, enforcing US sanctions, the airport director said.

Airport director Hussein Muhanna told AFP that the flights have been halted between Najaf, a holy city south of Baghdad, following a directive from the prime minister's o...","https://www.middleeasteye.net/live-blog/live-blog-update/iraqs-najaf-suspends-iranian-airlines-move-enforce-us-sanctions","GB","","FALSE"
"05ae1e4194a00873","Middle East Eye","rss","mideast","2026-09-25T11:09:31Z","On Yom Kippur, Israel offers forgiveness to the killer of an unarmed Palestinian","On Yom Kippur, Israel offers forgiveness to the killer of an unarmed Palestinian

    
    

          
      
      
        Submitted by 
Lubna Masarwa
 on 
Fri, 09/25/2026 - 09:45

        
      
    
      
    
                Killing Palestinians, whether it’s done by the Israeli army, police or settlers, has become part of everyday life...","https://www.middleeasteye.net/opinion/yom-kippur-israels-forgiveness-killer-unarmed-palestinian","GB","https://www.middleeasteye.net/sites/default/files/styles/crop_16_9/public/images-story/yom-kippur-jerusalem-2024.jpg.jpg?itok=Xtvnsno6","FALSE"
"21d34d3700944f88","Al Jazeera","rss","gulf","2026-09-25T11:22:45Z","Pakistan, Turkiye edge closer towards joining Saudi war against Houthis","Pakistani and Turkish military chiefs head to Riyadh for urgent talks, but both countries remain cautious on involvement","https://www.aljazeera.com/news/2026/9/25/pakistan-turkiye-edge-closer-towards-joining-saudi-war-against-houthis?traffic_source=rss","QA","","FALSE"
"ca15e758a13c06f1","Middle East Eye","rss","mideast","2026-09-25T11:23:08Z","‘People are destitute’: Lebanon’s spiralling prices fuel fears of social unrest","‘People are destitute’: Lebanon’s spiralling prices fuel fears of social unrest

    
    

        
    
                Lebanon’s fuel prices have doubled since the start of the&nbsp;US-Israel&nbsp;war on&nbsp;Iran, sparking public outcry as the country’s weary residents say the ever-higher cost of living is once again pushing them to the brink.

Fuel prices surged to almost $1.60 per litre i...","https://www.middleeasteye.net/live-blog/live-blog-update/people-are-destitute-lebanons-spiralling-prices-fuel-fears-social-unrest","GB","https://www.middleeasteye.net/sites/default/files/lebanese-retired-military-personnel-protest-beirut-2026-09-09-afp.jpg","FALSE"
"cb1431079f62daca","Al Jazeera","rss","gulf","2026-09-25T11:23:59Z","Humanitarian crisis worsens in Ceuta as thousands remain stranded","People face harsh conditions, overcrowding, limited aid, and alleged abuse while awaiting decisions on their future.","https://www.aljazeera.com/news/2026/9/25/humanitarian-crisis-worsens-in-ceuta-as-thousands-remain-stranded?traffic_source=rss","QA","","FALSE"
"015ad75448ece99f","Middle East Eye","rss","mideast","2026-09-25T11:31:08Z","Athens' rebel quarter Exarcheia fights gentrification and state repression","Athens' rebel quarter Exarcheia fights gentrification and state repression

    
    

          
      
      
        Submitted by 
Elvis Takahashi Mantello
 on 
Fri, 09/25/2026 - 09:45

        
      
    
      
    
                Influx of foreign capital and law-and-order crackdowns threaten legendarily left-wing neighbourhood...","https://www.middleeasteye.net/news/we-are-doomed-win-inside-exarcheias-fight-against-gentrification-and-state-pressure","GB","https://www.middleeasteye.net/sites/default/files/styles/crop_16_9/public/images-story/EXARCHEA_PIC.jpg.jpg?itok=xuclE1SU","FALSE"
"ae7678c627e48cc9","Middle East Eye","rss","mideast","2026-09-25T11:33:10Z","Iraq's Erbil and Sulaimaniya airports suspend Iranian flights","Iraq's Erbil and Sulaimaniya airports suspend Iranian flights

    
    

        
    
                Iraq's Erbil and Sulaimaniya airports suspended Iranian flights starting on Friday, after other Iraqi airports took the same step earlier in the week, state media reported.

Hours earlier, Iraq’s state news agency had also reported the suspension of Iranian flights at Najaf International Airp...","https://www.middleeasteye.net/live-blog/live-blog-update/iraqs-erbil-and-sulaimaniya-airports-suspend-iranian-flights","GB","","FALSE"
"687feb736ce00f2b","Middle East Eye","rss","mideast","2026-09-25T11:33:29Z","Turkish parliament speaker expects Pakistan, Saudi Arabia defence pact to be submitted for approval next month","Turkish parliament speaker expects Pakistan, Saudi Arabia defence pact to be submitted for approval next month

    
    

        
    
                A joint defence pact between Turkey, Saudi Arabia, and Pakistan has not yet been submitted to the Turkey's parliament for approval, Parliament Speaker Numan Kurtulmus said on Friday, adding he expected the agreement to be formally submitted whe...","https://www.middleeasteye.net/live-blog/live-blog-update/turkish-parliament-speaker-expects-pakistan-saudi-arabia-defence-pact-be","GB","","FALSE"
"ddb0beab2b4f8980","DW English","rss","german","2026-09-25T11:35:00Z","After Xi-Trump summit, US-China rivalry remains frozen. Is this to Beijing's advantage?","The US president showcased White House construction projects and hosted a lavish dinner with tech CEOs, but the summit made little progress on key issues such as trade tensions and AI regulation.","https://www.dw.com/en/after-xi-trump-summit-us-china-rivalry-remains-frozen-is-this-to-beijing-s-advantage/a-79427127?maca=en-rss-en-world-4025-rdf","DE","","FALSE"
"203cc5326bd1b87a","DW English","rss","german","2026-09-25T11:37:00Z","Iranian President Pezeshkian brought a diplomatic tone to New York for UNGA. What did his remarks signal?","Iran's president used his trip to New York this week for the UN General Assembly to signal openness to talks over the nuclear dispute. However, the chances of a major breakthrough on the war remain low.","https://www.dw.com/en/iranian-president-pezeshkian-brought-a-diplomatic-tone-to-new-york-for-unga-what-did-his-remarks-signal/a-79428890?maca=en-rss-en-world-4025-rdf","DE","","FALSE"
"182bc219f543a220","DW English","rss","german","2026-09-25T11:38:00Z","Bulgaria's battery boom: From zero to global leader","In under two years, Bulgaria has become one of the world's most battery-intensive energy markets. Can the surge last — and what will it mean for conventional power generators?","https://www.dw.com/en/bulgaria-s-battery-boom-from-zero-to-global-leader/a-79428289?maca=en-rss-en-world-4025-rdf","DE","","FALSE"
"05e49f5518896c60","BBC World","rss","western-uk","2026-09-25T11:44:44Z","Netanyahu defends Israeli military action as delegates walk out before UN speech","The Israeli leader labels those who left his speech at the UN General Assembly as ""moral cowards"".","https://www.bbc.co.uk/news/articles/c3y0z7kxlegdo?at_medium=RSS&at_campaign=rss","GB","https://ichef.bbci.co.uk/ace/standard/240/cpsprodpb/ef68/live/531a99b0-b851-11f1-b1d1-571ed4d7ff2c.jpg","FALSE"
"28056c2a7b03d4d9","Al Jazeera","rss","gulf","2026-09-25T11:49:24Z","Protests in UK after arrest of far-right activist Daniel Thomas","Protesters gathered outside a police station in southern England after far-right activist Daniel Thomas.","https://www.aljazeera.com/video/newsfeed/2026/9/25/protests-in-uk-after-arrest-of-far-right-activist-daniel-thomas?traffic_source=rss","QA","","FALSE"
"caf545847aed2b38","UN News","rss","institutional","2026-09-25T12:00:00Z","Security Council LIVE: Rising tide of forced displacement","At a time when war, climate crises and man-made disasters continue to displace millions around the world, the UN High Commissioner for Refugees will brief the Security Council on Friday.&nbsp;","https://news.un.org/feed/view/en/story/2026/09/1168438","UN","https://global.unitednations.entermediadb.net/assets/mediadb/services/module/asset/downloads/preset/Collections/Embargoed/2026/08/03-08-2026-UNHCR-Burundi-Buhumuza-02.jpg/image560x340cropped.jpg","FALSE"
"8172311772459d83","UN News","rss","institutional","2026-09-25T12:00:00Z","LIVE: Six years on from COVID-19, is the world ready for the next pandemic?","COVID-19 killed millions, shattered health systems and brought the global economy to a virtual standstill. World leaders are meeting Friday to review the lessons learned and cement a new approach to prevention and preparation for the next pandemic. Hopes are high that a World Health Organization-led international agreement can move forward.","https://news.un.org/feed/view/en/story/2026/09/1168437","UN","https://global.unitednations.entermediadb.net/assets/mediadb/services/module/asset/downloads/preset/Libraries/Production%20Library/23-10-2023-WHO-PAHO-Honduras.jpg/image560x340cropped.jpg","FALSE"
"a0ae1a58f0329705","UN News","rss","institutional","2026-09-25T12:00:00Z","Yemen violence deepens concerns over child hunger crisis","Aid agencies in Yemen highlighted the growing hunger emergency sparked by renewed fighting between Houthi opposition forces and Government troops, after mobile health clinics reported that hundreds of children displaced by the violence are suffering from the most deadly form of malnutrition.","https://news.un.org/feed/view/en/story/2026/09/1168436","UN","https://global.unitednations.entermediadb.net/assets/mediadb/services/module/asset/downloads/preset/Collections/Production%20Library/2026/09/24-09-2026_UNICEF_Yemen.jpg/image560x340cropped.jpg","FALSE"
"ac5de50a3d996848","UN News","rss","institutional","2026-09-25T12:00:00Z","Australia urges global cooperation on climate, AI checks and international law","Australian Prime Minister Anthony Albanese underlined the need for countries to work together to address the climate crisis, emerging technologies such as AI, and the breakdown of international rules, at the United Nations General Assembly on Thursday.&nbsp;","https://news.un.org/feed/view/en/story/2026/09/1168435","UN","https://global.unitednations.entermediadb.net/assets/mediadb/services/module/asset/downloads/preset/Collections/Production%20Library/2026/09/24-09-2026-UNGA81_AUSTRALIA.jpg/image560x340cropped.jpg","FALSE"
"3d74d05d5ce590f5","UN News","rss","institutional","2026-09-25T12:00:00Z","The Takeaway: UN General Assembly debate Day 3","As the high-level debate enters a fourth day, The Takeaway looks back at&nbsp;key highlights on Thursday, with Israeli and Palestinian leaders presenting divergent views on the Middle East conflict and their counterparts from across the world weighing in on the far-reaching impacts of the ongoing crisis in Gaza and the occupied West Bank.&nbsp;","https://news.un.org/feed/view/en/story/2026/09/1168434","UN","https://global.unitednations.entermediadb.net/assets/mediadb/services/module/asset/downloads/preset/Collections/Embargoed/2026/09/24-09-2026-UN-Photo-UNGA81-behind-scenes-05.jpg/image560x340cropped.jpg","FALSE"
"ebc3104a6caf752b","UN News","rss","institutional","2026-09-25T12:00:00Z","Haiti at ‘watershed moment’, Prime Minister tells UN, urging full backing for security force","Haiti is at a “watershed moment” in its struggle against gang violence and needs sustained international support alongside stronger national security institutions, Prime Minister Alix Didier Fils-Aimé told the UN General Assembly on Friday.","https://news.un.org/feed/view/en/story/2026/09/1168453","UN","https://global.unitednations.entermediadb.net/assets/mediadb/services/module/asset/downloads/preset/Collections/Production%20Library/2026/09/25-09-2026-UN-Photo-UNGA81-Haiti.jpg/image560x340cropped.jpg","FALSE"
"f08fb8c072861155","UN News","rss","institutional","2026-09-25T12:00:00Z","Pakistan’s Sharif warns any diversion of Indus waters will be ‘treated as an act of war’","Pakistani Prime Minister Shehbaz Sharif told the UN General Assembly on Friday that any attempt by India to stop, impede or divert Pakistan’s share of the Indus River waters “will be treated as an act of war”.&nbsp;","https://news.un.org/feed/view/en/story/2026/09/1168452","UN","https://global.unitednations.entermediadb.net/assets/mediadb/services/module/asset/downloads/preset/Collections/Production%20Library/2026/09/25-09-2026-UN-Photo-UNGA81-Pakistan.jpg/image560x340cropped.jpg","FALSE"
"ba8da124de6898de","UN News","rss","institutional","2026-09-25T12:00:00Z","UN voices grave concern as fighting spreads across northern Ethiopia","The UN said on Friday it remains gravely concerned by the continued deterioration of the security situation across northern Ethiopia, as fighting spreads across multiple fronts and increasingly disrupts humanitarian operations.","https://news.un.org/feed/view/en/story/2026/09/1168450","UN","https://global.unitednations.entermediadb.net/assets/mediadb/services/module/asset/downloads/preset/Libraries/Production%20Library/28-12-2023-UNICEF-Ethiopia-UN0494082.jpg/image560x340cropped.jpg","FALSE"
"aa0b31cb0ad88718","UN News","rss","institutional","2026-09-25T12:00:00Z","Tuvalu urges decisive global action as rising seas threaten its future","Climate change remains the greatest existential threat to Tuvalu, Prime Minister Feleti Teo told the UN General Assembly on Friday, warning that the pace and scale of international action are still falling far short of what vulnerable island nations need.","https://news.un.org/feed/view/en/story/2026/09/1168449","UN","https://global.unitednations.entermediadb.net/assets/mediadb/services/module/asset/downloads/preset/Collections/Production%20Library/2026/09/25-09-2026-UN-Photo-UNGA81-Tuvalu.jpg/image560x340cropped.jpg","FALSE"
"2c77f5f5390941fb","UN News","rss","institutional","2026-09-25T12:00:00Z","World News in Brief: West Bank demolitions accelerate, urgent support for Sudan,  Haiti diplacement, AI hub to boost gender equality","The situation in the occupied West Bank continues to deteriorate, the UN human rights office has said, pointing to the “mass destruction” of&nbsp;Palestinian villages and forcible transfer of residents in Msafer Yatta, South Hebron Hills.","https://news.un.org/feed/view/en/story/2026/09/1168447","UN","https://global.unitednations.entermediadb.net/assets/mediadb/services/module/asset/downloads/preset/Collections/Embargoed/2026/08/19-08-2026-UNICEF-West-Bank-03.jpg/image560x340cropped.jpg","FALSE"
"0484e43592940ba4","UN News","rss","institutional","2026-09-25T12:00:00Z","‘No one speaks on behalf of Lebanon’: PM Salam asserts State authority at UN","Lebanon’s Prime Minister, Nawaf Salam, has stressed that decisions over war and peace, and control of weapons, must rest solely with the State and its constitutional institutions.","https://news.un.org/feed/view/en/story/2026/09/1168444","UN","https://global.unitednations.entermediadb.net/assets/mediadb/services/module/asset/downloads/preset/Collections/Production%20Library/2026/09/25-09-2026-UN-Photo-UNGA81-Lebanon.jpg/image560x340cropped.jpg","FALSE"
"c0ab48a2c8fcfa40","UN News","rss","institutional","2026-09-25T12:00:00Z","‘Invest with Iraq’: PM sets out vision for new economic future","Iraq’s Prime Minister, Ali Faleh Al-Zaidi, said his country aims to exert its influence as an active economic power in the region, and as a bridge for dialogue and cooperation between its peoples.","https://news.un.org/feed/view/en/story/2026/09/1168443","UN","https://global.unitednations.entermediadb.net/assets/mediadb/services/module/asset/downloads/preset/Collections/Production%20Library/2026/09/25-09-2026-UN-Photo-UNGA81-Iraq.jpg/image560x340cropped.jpg","FALSE"
"874aa48677f24473","UN News","rss","institutional","2026-09-25T12:00:00Z","Nepal PM urges climate justice after ‘Himalayan tsunami’ devastates country","Nepal’s Prime Minister Balendra Shah brought a stark warning from the Himalayas to the UN General Assembly on Thursday, saying catastrophic floods that killed at least 1,400 people in his country laid bare the human cost of climate change, and the failure of the international system to protect those least responsible for it.","https://news.un.org/feed/view/en/story/2026/09/1168441","UN","https://global.unitednations.entermediadb.net/assets/mediadb/services/module/asset/downloads/preset/Collections/Production%20Library/2026/09/24-09-2026_GA_Nepal.jpg/image560x340cropped.jpg","FALSE"
"716357216725b19d","UN News","rss","institutional","2026-09-25T12:00:00Z","Africa needs its own AI solutions, not borrowed ones, says expert","Africa should focus its use of technology on solving its own real challenges rather than copying the systems and priorities of other parts of the world.&nbsp;","https://news.un.org/feed/view/en/story/2026/09/1168440","UN","https://global.unitednations.entermediadb.net/assets/mediadb/services/module/asset/downloads/preset/Collections/Production%20Library/2026/09/24-09-2026_AI_UNGA81_Tadasse.jpg/image560x340cropped.jpg","FALSE"
"d3b2f80aded2e7e8","UN News","rss","institutional","2026-09-25T12:00:00Z","Sudan’s farmers are ready to return – private investment could get them there","The war in Sudan has devastated the economy and agricultural production, but a UN-backed plan aims to mobilise private sector investment to help farmers return to their fields.","https://news.un.org/feed/view/en/story/2026/09/1168439","UN","https://global.unitednations.entermediadb.net/assets/mediadb/services/module/asset/downloads/preset/Libraries/Production%20Library/12-06-2024-WFP-Sudan-02.jpg/image560x340cropped.jpg","FALSE"
"775f8c7020bb3bb8","Al Jazeera","rss","gulf","2026-09-25T12:08:16Z","Fighting erupts between Tigray’s rebel alliance and Ethiopia’s military","Fighting has intensified between Ethiopia’s military and a new rebel alliance in Tigray.","https://www.aljazeera.com/video/newsfeed/2026/9/25/25-09-sv-tigray-ethiopia-conflict-restarts-et?traffic_source=rss","QA","","FALSE"
"d99062edccad9117","Al Jazeera","rss","gulf","2026-09-25T12:09:14Z","US seeking to revive Russia-Ukraine ceasefire talks","Amid ongoing diplomatic efforts, latest Russian attacks kill at least five people in Ukraine&#039;s capital Kyiv.","https://www.aljazeera.com/news/2026/9/25/us-seeking-to-revive-russia-ukraine-ceasefire-talks?traffic_source=rss","QA","","FALSE"
"524f24722f0bde29","Middle East Eye","rss","mideast","2026-09-25T12:27:09Z","Israel quietly lifts block on night flights at Syria's airports","Israel quietly lifts block on night flights at Syria's airports

    
    

          
      
      
        Submitted by 
Ragip Soylu
 on 
Fri, 09/25/2026 - 12:38

        
      
    
      
    
                Regional officials say Israel had previously threatened to shoot down aircraft testing navigation systems at Damascus airport, delaying their activation for months...","https://www.middleeasteye.net/news/israel-quietly-lifts-block-night-flights-syrias-airports","GB","https://www.middleeasteye.net/sites/default/files/styles/crop_16_9/public/images-story/Syria-Damascus-airport-french-plane-Macron-7-6-2026-Ludovic-Marin-AFP.jpg.jpg?itok=hPbUTI3R","FALSE"
"f38c1f4888c69819","Al Jazeera","rss","gulf","2026-09-25T12:30:05Z","Fighting in northern Ethiopia spurs fears of blackout and blockade","Tigray was cut off from the world during the 2020-2022 civil war, which killed around 600,000 people.","https://www.aljazeera.com/news/2026/9/25/fighting-in-northern-ethiopia-spurs-fears-of-blackout-and-blockade?traffic_source=rss","QA","","FALSE"
"6ae4f9e993a43f82","Middle East Eye","rss","mideast","2026-09-25T12:32:18Z","Saudi, Pakistan, Turkey to discuss assisting Riyadh, Pakistan foreign ministry says","Saudi, Pakistan, Turkey to discuss assisting Riyadh, Pakistan foreign ministry says

    
    

        
    
                Pakistan, Saudi Arabia and Turkey will discuss assisting Riyadh under a joint defence pact and plan an urgent meeting of military chiefs, Pakistan's foreign ministry said on Friday.","https://www.middleeasteye.net/live-blog/live-blog-update/saudi-pakistan-turkey-discuss-assisting-riyadh-pakistan-foreign-ministry","GB","","FALSE"
"26ccc67a3a9d64a8","Al Jazeera","rss","gulf","2026-09-25T12:41:21Z","Israeli official takes notes after UN walkout against Netanyahu","An Israeli official was filmed taking notes after UN delegates staged a walk out during a speech by Netanyahu.","https://www.aljazeera.com/video/newsfeed/2026/9/25/israeli-official-takes-notes-after-un-walkout-against-netanyahu?traffic_source=rss","QA","","FALSE"
"7154cb626319871b","Middle East Eye","rss","mideast","2026-09-25T12:43:13Z","Trump told Xi that China helping Iran is unacceptable, US ambassador says","Trump told Xi that China helping Iran is unacceptable, US ambassador says

    
    

        
    
                US President Donald Trump made clear during candid talks at the White House with Chinese President Xi Jinping that Chinese help for Iran is unacceptable, US Ambassador to China David Perdue told CNBC on Friday.","https://www.middleeasteye.net/live-blog/live-blog-update/trump-told-xi-china-helping-iran-unacceptable-us-ambassador-says","GB","","FALSE"
"255766a9be5b1db3","Middle East Eye","rss","mideast","2026-09-25T12:54:11Z","Who gets to be Italian? The rise and rise of Islamophobia in Italy","Who gets to be Italian? The rise and rise of Islamophobia in Italy

    
    

          
      
      
        Submitted by 
Dalia Ismail
 on 
Fri, 09/25/2026 - 13:30

        
      
    
      
    
                Giorgia Meloni's announcement of a ban on the burqa and niqab in schools comes as the Italian right competes over the demonisation of Muslims...","https://www.middleeasteye.net/news/who-gets-be-italian-rise-and-rise-islamophobia-italy","GB","https://www.middleeasteye.net/sites/default/files/styles/crop_16_9/public/images-story/Italy%20Islam%20AFP.jpg.jpg?itok=QfMGywO-","FALSE"
"4c26970bc2903e17","Associated Press","rss","western-wire","2026-09-25T12:58:00Z","Xi is wrapping his visit to Washington with a peek at the Constitution and the Bill of Rights","","https://news.google.com/rss/articles/CBMilwFBVV95cUxPNmo4eGdneEJnQUFIc09MRV9CZHduSnhNRV9tbk12YXR3RUZUZHcySmxfRWxwRVJBQV9hOXQwLUtiSWRBZGREdEtqX1lJb0xYWGMyRzk2SXdTenNIUTlfblNpdVJRenZ6d2tRXzJtWGFzZEpwQ0tVQnlVd1hUdjk3UV9id05STTd6T3hSZ3ZaekdTNi1ybVlB?oc=5","US","","FALSE"
"70f63b71e6c38eb1","Al Jazeera","rss","gulf","2026-09-25T12:59:16Z","India’s ‘cockroach’ movement demands election chief’s resignation","Youth group threatens return to mass protests, sets deadline for Gyanesh Kumar to quit over reports of meddling.","https://www.aljazeera.com/news/2026/9/25/indias-cockroach-movement-demands-election-chiefs-resignation?traffic_source=rss","QA","","FALSE"
"c982a188730ec139","Middle East Eye","rss","mideast","2026-09-25T13:03:24Z","Israel accidentally exposes Gaza military bases and widespread destruction on official map","Israel accidentally exposes Gaza military bases and widespread destruction on official map

    
    

          
      
      
        Submitted by 
Elis Gjevori
 on 
Fri, 09/25/2026 - 10:59

        
      
    
      
    
                Israel’s mapping service briefly publishes high-resolution satellite imagery of Gaza before blurring it again...","https://www.middleeasteye.net/news/israel-accidentally-exposes-gaza-military-bases-and-widespread-destruction-official-map","GB","https://www.middleeasteye.net/sites/default/files/styles/crop_16_9/public/images-story/6a5fd394-530b-4778-904b-9c1588f7feb7.png.jpg?itok=_FmKHwe3","FALSE"
"e31fb46798264a20","Associated Press","rss","western-wire","2026-09-25T13:04:00Z","CDC vaccine policy recommendations grind to a halt under Health Secretary Kennedy","","https://news.google.com/rss/articles/CBMilgFBVV95cUxNbnNKUnJmZGYxUWdGczd0NU9JZWJiemlrQWtqRUJjd2w0cG43cklfUmJoRy1QcEZMZUlYX2wxUFdfa2txUUxwSHo4dGxBVVZMMVZRVnA4QlFuSmIyY1hPTUV4RFloaXVMaFhlU1loazZ5d3lsdC1qTkx5VC1CVmNxSTBManhacEhNQ25obmFJSzQwRS14YlE?oc=5","US","","FALSE"
"b4473d2fb5bfd076","Associated Press","rss","western-wire","2026-09-25T13:04:00Z","With ethnic and historical considerations, rebranding nations is harder than renaming products","","https://news.google.com/rss/articles/CBMilgFBVV95cUxNSHVtcjhCb3dObVdFbG5yaXlONTZZQ1RaZG92bjZ1UF9QOGgzQkctUFN1N0JiRnV2RnUxMVBYRE9QSU9pcW9mLWxpcFFGU1EwUUs5a2t1eEtSVk1ROVY1WDJrRjd1OHZlZi1LWkp6bzBUSU9fRTFOMS1UTGMtNGZib3VlNlRibHhJNGtuS0tmd0U3cC1HV0E?oc=5","US","","FALSE"
"2a4e043b28f8e7f1","North Press Agency","rss","syrian-kurdish","2026-09-25T13:08:19Z","25 Syria’s Kobani asylum seekers stranded on Iran-Iraq border","QAMISHLI, Syria (North Press) – Twenty-five asylum seekers from Kobani remain stranded on the Iran-Iraq border, with water and food supplies running out, according to one member of the group. Ahmed Halbali, 20, told North Press that the group left Syria about 20 days ago and reached Iran in an attempt to enter the Kurdistan [&#8230;]
The post 25 Syria’s Kobani asylum seekers stranded on Iran-Ir...","https://npasyria.com/en/141922/","SY","https://npasyria.com/en/wp-content/uploads/2026/09/العلامة-المائية-1-1-750x430-1.jpg","FALSE"
"eedf61b3bb634793","Associated Press","rss","western-wire","2026-09-25T13:09:00Z","Exclusive: Board of Peace quietly met with UNRWA, ex-agency chief says","","https://news.google.com/rss/articles/CBMiqgFBVV95cUxNcGplQ0xCNXg0TUFIQ0o1TVFITTZ6TmZwbkVRSjBNX3FGcmc0RHJrMFFWMG5TeWVGdWFUNW51eGE0Xzh3aFlqUEx4WkJQaGRqM3JHTE1sTFN6UUhyS0k4Z1M2eHdhZVpudm54VnJOMm5jQy1iZjlyVXl6YXdubHJUWGR0cGNrUzJBSFdJemhnQVNWVDYyTThVLXJqa0xDcEFocjRwVkRqemxkdw?oc=5","US","","FALSE"
"d056c091af8b7911","DW English","rss","german","2026-09-25T13:18:00Z","A HRW report shows how South Korean women face systemic barriers to climbing the career ladder","A new report shows how in South Korea, women on average earn less and have fewer employment opportunities throughout their lives.","https://www.dw.com/en/a-hrw-report-shows-how-south-korean-women-face-systemic-barriers-to-climbing-the-career-ladder/a-79431285?maca=en-rss-en-world-4025-rdf","DE","","FALSE"
"b85864613fa9776d","BBC World","rss","western-uk","2026-09-25T13:23:33Z","Man shot during 2024 Trump campaign rally in Butler dies","A gunman shot Jim Copenhaver twice while also killing another man and grazing Trump's ear with a bullet.","https://www.bbc.co.uk/news/articles/c5dj401d88l3o?at_medium=RSS&at_campaign=rss","GB","https://ichef.bbci.co.uk/ace/standard/240/cpsprodpb/8291/live/f0778150-b8d3-11f1-bc1f-3f186ca4140c.jpg","FALSE"
"bb420bf60ea32876","DW English","rss","german","2026-09-25T13:34:00Z","Why Eritrea matters as fighting returns to Tigray","The US has removed key sanctions on Eritrea as Houthi attacks disrupt Red Sea shipping and fighting escalates in Ethiopia's Tigray region. Analysts say Eritrea's strategic value is growing.","https://www.dw.com/en/why-eritrea-matters-as-fighting-returns-to-tigray/a-79426582?maca=en-rss-en-world-4025-rdf","DE","","FALSE"
"429fb30e82a66322","BBC World","rss","western-uk","2026-09-25T13:56:16Z","Special agents' blood and urine test results stolen in FBI hack","Experts say the hack could leave agents vulnerable to scams, blackmail and targeted attacks.","https://www.bbc.co.uk/news/articles/cw62me2vlj07o?at_medium=RSS&at_campaign=rss","GB","https://ichef.bbci.co.uk/ace/standard/240/cpsprodpb/6dff/live/04222c60-b793-11f1-a7dc-51a9fb487fda.jpg","FALSE"
"e7d661d581b77bc8","Al Jazeera","rss","gulf","2026-09-25T13:57:47Z","Jannik Sinner withdraws from China Open as recovery from injury continues","The 25-year-old Italian has not played since capturing his fifth ​major title at Wimbledon in July due to a knee injury.","https://www.aljazeera.com/sports/2026/9/25/jannik-sinner-withdraws-from-china-open-as-recovery-from-injury-continues?traffic_source=rss","QA","","FALSE"
"c049b5e4449c9bb2","Al Jazeera","rss","gulf","2026-09-25T14:00:26Z","The Trump-Xi summit exposes a US disadvantage in the Global South","Washington asks for alignment while Beijing offers strategic flexibility without military entanglement.","https://www.aljazeera.com/opinions/2026/9/25/the-trump-xi-summit-exposes-a-us-disadvantage-in-the-global-south?traffic_source=rss","QA","","FALSE"
"6bc2e93b34a79b02","Al Jazeera","rss","gulf","2026-09-25T14:05:41Z","Why is Canada’s PM Carney not ruling out a possible war with the US","Trump’s annexation threats have prompted Carney to examine even remote risks to Canada’s sovereignty.","https://www.aljazeera.com/news/2026/9/25/why-canada-is-not-ruling-out-a-possible-war-with-the-us?traffic_source=rss","QA","","FALSE"
"40288f9b9a055248","Middle East Eye","rss","mideast","2026-09-25T14:09:13Z","UN Security Council condemns Houthi attacks on Saudi","UN Security Council condemns Houthi attacks on Saudi

    
    

        
    
                The United Nations Security Council condemned Friday escalating attacks on Saudi Arabia by Yemeni Houthi rebels in a rare show of unity from the UN's top body.

""The members of the Security Council condemned, in the strongest terms, continued Houthi attacks against the Kingdom of Saudi Arabia, includi...","https://www.middleeasteye.net/live-blog/live-blog-update/un-security-council-condemns-houthi-attacks-saudi","GB","","FALSE"
"1cb586452461d8c5","Al Jazeera","rss","gulf","2026-09-25T14:10:51Z","Yemen fighting displaces 71,000 children, worsens malnutrition: UNICEF","More than a quarter of the nearly 2,900 children screened by UNICEF in recent weeks were acutely malnourished.","https://www.aljazeera.com/news/2026/9/25/yemen-fighting-displaces-71000-children-worsens-malnutrition-unicef?traffic_source=rss","QA","","FALSE"
"fae69ee800305637","Middle East Eye","rss","mideast","2026-09-25T14:13:54Z","Try as it might, Israel could not destroy Palestinian culture and joy in Gaza","Try as it might, Israel could not destroy Palestinian culture and joy in Gaza

    
    

          
      
      
        Submitted by 
Gregory Shupak
 on 
Tue, 09/01/2026 - 20:00

        
      
    
      
    
                Victims of the Gaza genocide include countless artists, poets, filmmakers, educators and musicians - but the enclave's collective spirit will never die...","https://www.middleeasteye.net/opinion/israel-could-not-destroy-palestinian-culture-joy-gaza","GB","https://www.middleeasteye.net/sites/default/files/styles/crop_16_9/public/images-story/palestine-children-bureij-gaza-october-2024-eyad-baba-afp.jpg.jpg?itok=3PySqCzp","FALSE"
"e9d1ca4460c81f6f","Associated Press","rss","western-wire","2026-09-25T14:24:00Z","Pope warns a ‘paradise of machines’ could undermine humanity as he opens France trip","","https://news.google.com/rss/articles/CBMihAFBVV95cUxQY0JDWkxQellXWFhSUEQ1QnBGOXkyQ1pHTkptZlAtYzhWbXZtMjJPSzRvRGd6MU01NF9MRE9Ya08wRmlPZEFzdW50TGJUMU9XQ0JBZGNxVVZQVnItaGNIQXVJMld0anFha1M2Z3paWFF0OXVpX1lYSWY5WTRaV1FlREp1T3I?oc=5","US","","FALSE"
"c1c5682380c23384","BBC World","rss","western-uk","2026-09-25T14:24:19Z","Africa's richest man helps fund $660m fuel pipeline between Ethiopia and Djibouti","The pipeline would strengthen energy security in landlocked Ethiopia, while creating jobs at Djibouti's port.","https://www.bbc.co.uk/news/articles/c6z9z7lv41wgo?at_medium=RSS&at_campaign=rss","GB","https://ichef.bbci.co.uk/ace/standard/240/cpsprodpb/9a3b/live/73e42a40-b8aa-11f1-8257-a79ccb54f692.jpg","FALSE"
"dd1e18543133cd87","DW English","rss","german","2026-09-25T14:34:00Z","'Lithuanian skies are NATO skies': DW speaks with Lithuanian premier Mindaugas Sinkevicius","In a DW interview, Prime Minister Mindaugas Sinkevicius discussed threats to Lithuania from Russia and Belarus, NATO's need for stronger air defense and why military spending alone cannot ensure security.","https://www.dw.com/en/lithuanian-skies-are-nato-skies-dw-speaks-with-lithuanian-premier-mindaugas-sinkevicius/a-79432394?maca=en-rss-en-world-4025-rdf","DE","","FALSE"
"260afa58c0362894","Al Jazeera","rss","gulf","2026-09-25T14:36:11Z","Man City found guilty on almost all 115 Premier League charges: Report","City found guilty of ⁠all ​but one of ⁠the 115 ​alleged breaches of the league&#039;s financial ​rules, The Athletic reports.","https://www.aljazeera.com/sports/2026/9/25/man-city-found-guilty-on-almost-all-115-premier-league-charges-report?traffic_source=rss","QA","","FALSE"
"859b60b5b0f2c184","Middle East Eye","rss","mideast","2026-09-25T14:36:46Z","Revealed: Cisco talks with pro-Palestine employees over discrimination complaint collapse","Revealed: Cisco talks with pro-Palestine employees over discrimination complaint collapse

    
    

          
      
      
        Submitted by 
Areeb Ullah
 on 
Tue, 09/22/2026 - 15:46

        
      
    
      
    
                Conciliation talks followed US employment agency investigation, which found tech firm had likely subjected Muslim and Middle Eastern workers to a 'hostile en...","https://www.middleeasteye.net/news/revealed-cisco-talks-pro-palestine-employees-discrimination-complaint-collapse","GB","https://www.middleeasteye.net/sites/default/files/styles/crop_16_9/public/images-story/cisco-sign-front-building-cisco-headquarters-san-jose-california-august-13-2025-afp.jpg.jpg?itok=lFoFw8jB","FALSE"
"1eb0e8043fe491ca","BBC World","rss","western-uk","2026-09-25T14:44:16Z","Internet restricted after fighting breaks out in Ethiopia's Tigray region","During the two-year civil war in Tigray, the region was totally cut off from the outside world.","https://www.bbc.co.uk/news/articles/cqp8dxxg325no?at_medium=RSS&at_campaign=rss","GB","https://ichef.bbci.co.uk/ace/standard/240/cpsprodpb/b50e/live/5b7ab3c0-b8dc-11f1-953d-97bd0803bc08.jpg","FALSE"
"9271383a52533067","Al Jazeera","rss","gulf","2026-09-25T14:47:49Z","China swimmer makes Asian Games history as Thai sprinter wins track 100m","China&#039;s Zhang Zhanshuo, 19, became the first swimmer to win seven golds at a single Asian Games.","https://www.aljazeera.com/sports/2026/9/25/china-swimmer-makes-asian-games-history-as-thai-sprinter-wins-track-100m?traffic_source=rss","QA","","FALSE"
"9290c5f606608a56","Associated Press","rss","western-wire","2026-09-25T14:50:00Z","Final results of Russia's tightly managed vote give a record high parliament seats to Kremlin party","","https://news.google.com/rss/articles/CBMiqAFBVV95cUxPNTBlN1ByNmxWamhqSDRsdG5WSmJma04yWnRNeEdxdFh6TzdXc2RzcUpqaDVIVVpQUUZrVjFQQXNJbXpvMFQ0R0JYdnd2SDRlb1d2dmNlX0ZkNUhvdUwwRUZlTU5sR19BaTE0VWhDYzhvZ0p0eEtXUUd1SzZLdzQ1UWN2Z3o3b2RlVWpHeDJCRlJ4YzVKS0FpdVRnX1MxRVZHc3RONHpGaUM?oc=5","US","","FALSE"
"6135084cf9779e67","Al Jazeera","rss","gulf","2026-09-25T15:03:22Z","Iraq calls for a ‘sovereign Palestinian state’ at UNGA","Iraqi Prime Minister Ali Falih Al-Zaidi called for a sovereign state of Palestine at the 81st session of the UNGA.","https://www.aljazeera.com/video/newsfeed/2026/9/25/iraq-calls-for-a-sovereign-palestinian-state-at-unga?traffic_source=rss","QA","","FALSE"
"38abeccb7a17f184","North Press Agency","rss","syrian-kurdish","2026-09-25T15:06:28Z","Israeli forces enter Syria’s Daraa countryside, Shell Quneitra","QAMISHLI, Syria (North Press) – An Israeli patrol entered Wadi al-Raqad in western Daraa countryside on Friday, according to Syria’s state-run Al-Ikhbariya, which said the patrol consisted of three vehicles. According to Al-Ikhbariya, the patrol opened fire while in the area, causing tension among local residents. In Quneitra countryside, Israeli forces shelled the outskirts of [&#8230;]
The po...","https://npasyria.com/en/141926/","SY","https://npasyria.com/en/wp-content/uploads/2026/09/images-29-679x430-1-1-1.jpg","FALSE"
"ecc4156dc5bf1c8e","BBC World","rss","western-uk","2026-09-25T15:06:41Z","Pope warns against 'losing humanity' to AI machines","The pontiff delivered the warning on the first day of his trip to France on Friday.","https://www.bbc.co.uk/news/articles/cmq8j904212po?at_medium=RSS&at_campaign=rss","GB","https://ichef.bbci.co.uk/ace/standard/240/cpsprodpb/c7dd/live/5ddfe0d0-b8c4-11f1-b1d1-571ed4d7ff2c.jpg","FALSE"
"0e1b1cace660ecc8","Al Jazeera","rss","gulf","2026-09-25T15:07:48Z","Lebanon PM calls for full Israeli withdrawal in UN address","Lebanon’s Prime Minister Nawaf Salam told the UN that his country will not be an ‘arena for the conflicts of others’.","https://www.aljazeera.com/video/newsfeed/2026/9/25/lebanon-pm-calls-for-full-israeli-withdrawal-in-un-address?traffic_source=rss","QA","","FALSE"
"6cac4634b564d883","Associated Press","rss","western-wire","2026-09-25T15:13:00Z","Iran proposes a deal to reopen the Strait of Hormuz in 7 days if the US meets its conditions","","https://news.google.com/rss/articles/CBMinwFBVV95cUxQNElSLUJIM2lSSWJPendCMnQ4Q252MkdGeXFPT0t2R1VHN2tIaFlzdEZPNWhWZUhfdW4ySjdnZF8tal9vblVkNERSNm5hOHlzelVYZk44VXNhSGI4TVpwcnF0Z1hrQVBsdC02OUNGLW0yeG15N2FsT3dMb29NZ1dXR2FPSU5xRW5BOHIyQ2JuMktWYXBsMlR5ZDlxM2lOeTQ?oc=5","US","","FALSE"
"25ce0b4ff8e6496d","Middle East Eye","rss","mideast","2026-09-25T15:13:50Z","Israel accidentally exposes Gaza military bases and widespread destruction on official map","Israel accidentally exposes Gaza military bases and widespread destruction on official map

    
    

        
    
                



Israel’s official public mapping service briefly published high-resolution satellite imagery revealing military installations and extensive destruction across northern&nbsp;Gaza&nbsp;- a rare lapse in the state’s tight control over wartime visuals.

The error...","https://www.middleeasteye.net/live-blog/live-blog-update/israel-accidentally-exposes-gaza-military-bases-and-widespread","GB","https://www.middleeasteye.net/sites/default/files/images-story/6a5fd394-530b-4778-904b-9c1588f7feb7.png","FALSE"
"c19a8189a8bcac2f","Middle East Eye","rss","mideast","2026-09-25T15:16:20Z","Green Party leader Zack Polanski: 'I'm an anti-Zionist'","Green Party leader Zack Polanski: 'I'm an anti-Zionist'

    
    

          
      
      
        Submitted by 
MEE staff
 on 
Fri, 09/25/2026 - 15:36

        
      
    
      
    
                'We cannot hold Jewish people responsible for what happens in Israel,' Polanski tells a hustings for Holborn and St Pancras by-election...","https://www.middleeasteye.net/news/green-party-leader-zack-polanski-im-anti-zionist","GB","https://www.middleeasteye.net/sites/default/files/styles/crop_16_9/public/images-story/Polanski%20afp.jpg.jpg?itok=H2zmWv2v","FALSE"
"246679cf990c3cb5","Al-Monitor","rss","mideast","2026-09-25T15:25:51Z","UN Security Council condemns Houthi attacks on Saudi Arabia","The United Nations Security Council on Friday condemned escalating attacks on Saudi Arabia by Yemeni Houthi rebels in a rare show of unity from the UN's top body.  
            The Houthis have imposed a naval blockade on Saudi Arabia, hitting its tankers and territory and seizing swathes of Yemen's Red Sea coast, which is vital for Saudi oil exports, causing energy prices to jump.","https://www.al-monitor.com/originals/2026/09/un-security-council-condemns-houthi-attacks-saudi-arabia","US","","FALSE"
"62b4d0b1dd985fa3","Al-Monitor","rss","mideast","2026-09-25T15:25:51Z","Trump told Xi that China helping Iran is unacceptable, US ambassador says","WASHINGTON, Sept 25 (Reuters) - US President Donald Trump made clear during candid talks at the White House with Chinese President Xi Jinping that Chinese help for Iran is unacceptable, US Ambassador to China David Perdue said on Friday.""We made it very clear to them weeks ago that, you know, any help that they would give Iran, whether it be direct or indirect, whether it be intelligence or par...","https://www.al-monitor.com/originals/2026/09/trump-told-xi-china-helping-iran-unacceptable-us-ambassador-says","US","","FALSE"
"5754c9530c82bf7e","Al-Monitor","rss","mideast","2026-09-25T15:25:51Z","Details on US, China trade talks to come on Monday, says Greer","WASHINGTON, Sept 25 (Reuters) - The United States is expected to release details on the outcome of trade negotiations with China on Monday, US Trade Representative Jamieson Greer said on Friday.US President Donald Trump welcomed Chinese President Xi Jinping to the White House on Thursday but there was little  sign of a breakthrough on a host of sensitive issues.","https://www.al-monitor.com/originals/2026/09/details-us-china-trade-talks-come-monday-says-greer","US","","FALSE"
"c3e20279f1ad90a9","Al-Monitor","rss","mideast","2026-09-25T15:25:51Z","‘Free for all or for no one’: Iran warns neighbors over flight bans","Several countries in the region have suspended Iranian flights under US sanctions after Washington warned global companies they would no longer have access to the dollar system if they do business with Iranian airlines.","https://www.al-monitor.com/originals/2026/09/free-all-or-no-one-iran-warns-neighbors-over-flight-bans","US","","FALSE"
"1a9daaa4d7e00d81","Al-Monitor","rss","mideast","2026-09-25T15:25:51Z","South Lebanon children return to school destroyed by Israel strike","In southern Lebanon, eight-year-old Yara Ajami started the academic year this week in a doorless, windowless classroom after her school was destroyed by an Israeli strike.  
            Well known in the area for its excellence, Ajami's elementary school in Burj Qalaway was struck by Israel in May, two months after Hezbollah dragged Lebanon into the Middle East war by attacking its southern nei...","https://www.al-monitor.com/originals/2026/09/south-lebanon-children-return-school-destroyed-israel-strike","US","","FALSE"
"c27b8b0c8f110a48","Al-Monitor","rss","mideast","2026-09-25T15:25:51Z","Explainer-What has turned the Afghan Taliban and Pakistan from partners to foes?","By Asif ShahzadISLAMABAD, Sept 24 (Reuters) - Pakistan's air force struck 10 locations in Afghanistan on Thursday, its second round of strikes in four days after three months of relative quiet along the two countries' 2,600-km (1,600-mile) border.Islamabad said it struck militant hideouts in retaliation for drones launched from Afghanistan. Kabul denied sending the drones and said the seven Afg...","https://www.al-monitor.com/originals/2026/09/explainer-what-has-turned-afghan-taliban-and-pakistan-partners-foes","US","","FALSE"
"91d35aaec8f119ba","Al-Monitor","rss","mideast","2026-09-25T15:25:51Z","US proposes trilateral meeting with Ukraine, Russia in UAE, Zelenskiy says","KYIV, Sept 25 (Reuters) - The United States has proposed that the United Arab Emirates host a trilateral meeting with Ukraine and Russia to discuss efforts to end their four-and-a-half-year war, Ukrainian President Volodymyr Zelenskiy said on Friday.""The American side has proposed... meeting at a technical level in a three-way format,"" Zelenskiy told reporters in a briefing via WhatsApp.""We are...","https://www.al-monitor.com/originals/2026/09/us-proposes-trilateral-meeting-ukraine-russia-uae-zelenskiy-says","US","","FALSE"
"640bd8a53c00e49b","Al-Monitor","rss","mideast","2026-09-25T15:25:51Z","Fifth candidate enters race to lead WHO as nominations close","GENEVA, Sept 25 (Reuters) - A fifth candidate has entered the race to lead the World Health Organization, the agency's website showed as the deadline for nominees closed overnight.Spain's Maria Neira joined the competition on the last day for submissions on September 24, the WHO website showed.• Candidates from five countries have submitted applications to replace Ethiopia's Tedros Adhanom Gheb...","https://www.al-monitor.com/originals/2026/09/fifth-candidate-enters-race-lead-who-nominations-close","US","","FALSE"
"b5f4d4e240044f15","Al-Monitor","rss","mideast","2026-09-25T15:25:51Z","Pact with Saudi and Pakistan could expand to Muslim world, Iran, Turkish speaker says","ANKARA, Sept 25 (Reuters) - A defence pact between Turkey, Saudi Arabia, and Pakistan could turn into a broader pact ""for the Muslim world"" that includes Iran, Turkey's parliament speaker said on Friday, adding that it is expected to be submitted for ratification from next month.","https://www.al-monitor.com/originals/2026/09/pact-saudi-and-pakistan-could-expand-muslim-world-iran-turkish-speaker-says","US","","FALSE"
"4fcb89b0196a7769","Al-Monitor","rss","mideast","2026-09-25T15:25:51Z","Child malnutrition rises in Yemen as fighting intensifies, says UNICEF","By Olivia Le PoidevinGENEVA, Sept 25 (Reuters) - The United Nations children's agency reported on Friday a rise in acute malnutrition among children in Yemen, including in the most severe cases, as fighting disrupts access to healthcare and treatment centres.“We're very concerned about a very visible increase in acute malnutrition among children,” UNICEF’sCountry Representative in Yemen, Akhil...","https://www.al-monitor.com/originals/2026/09/child-malnutrition-rises-yemen-fighting-intensifies-says-unicef","US","","FALSE"
"b6749301d7b2aefa","Al-Monitor","rss","mideast","2026-09-25T15:25:51Z","Ireland's Gaza stance spills from Eurovision into football","No Irish supporters in the stadium, no home match in Ireland and no pundits or Irish commentary on television: the country's strong support for the Palestinian cause is increasingly reshaping its sporting and cultural calendar.  
            Ireland face Israel in football's Nations League in Hungary on Sunday before a designated Irish ""home"" game in Serbia on October 4, amid protests and calls...","https://www.al-monitor.com/originals/2026/09/irelands-gaza-stance-spills-eurovision-football","US","","FALSE"
"49cc8117f32f8733","Al-Monitor","rss","mideast","2026-09-25T15:25:51Z","In West Bank art centre, Palestinian children paint hopes beyond checkpoints","By Pesha MagidJERUSALEM, Sept 25 (Reuters) - On the outskirts of Hebron in the occupied West Bank, a Palestinian woman has transformed her home into an art centre where children use drawing to process their experiences of settler violence and Israeli military raids.    Artist Sarah Abu Madi says she founded the centre - Rommana, meaning pomegranate in Arabic - in 2020 to give local children a p...","https://www.al-monitor.com/originals/2026/09/west-bank-art-centre-palestinian-children-paint-hopes-beyond-checkpoints","US","","FALSE"
"2e9824766a65bb74","Al-Monitor","rss","mideast","2026-09-25T15:25:51Z","Allies unite behind Saudi Arabia as more Iranian flights curtailed","By Timour Azhari and Hatem MaherRIYADH/CAIRO, Sept 25 (Reuters) - Saudi, Turkish and Pakistani military chiefs are to discuss help for Saudi Arabia as it faces attacks by Yemen's Houthis, while Iraq further curtailed Iranian flights on Friday in line with US pressure, and an Iranian official threatened retaliation.","https://www.al-monitor.com/originals/2026/09/allies-unite-behind-saudi-arabia-more-iranian-flights-curtailed","US","","FALSE"
"5e2d64e57202ac24","Al-Monitor","rss","mideast","2026-09-25T15:25:51Z","Russian, Iranian foreign ministers say only diplomatic solution to conflict around Iran","Sept 25 (Reuters) - Russian Foreign Minister Sergei Lavrov and his Iranian counterpart met on Thursday and Moscow said both agreed that only a diplomatic settlement could end tension in the Middle East sparked by the US-Israeli war against Iran.""Current regional and international issues were discussed with emphasis on the situation around Iran,"" Russia's Foreign Ministry said in a statement aft...","https://www.al-monitor.com/originals/2026/09/russian-iranian-foreign-ministers-say-only-diplomatic-solution-conflict-around","US","","FALSE"
"a13fd74a0982b3ec","Al-Monitor","rss","mideast","2026-09-25T15:25:51Z","Saudi Grand Mufti tells troops to be ready to sacrifice their lives fighting Houthis","By Timour Azhari and Hatem MaherRIYADH, Sept 25 (Reuters) - Saudi Arabia's top religious authority called on soldiers in the kingdom to be ready to lay down their lives to fight the Iran-backed Houthis until the group is ousted from power, a statement posted on the Saudi state news agency said.The rare and strongly worded message by Saudi Grand Mufti SheikhSaleh bin Fawzan Al-Fawzan was address...","https://www.al-monitor.com/originals/2026/09/saudi-grand-mufti-tells-troops-be-ready-sacrifice-their-lives-fighting-houthis","US","","FALSE"
"7c3c07717122090f","Al-Monitor","rss","mideast","2026-09-25T15:25:51Z","Britain warns Iran it will not tolerate hostile activity on UK soil","Sept 24 (Reuters) - Britain's foreign minister met his Iranian counterpart on the sidelines of the UN General Assembly in New York and told him his country would ""not tolerate intimidation, threats or hostile activity on UK soil"" from groups linked to Iran.British Foreign Secretary Ed Miliband and Iranian Foreign Minister Abbas Araqchi also discussed the war in the Middle East, the importance o...","https://www.al-monitor.com/originals/2026/09/britain-warns-iran-it-will-not-tolerate-hostile-activity-uk-soil","US","","FALSE"
"ed42e5abb8c309cb","Al-Monitor","rss","mideast","2026-09-25T15:25:51Z","Iran's president says it is up to US to choose if it wants to end Iran war","By Kanishka SinghWASHINGTON, Sept 24 (Reuters) - Iranian President Masoud Pezeshkian said it was up to the United States to choose when the Iran war will end, when asked if the conflict could end by the end of the year.• ""But we do not wish to continue. It's America that must choose whether it wants to end this or not,"" Pezeshkian said, responding to the question in an interview aired on Thursd...","https://www.al-monitor.com/originals/2026/09/irans-president-says-it-us-choose-if-it-wants-end-iran-war","US","","FALSE"
"0dc6dbc7f86cd8d4","BBC World","rss","western-uk","2026-09-25T15:44:55Z","Thousands turn out to greet Pope in France","The BBC's Hugh Schofield looks at why the visit is met with enthusiasm the Church attributes to growing spirituality among the French.","https://www.bbc.co.uk/news/videos/cq14d142p08do?at_medium=RSS&at_campaign=rss","GB","https://ichef.bbci.co.uk/ace/standard/240/cpsprodpb/645d/live/01c95050-b8e8-11f1-bc1f-3f186ca4140c.jpg","FALSE"
"94a09ad2cc361ba5","Associated Press","rss","western-wire","2026-09-25T16:03:00Z","Brightline reworks debt in bankruptcy court but its high-speed trains will keep running in Florida","","https://news.google.com/rss/articles/CBMinwFBVV95cUxOenpETjVvTWdIdzJvVzI4ZnVUU05WSHpfQnJvcTE4a3RFcnluQ3pRRm1JVVNxSFFmTHA2Q1hnSVVGVVRETTNsZG5KTU5MVlVhZ2ZxbGs1V2RVT3Z1NnllUmV5NUVmekRlYjk4WWlyWjBTVHYtenZqa0FWQjFsczZwMktaTFJCU0hGWHhUUWZxbXRROXlCTmN1ZF93bFRGdmc?oc=5","US","","FALSE"
"493fab06a5bfc32f","Associated Press","rss","western-wire","2026-09-25T16:36:00Z","UN adds 61 companies to settlements blacklist over alleged Palestinian rights violations","","https://news.google.com/rss/articles/CBMiqwFBVV95cUxPUUlDRkxLZmVZbXJUa3NadlFyek9mcFY0NkRvekY1V29RYmRlbDNzd09heGw4RXc4RWRiX094bjBlXzlsTzF5MkRPbGRhVDNDZW1VVURiV2d6aVo2UVpScVlPVlZfOFN1c1NtRTZVN1c0MGdob1c2QlZLYlJqZnVFUk5nVmZKMTZsVUktd1lDSk42ZkkxNFVlNHAtLTRpd0tMZXFNWU0xdHNjRm8?oc=5","US","","FALSE"
"2c2d152e06b7c407","Associated Press","rss","western-wire","2026-09-25T16:52:00Z","13 Afghan Taliban personnel killed in overnight border clash, Pakistan says. Kabul denies the claim","","https://news.google.com/rss/articles/CBMitwFBVV95cUxPSGVIWmRqUFhacUxsS1BQUDdZaFdOLVFqZllLazVLY1RvX0JFMnBRZ2ZBYmJKd05FUjBGQUZRUmp2R3g0Q3lFZV9LZjAyeEFyX05pdHNhck53Q1laUGZ5SDFGWDlVM1l5Q1pPSncteFdWd0pWdEh5U0Jrd2l1U3ByYkJTS3oyS1RNeGZpbTdtWmhBUkFYZGFmQVdrMnZXeWhhcWkycVJxZGJQVHRVNENRRkR0QlNKNnM?oc=5","US","","FALSE"
"4fc3a719bdfac0d8","Associated Press","rss","western-wire","2026-09-25T17:06:44Z","New Jersey’s lieutenant governor resigns after sexual harassment and ethics complaints","","https://news.google.com/rss/articles/CBMioAFBVV95cUxNS3l2WjBBaEtWMmxnS0xMa3hYVTVReXVabFhGRkJtWk1aSG1IZjM5YjQwSHRhY1dJNm5sYzNyOFh5NVBzUlZsdDZONjBYNEZGVnFSczR4aVFSbmZBejAxazVFX0NFMnR3cTE1blI5dXVNVndSdG4zeF95MndjMl8taDZJb3BNWGdPblN0bTFZbWgyM3pqb29ET05oYjQ1ZzJk?oc=5","US","","FALSE"
"0bc8b02c8d2f0652","Associated Press","rss","western-wire","2026-09-25T17:11:00Z","Do-over: FA Cup game to be replayed because of referee error","","https://news.google.com/rss/articles/CBMikAFBVV95cUxOUlgwZHIxal9Pd1BSR2dINlNPUkV5NXhNblRsZTJqRXVJeElqRXBiZklIODlYTnRsWG04SDgyTktIUXhTUUNuMEk0cVR2Vm5RdktPemEwNXI2V2ZsODdyNW1LaDU1aURaM0dOZDF4NnBVWnQybXJqc2h1RE9QZzdpWTlDLWVuS1BYU1paYnByNm8?oc=5","US","","FALSE"
"83e2753976f6b7aa","Associated Press","rss","western-wire","2026-09-25T17:19:00Z","A data-sharing clause derailed US-Zimbabwe health talks. Now all funding ends this month","","https://news.google.com/rss/articles/CBMipgFBVV95cUxQdjNUV2pvb2VmVDJiaEZfeEdmVllFbWNad2kxTmpzV3p2U0lKV3JlY2s5YURiUElMeEVYVFB4dUtJeUxDSnc2T0RKUjhUTklVM05ZZExfT2k1dnFWeG84RGNlTHg4TVd1bG9ROXBNZUZ0VklKc1hLdlVrU19DM0UxelFsYzl2YVNyRW9ld0k0bjU0LXFJSWcxdTdYRS1vdEFkZzd0dVVn?oc=5","US","","FALSE"
"a5671e1429c23e59","Enab Baladi","rss","syrian-independent","2026-09-25T17:39:34Z","Roumieh Prisoners Appeal to Rights Groups After 13-Day Strike","Around 400 prisoners at Lebanon’s Roumieh Central Prison entered the 13th day of their strike on Friday, September 25, amid [&#8230;]
The post Roumieh Prisoners Appeal to Rights Groups After 13-Day Strike appeared first on Enab Baladi.","https://english.enabbaladi.net/archives/2026/09/roumieh-prisoners-appeal-to-rights-groups-after-13-day-strike/","SY","https://cdn.enabbaladi.net/english/wp-content/uploads/2026/09/%D8%B3%D8%AC%D9%86-%D8%B1%D9%88%D9%85%D9%8A%D8%A9-4-%D8%A2%D8%B0%D8%A7%D8%B1-2026-%D8%A7%D9%84%D9%87%D9%8A%D8%A6%D8%A9-%D8%A7%D9%84%D9%88%D8%B7%D9%86%D9%8A%D8%A9-%D9%84%D8%AD%D9%82%D9%88%D9%82-%D8%A7%D9%84%D8%A5%D9%86%D8%B3%D8%A7%D9%86-%D9%81%D9%8A-%D9%84%D8%A8%D9%86%D8%A7%D9%86-1-1.jpg","FALSE"
"470b6d35f90e671e","Associated Press","rss","western-wire","2026-09-25T17:47:37Z","Residents of largest city in northern Ethiopia express fear after eruption of fighting","","https://news.google.com/rss/articles/CBMikwFBVV95cUxNYk9lalliSzM2RmRualN2ZWNkQ2pmRXJJQUZ6TjlWRmZndVhoNDdUaWJoYWgxVl9BUWFBMURlRkEzaFYwT0xMc29SbUY1d2RzeWNqc2xoWDBXQTVQcThxRTZwbnBRZlNPWkNUOW0yaFZ3S1R0UEp3aDdrZ05PM2NicS1MTHpPLXJoWTFxbnQ5TlhSQk0?oc=5","US","","FALSE"
"085ddd8a574c3b9c","Associated Press","rss","western-wire","2026-09-25T17:57:44Z","Blast near Acropolis in Greece injures 2, collapses a building. Local media say gas leak suspected","","https://news.google.com/rss/articles/CBMioAFBVV95cUxQbHpYeFRfTzkwWnNjOVNuZHY5SndUSXAtMXdFZjhQSkZ6MUUxV1NCX01TYUVRTV9kb1N1d2NPVjJqd2d4aDNnQm9CdnQtX1Yza0lJOXJpOTNmMmZscXVvcFpZdkk2TVRaTUVLRGJkQ2h5YnBUNlJVNV91RkpaVHdOeE5EU2d5dUE5T2l1eklHbWgwUVZiWXJSenp6OUdwcEZ5?oc=5","US","","FALSE"
"a282652174a1b351","Associated Press","rss","western-wire","2026-09-25T18:05:00Z","Takeaways from Trump-Xi summit: Lots of pomp and even more punting on tensions in US-China relations","","https://news.google.com/rss/articles/CBMioAFBVV95cUxNelN4RV9jb2xLZmFNZC1IQTYzLTN5T0tWdExCM01RX29yRDZLMmg2aUpLcUdPRVJvYUdkdnFwLVdXbVp5U2ZPUmJZMkVjQ3hNZDBPZzhscFk3MUgxeE5OOVFnNzl3U21kbFU1N25mZ0xrb3I4S0F3LVJobktWWWVDMmplQXZ0aXJVUTJwYk9tWTZlb2ZLUHJ6bkJtRGk5ZTB4?oc=5","US","","FALSE"
"3cca898002d9c5e4","Associated Press","rss","western-wire","2026-09-25T18:21:00Z","Federal court says Pentagon can label Anthropic a supply chain risk","","https://news.google.com/rss/articles/CBMipwFBVV95cUxQeVBiZDVhLUJ1VEs5VGRHTHRwTjZUWjc3TnlPc3lBcXZVQi1LdGNkSEY3OE10dDhrN2xnR3NRQjRDNFllcl9xcmxBcURSQXY1VUlUOE9SeHQ1SlFDcXNUNU5fM0ZBTnhFQno2RWlYWmpfbVRzTkJlUUpsSElCU193eXo2TDB5YlVoN0ltSGhFaG45UVBtTC1tT0JadXN4Zzl6a3ZDcTJ0VQ?oc=5","US","","FALSE"
"0f0779f7dfc0c511","Enab Baladi","rss","syrian-independent","2026-09-25T18:27:29Z","Golan Heights: Majdal Shams Farmers Harvest Apple Crop","The post Golan Heights: Majdal Shams Farmers Harvest Apple Crop appeared first on Enab Baladi.","https://english.enabbaladi.net/archives/2026/09/golan-heights-majdal-shams-farmers-harvest-apple-crop/","SY","https://cdn.enabbaladi.net/english/wp-content/uploads/2026/09/Members-of-the-Druze-community-pick-apples-at-an-orchard-near-the-Druze-village-of-Majdal-Shams-in-the-Israel-annexed-Golan-Heights-on-September25-2026.jpg","FALSE"
"8e8ae888866284bc","BBC World","rss","western-uk","2026-09-25T18:41:13Z","Why an international arrest warrant didn't stop Netanyahu's US trip","The BBC's Nada Tawfik explains why Israel's Benjamin Netanyahu was not arrested after speaking at the UN, despite an ICC arrest warrant.","https://www.bbc.co.uk/news/videos/ckq633lm11jeo?at_medium=RSS&at_campaign=rss","GB","https://ichef.bbci.co.uk/ace/standard/240/cpsprodpb/8b80/live/1170daa0-b910-11f1-bc1f-3f186ca4140c.jpg","FALSE"
"785c0eef2fcf2680","Associated Press","rss","western-wire","2026-09-25T19:04:00Z","Former VP Al Gore: A clean Earth is within world’s grasp even as climate dangers accelerate","","https://news.google.com/rss/articles/CBMiqwFBVV95cUxNV3BxUTR0TUlSck5rbFhmUlVyZklzTC1hSGVWdDh5Sk1DNjVGQVRIR2xqRS1IbHNUOWdMZHVlOEMyN2dKdlNRM1hQZ1JkRE5PWTZuUk96TmtxYXR2TW1FdGxJLVZfcllFNXFfTDdTY1QteUdXOGJXOVFXU3BRaHNkUTl6SHhfWkZuU2ZGZEZvcmFkUEJTaUZMbUVTenlralJoQmhybVNpaFVBSnM?oc=5","US","","FALSE"
"4d59bb952f90dbf4","Associated Press","rss","western-wire","2026-09-25T19:10:00Z","Ed Sheeran, Global Citizen, CBGB and All Things Go cancel concerts because of nor’easter","","https://news.google.com/rss/articles/CBMiqAFBVV95cUxOYjNlbVRRdm05Ym5JTEc3dUxQbDlHMGVtV1JOeVNoeVNVdGNvd3NUOHZ0b2RNZkt6QzlrdjgxNDJma253dmVCcXo2ZG41MFIzeHJHT3lkQUpWektHOWxTSUl2ZWI5VkNPdGF0ZTlEcGIzSDhYWGRTWkpMbGJPRExpTHlPODl2cURBVWZOcnVFMlhjejZNeDBaN043cTAycTlXUTdkRG1nLUo?oc=5","US","","FALSE"
"dcb592d6371323ea","Associated Press","rss","western-wire","2026-09-25T19:31:52Z","Tasia Fortune's hanging was 'staged' after her death in a drug dispute, Mississippi police say","","https://news.google.com/rss/articles/CBMiqwFBVV95cUxNLUVvdFlKcGZYM1NZdUpFbnhuYW1jNFlvOW82d19VeEhXSTVJWFRLRWJ5M3RnSXIxX3k2SVYwVHlxZkxzX0twdHJuU21fbTBtRENrN05XWHVfQjF6WnpjOEhtMzJoNVdrYmtIWGgwMk1ZOWJXZW96NHpwdFl0b0JXcE04dXlpNl9WX0hPenZ3cFUzX0tRdUI0cC1kZEZ5Z0JvQVlsMGwySmY3QVU?oc=5","US","","FALSE"
"18840b5363ba4d5f","BNO News","rss","wire-fast","2026-09-25T20:05:40Z","Former Army soldier sentenced for telecom hacking and extortion","A former U.S. Army soldier has been sentenced to nearly six years in prison for stealing telecommunications data and threatening to release it unless companies paid ransoms, according to federal prosecutors. He and his co-conspirators sought at least $1 million through the scheme. Cameron John Wagenius, 22, who was most recently stationed in Texas, was [&#8230;]
The post Former Army soldier sen...","https://bnonews.com/index.php/2026/09/former-army-soldier-sentenced-for-telecom-hacking-and-extortion/","","","TRUE"
"58fb78bac92a7585","BBC World","rss","western-uk","2026-09-25T20:06:39Z","What is kratom, the 'gas station heroin' alarming officials in the US?","Kratom, found during an investigation into the deaths of two college students, has been sold in the US for around a decade.","https://www.bbc.co.uk/news/articles/cjn5ddzekwnro?at_medium=RSS&at_campaign=rss","GB","https://ichef.bbci.co.uk/ace/standard/240/cpsprodpb/e2af/live/bf4743d0-b910-11f1-a7d5-4340f404ef0f.jpg","FALSE"
"c5c85834e5948f93","DW English","rss","german","2026-09-25T20:15:00Z","Lula or Bolsonaro as president? Brazil gears up to vote","Brazilians go to the polls on October 4. The front-runners are multilateralist incumbent Lula da Silva and former President Jair Bolsonaro's son, Flavio, who wants to bring Brazil closer to the US and away from China.","https://www.dw.com/en/lula-or-bolsonaro-as-president-brazil-gears-up-to-vote/a-79437276?maca=en-rss-en-world-4025-rdf","DE","","FALSE"
"1e8f012a5d8c4ff4","Enab Baladi","rss","syrian-independent","2026-09-25T20:21:02Z","Israel Backs Off Targeting Syria’s Air Navigation Systems","Israel has allowed air navigation systems enabling nighttime flights at Damascus and Aleppo international airports to become operational, after months [&#8230;]
The post Israel Backs Off Targeting Syria’s Air Navigation Systems appeared first on Enab Baladi.","https://english.enabbaladi.net/archives/2026/09/israel-backs-off-targeting-syrias-air-navigation-systems/","SY","https://cdn.enabbaladi.net/english/wp-content/uploads/2026/09/tayaran.jpg","FALSE"
"486c0924facfd8e1","BNO News","rss","wire-fast","2026-09-25T20:25:50Z","17-year-old student shot and killed near Houston high school","A 17-year-old student was shot and killed near his high school in Houston, Texas, according to officials. Police are searching for the shooter and interviewing witnesses. The shooting was reported at about 8:21 a.m. on Friday at the dead end of Dryad Street, just outside Westbury High School, according to Houston Independent School District Police [&#8230;]
The post 17-year-old student shot and...","https://bnonews.com/index.php/2026/09/17-year-old-student-shot-and-killed-near-houston-high-school/","","","TRUE"
"e750617fa23dc6ca","BBC World","rss","western-uk","2026-09-25T20:47:49Z","Russia targeting 'ordinary life' with attacks on Ukraine's data centres, Zelensky says","Such strikes aim to disrupt ""people's ability to stay connected, study, work"", says Ukraine's president.","https://www.bbc.co.uk/news/articles/c84gkwgk7d06o?at_medium=RSS&at_campaign=rss","GB","https://ichef.bbci.co.uk/ace/standard/240/cpsprodpb/7588/live/6c3865d0-b900-11f1-83cd-2998f68d9572.png","FALSE"
"0620b20235f9bb13","BNO News","rss","wire-fast","2026-09-25T20:49:31Z","Hurricane Nolo threatens catastrophic flooding in Hawaii","Hurricane Nolo has strengthened into a Category 2 storm south of Hawaii, where forecasters say heavy rain could cause catastrophic and life-threatening flooding on the Big Island. The hurricane’s center is forecast to remain well south of the islands as it strengthens further over the weekend. An Air Force Reserve Hurricane Hunter aircraft measured maximum [&#8230;]
The post Hurricane Nolo thre...","https://bnonews.com/index.php/2026/09/hurricane-nolo-threatens-catastrophic-flooding-in-hawaii/","","","TRUE"
"ec0c836ebd5c437d","Associated Press","rss","western-wire","2026-09-25T20:54:00Z","AI ads are popular in the 2026 midterms, but state laws haven’t stopped a lack of disclosure","","https://news.google.com/rss/articles/CBMiqAFBVV95cUxOY2Y4eXhwbG5pS2hyZk9fMU9kWXgzbktqQ2lFOWRuWmthTHBjSWMtd3JyNWt1d1dWbU8wM0hTS0l2Rmp2LTA0TUdsM2pKd1JzXzNEV2w3bXVxbk9QUUNzWU9DVU4xMkM3Ukk2Snp6QlZ2V1hDS1h2X2pYWi11Q0NXY0FCX01DaVJ2dmxmdmFabnU3VkVsTjIySlZGamQtamNiSXp6bU9zUlI?oc=5","US","","FALSE"
"f9af7e7434039387","Associated Press","rss","western-wire","2026-09-25T20:55:00Z","Morocco’s Authenticity and Modernity Party wins parliamentary election, interior ministry says","","https://news.google.com/rss/articles/CBMiqgFBVV95cUxPYW4tckwtZWdGdmM0WDJNbkVmQ0w5VlFpV0JYdnVYbTJEaWV4Q3A5X0t4ZW1KSHJRVjIySmNWYWtxX3Zuby1tM1RaOHo0eDRrdkl4R0EweEsxQ3JIVVZkQUQ0bGZYMG92eEZHWFJCcG9NTTBUcXI0cGtrd0xQTHdERVJaZ3M5ZGVmbVBNRkZhWkI3aXg1OHQxUGFFN1NSdlJOWFdIQmE2UWZEdw?oc=5","US","","FALSE"
"8ce7d7b41b409a9c","BNO News","rss","wire-fast","2026-09-25T21:05:21Z","Portland police K9 shot and killed on last shift before retirement","A police dog was shot and killed on his final shift before retirement in Portland, Oregon, according to officials. A homicide suspect also died in the shooting during an attempted arrest. The shooting happened at about 1:45 p.m. on Thursday near Southeast 97th Avenue and Southeast Oak Street in the Hazelwood neighborhood, according to the [&#8230;]
The post Portland police K9 shot and killed on...","https://bnonews.com/index.php/2026/09/portland-police-k9-shot-and-killed-on-last-shift-before-retirement/","","","TRUE"
"744209cbb515b8d1","Associated Press","rss","western-wire","2026-09-25T21:19:00Z","A reprieve from rising oil prices helps US stocks finish the week higher","","https://news.google.com/rss/articles/CBMijwFBVV95cUxPR2Q0aUFGWWNsblZyZGdaeDZzWFVPTWxZTXFBcmdsOEFvZU52dG9tdC1TY2Rlc3BfQkgxQmVPQUt2WEZFV2ZDS0xsNmRNcXlHTGxod0pVZzRuUHRpNFlTazhDQnhaM2pXTzRybl9RSm0zUzVKSGtKSGNxTXRkcWhfbWJKSXZjdElseEw5THlrdw?oc=5","US","","FALSE"
"cdc2c5c2e7cab1db","Associated Press","rss","western-wire","2026-09-25T21:23:00Z","Man City ready to fight Premier League after reports that club guilty of almost all charges","","https://news.google.com/rss/articles/CBMilgFBVV95cUxNcUFMUW5DRDdEU3FMdlA3X3BydEVkSUVVNDVWUEZOUG9LNDdhVFpCVlc1N3JlMVNtZUJaMWJ4S2VwRF9SNXo2UEVUcy1qR2NKTGc4TUd4V3pER241TWpSY1JKVGZCZ2pjdk5NZEZ6T0lRUlNRRUw5M0hhUmptRjVQZW90TWxLNlpWbmZkQU4ycXBQZjE1N3c?oc=5","US","","FALSE"
"eb609b19ad35bdf5","Associated Press","rss","western-wire","2026-09-25T21:31:00Z","Tim Tebow pauses relationship with Christian organization accused of using predatory sales tactics","","https://news.google.com/rss/articles/CBMihwFBVV95cUxQRDBVUGthUHhCQ1pVQUd6dGQ4ODlwaWN3OW5vcjBTa0sxaENvcVc1VDdGNWRYRVE0ajA0enhCOWNraXFYTFM5aC1HaGRQQTVpZTZ2LWNmalhZalJCUVRxZWQ0TjJvNTNCcFE0dWlZSnRPbGJ1TkY0SU5VdktYWGJsbG5jOUJVZzg?oc=5","US","","FALSE"
"cd7ca6ba5e9e29b0","Associated Press","rss","western-wire","2026-09-25T21:50:00Z","Mbappé limps off with knee injury after scoring for France against Turkey and will leave squad","","https://news.google.com/rss/articles/CBMipAFBVV95cUxNTHpnSjNPbXM5N09obVlXY2c2YkFXY19qZW1xaEd0d01sTVRleFNiVXJ0VjNyR2lYWVBqR2tsWWIwbGJHeG5PM3F3dmtBNnU2VFQ0M0Fjczg3aktEd1hSQUVZY05jWkNsUVN1NXo0NGEyYlR2MDNxUk9xczc3SHBFRzRENnF2dGlPLUVtdXN1MzBtMGxWVUxnWm5jcDd6UVdOR1Z3Yw?oc=5","US","","FALSE"
"ad6b2275ca56d16c","BBC World","rss","western-uk","2026-09-25T22:12:48Z","The treasured 'eternal snow' on this tropical island is about to disappear forever","Climate change is transforming Papua's snowy peaks, which hold scientific value and spiritual significance.","https://www.bbc.co.uk/news/articles/cm5ydvww0erdo?at_medium=RSS&at_campaign=rss","GB","https://ichef.bbci.co.uk/ace/standard/240/cpsprodpb/390c/live/dabff6d0-b7c5-11f1-b1d1-571ed4d7ff2c.jpg","FALSE"
"9f2a9983fde3ca54","Associated Press","rss","western-wire","2026-09-25T22:13:00Z","U2 goes back to school to put on a show where it all began 50 years ago","","https://news.google.com/rss/articles/CBMisAFBVV95cUxORkEtd3JJaWdZaHM0dFdQRlZEd3k5Y1ZrcTBWUnJzUGNOcjllQ2pDcFVrR1RaLVlKSTJPWkJWT3Y3S0xWdFR3UUNhNmtNSmNwNms1RzJhX1V4WGZiczlqN3d1VXZteVVERC1HUWxpRERDUDIzYXVHak9lVjFXZTZqQkxuM29QOUJkY1ZJWlR5b3FYTFg1dTd2aC1JSGx2ZEMzUVhiS2JGcTNDWk5GUWR4aA?oc=5","US","","FALSE"
"6f85edc405b86292","Associated Press","rss","western-wire","2026-09-25T22:20:15Z","A White House press ban was lifted this week. But the tensions and legal battle aren't over yet","","https://news.google.com/rss/articles/CBMikAFBVV95cUxPSzZ2c3h2NFhmd25US1hPc2hTMlZUc3Nuc2lvVTFzUHcxa3IyeUlJVV9PTXBMVjVHSVVuMHdHRHl2aGtJRFp0UXQ3enN2bW1td3pvNkxwQjloNVpkQjhXdlJxckhOUV83NUVjcjlMc2tKVzd5eUx5UGFVYUNmRUdXcXNidERNN1labm5UeGF0cm4?oc=5","US","","FALSE"
"a774b941527f6d76","Associated Press","rss","western-wire","2026-09-25T22:36:00Z","Blue Jays star Vladimir Guerrero Jr. apologizes for comments about his $500 million contract","","https://news.google.com/rss/articles/CBMikAFBVV95cUxPU0VNT0dRWnJmeFRFaTI5T0EzVHFIbVdGRTRYWFlJVVR4dEFQcHB5R1JNNXB4MVFqUXlCUGx3SnBsSThDc2l6RVA2Vjg3cXFkLWdLblVfSkFoajdnOF83MjRTcE9mcWdFVXV1OWFrUEdqWFpQUjhvbVlyc2xlVm9Ta0N6QTd5ZTctbEtsTjhkUXY?oc=5","US","","FALSE"
"dbfd091b748599a2","Associated Press","rss","western-wire","2026-09-25T22:46:00Z","New Mexico jury finds Facebook liable for deceiving users about privacy protections","","https://news.google.com/rss/articles/CBMiogFBVV95cUxQWG40YndwZnVtdGtfVGxGd01iWWxMcUlSNEVTYzR3bVJETERWMFFlMGVoUnFUWUZZbUVLMTEtTW14VEtLQmdqbVIxQlN6OHdYQkc5ZEZkZlY4VnVzVy1Qemc5WTRIUkFtWjRra0s3UWt0ck1Bblk2WkhtWUxENXNTVTgxMmxUaEpoLTloRzV3eGFCYl9YU0RPd1ZjeFdyck9JMXc?oc=5","US","","FALSE"
"64615d17917fe243","Associated Press","rss","western-wire","2026-09-25T23:00:31Z","How Jewish mindfulness meditation became a mainstay in High Holiday services and beyond","","https://news.google.com/rss/articles/CBMisAFBVV95cUxNVGF5ZVREZjVDbEhHdklJLXNRWkFPRk5XVVpyWUU0OHJFSTBZNW5KSXhUa1BELUVubmFpejVBdG84SWV3WG5IdHNwbjZaUEpoTks5eGhvV2FoZzVDY3R2TnljTC1fZXpQdUc5aUZGNjVoY2RJS1BhM2h1UW5KV0Fmc1pmVkUyaFItNFhtbDBlTEhxWFE1TmNleUNRbTNsdGM2OFRSZV9vNzJhUmZLWEhHcg?oc=5","US","","FALSE"
"e31a6dc40fa5faad","BBC World","rss","western-uk","2026-09-25T23:05:40Z","Inside the FBI hack: Agents fearful and angry after 'dangerous' data breach","Current and former agents speak to the BBC about the devastating impact of the FBI hack.","https://www.bbc.co.uk/news/articles/cm4gjjlgzdjgo?at_medium=RSS&at_campaign=rss","GB","https://ichef.bbci.co.uk/ace/standard/240/cpsprodpb/d538/live/369f0e30-b903-11f1-83cd-2998f68d9572.jpg","FALSE"
"53ae39c2d72259c8","BBC World","rss","western-uk","2026-09-25T23:08:02Z","As Merz scrambles for support, Germany's identity crisis is laid bare","Voters are turning away from the centre in Germany as fears grow about the economy and migration.","https://www.bbc.co.uk/news/articles/cmx2zlqeje9zo?at_medium=RSS&at_campaign=rss","GB","https://ichef.bbci.co.uk/ace/standard/240/cpsprodpb/b55d/live/65e845d0-b80e-11f1-b205-219f899eccc7.jpg","FALSE"
"a0fcb2a92ad1ea1a","Associated Press","rss","western-wire","2026-09-25T23:09:00Z","Report finds many security deficiencies at Utah university where Charlie Kirk was killed","","https://news.google.com/rss/articles/CBMipwFBVV95cUxQa2luNUtOU0JXSE13WVUwZEJCcGpSUVdWVXU1bXpPWjJpX1d4M2NVcV9BeHlEOEoxTU5ZeTRyVEhyb1RJUUhVM2paT3hOcmpXTzY5TVlYRWQzSHBxVzZRVFpnRmVJOE5fUEo2NXBHRklrcW5WcTJRZEVybm1xRFJNTnNlSnlnaHlrRjcwbEdjUE9udWlTQjFtei1QeWpfalZicFEtX08wRQ?oc=5","US","","FALSE"
"2a5d9708debf88d5","BBC World","rss","western-uk","2026-09-25T23:20:48Z","South African white genocide does not exist, new ambassador to US tells BBC","Roelf Meyer tells the BBC that being a white Afrikaner gives him legitimacy to challenge Trump's claim of a genocide.","https://www.bbc.co.uk/news/articles/cm2l8qv7zppko?at_medium=RSS&at_campaign=rss","GB","https://ichef.bbci.co.uk/ace/standard/240/cpsprodpb/1747/live/dc2a8ea0-b85a-11f1-a8b8-8b929801ec51.jpg","FALSE"
"e8c66837cf560601","Associated Press","rss","western-wire","2026-09-25T23:29:00Z","Bill Giles, longtime Philadelphia Phillies owner and executive, dies at 92","","https://news.google.com/rss/articles/CBMihgFBVV95cUxPWjhJY2ZaR1ZZQlZjVWFVN041NUVweDFlQmRLaHZSRTljRFZMNmlPc3RpejYzSGp3ZV9STGdWYkt3QzRuRTZOaEd2WVh0Mkp3bUtSLUhyTGgtRE4xYlVzN1kzYUNFMmlOeG05eVpSOGMzaWxMbGI4cUhycDN3TThLT1FHY0JUZw?oc=5","US","","FALSE"
"c44b318aee1234ee","Associated Press","rss","western-wire","2026-09-25T23:33:00Z","Supreme Court lets Trump administration use revamped federal voter eligibility database for now","","https://news.google.com/rss/articles/CBMisAFBVV95cUxNTjdiQ0dkQkV2V1J1Z19HdURxN0pmMlI3d1dRN2N6QmZpUjFRbUZYd1hMM1JuN0tnaW9Fd1kzRFVwUFh4SGdCVzFpZHJkZDgtV0pRVHd5NzNpZUtGa0xTcnc3VlNwVVZabDZWVDVvU1h2a2luY2NMNkFpWUluMWJHTlhpZXdJUUFTTXFwTTRqS3hvTGI4SFJ2WmxUeGt1cHA0bGVEQXlUbmtNeGZpdmlzeQ?oc=5","US","","FALSE"
"245099faa6357241","Associated Press","rss","western-wire","2026-09-25T23:48:00Z","Brazil’s President Lula bans online betting ahead of presidential election","","https://news.google.com/rss/articles/CBMipgFBVV95cUxQVFQzZzgzMER4cWRxMS1ncXE3U29RMlhuc3pxT2Mya3pjZjFCeHRGNjZMREs0WkNucTJPa0ZZMjBwVTZxaG00VFJrVVA5OVNsbFlCcVkwXzB2VTlSSG9ISHNXaUtQQUhyTWYyTEtnT2oyZmhrR3RkMWRTSUJyR1BhZ25UVGJwc0JfbWxkdFZqMVkySGt3ZWVJelZHVzFsY3gtd1dwVmt3?oc=5","US","","FALSE"
"f69c8d7c35d20ea2","Associated Press","rss","western-wire","2026-09-26T00:02:00Z","TikTok settles lawsuit with Alabama for at least $100 million, will implement safety features","","https://news.google.com/rss/articles/CBMioAFBVV95cUxNSVh1Wm1PQWp3b2xYSl9jblQwaFRfX3htM2NhNnlUdXN3QVpDa0dzc1A0UVQzcmg2amdBanVzTkNkZW9mbm9uLUhOUmo3bzMxcXFFZVg5ZW1Fa0dhRDlOcTdxakVvYUhFSlVyNFlsWEdiSUVQY2JoZ2hUaWVzbzRHQXN4THl6MXlCQ2JBT3RtS2h1VDMzZGZGVWs5dHBza1M0?oc=5","US","","FALSE"
"161eefeb357c9937","Associated Press","rss","western-wire","2026-09-26T00:38:00Z","Supreme Court rejects a Trump-backed Missouri congressional map for the third time","","https://news.google.com/rss/articles/CBMitAFBVV95cUxPanZ2VnlQc3dDZFJVd3JpOVhqa0VtUzVvaFpLMzB0NmlzN0lNVlBid2hfMVlpck5qZThIWFZFZ3VOWTBmemtPMkpXU0hOdm9XZnZfd3J3aEZKVlVIZnRCZXRVMUIyb0xGNGVQaXhhSGlodWFkc1FYcEh4NFlvWUM4RGFzYU9zY2JaSDgxZFoxN0pwb3lETDBhcE5MN19FTlY5a3lBMUdVSG95cWlYRkR1R1QzYzE?oc=5","US","","FALSE"
"e0d2800e81ed59b5","Associated Press","rss","western-wire","2026-09-26T00:43:00Z","Trump administration uses rare authority to claw back nearly $1B in spending approved by Congress","","https://news.google.com/rss/articles/CBMijgFBVV95cUxOTWFvZGl3dnM3QXZvYy1LZFYtS3JYcGROcHZtRDN3eFg2Z241SWFSSTBpUHVONW9Pb2FnVTJQakdZNW5NMDZzSFE1dXhoMU5JS2J0UDZrZlVMcmwtYzdodElTeFdsZG9KQkZXUHNjZXMzV3NSeXpoSVF6c0N1QXVFU2tKYzhlQ1NXTGlVMXdn?oc=5","US","","FALSE"
"62a835e1810c1d81","BNO News","rss","wire-fast","2026-09-26T00:54:25Z","New Jersey Lt. Gov. Dale Caldwell resigns after sexual harassment investigation","New Jersey Lt. Gov. Dale Caldwell has resigned after a state investigation found that he violated ethics rules and engaged in conduct that amounted to sexual harassment. Gov. Mikie Sherrill announced Caldwell’s resignation Friday afternoon, saying he submitted it earlier in the day after she called on him to step down. The 61-page investigation found [&#8230;]
The post New Jersey Lt. Gov. Dale...","https://bnonews.com/index.php/2026/09/new-jersey-lt-gov-dale-caldwell-resigns-after-sexual-harassment-investigation/","","","TRUE"
"887800e7722878c0","Associated Press","rss","western-wire","2026-09-26T01:00:00Z","Trump said he would campaign in midterm battlegrounds. He's starting in deep red states instead","","https://news.google.com/rss/articles/CBMirgFBVV95cUxPb0Zvc2VPMWZJQzlJNWlyZkVfNGI2b3ptSXhWZTUxaGV5U1BIQkpkRWhnVDZUUTloa3RFY0VjaFU0Q01RcU1UTG1YeTBnT0NCYTlGSTFlaElMeEx0YzFKS1FjLWRMaWRNd0JQZC05VTRsalVQWnJydVdrYVNKYWNNT05SMGtTLVlMcXBIVUwxN3pPUjRVRGppdlFrdWs2UVMza0MtdDF3a3JsMEJtcHc?oc=5","US","","FALSE"
"c9674932bca8ee38","BNO News","rss","wire-fast","2026-09-26T01:09:28Z","Westbury High School student killed in Houston shooting identified","A 17-year-old Westbury High School student who was killed in a shooting near the school in Houston has been identified by his family as LePaul Warren. The shooting was reported shortly before 8:30 a.m. Friday on Dryad Street, an off-campus area where students sometimes gather in the morning. Police said someone came from a nearby [&#8230;]
The post Westbury High School student killed in Houston...","https://bnonews.com/index.php/2026/09/westbury-high-school-student-killed-in-houston-shooting-identified/","","","TRUE"
"ca0bf71b93a7afb4","Associated Press","rss","western-wire","2026-09-26T01:26:51Z","Matt LaFleur joins Todd Bowles and Shane Steichen on the early-season hot seat for NFL coaches","","https://news.google.com/rss/articles/CBMiiwFBVV95cUxPRTQ2MlVVRWtkVzdrT2ViZlMzWGQzMWtDZFRiODkzQ3UzZHFBRTFVTnJRT1FCVnhSQVpudFRiZ3BwQVdWV0dNcWJ5VEw4c19xWktreEliVU9YMVFLNVg3TzZ2NWEwYmRhX2ZjN0lIU1k3dWVtbGdNSDhDaWlZTkdXNTBBSE5uVURwRXow?oc=5","US","","FALSE"
"fbf2f6c1c4e67eef","BNO News","rss","wire-fast","2026-09-26T01:42:18Z","2 arrested after kratom found inside business near Ole Miss in Oxford","Two people were arrested after more than 500 units of kratom were found inside an Oxford, Mississippi, business, days after two University of Mississippi students were found dead with kratom also found at both locations. Robert Strang, 20, of Atlanta, and Aidan Hamilton, 18, a freshman from Colorado, were identified as the two students. Authorities [&#8230;]
The post 2 arrested after kratom fou...","https://bnonews.com/index.php/2026/09/2-arrested-after-kratom-found-inside-business-near-ole-miss-in-oxford/","","","TRUE"
"a16963ba50ec6406","BNO News","rss","wire-fast","2026-09-26T01:50:29Z","OpenAI investigating AI agents after attempts to access government websites","OpenAI says it is conducting a broad investigation into unexpected activity by its AI agents after the models interacted with government agencies’ websites in ways that went beyond their assigned tasks or intended methods. The review comes after reports that OpenAI’s AI systems interacted with websites operated by the U.S. Department of Education, Department of [&#8230;]
The post OpenAI investi...","https://bnonews.com/index.php/2026/09/openai-investigating-ai-agents-after-attempts-to-access-government-websites/","","","TRUE"
"1d7042198835c466","Associated Press","rss","western-wire","2026-09-26T01:51:00Z","France working on UN resolution for Strait of Hormuz navigation, and other Mideast developments","","https://news.google.com/rss/articles/CBMitAFBVV95cUxQQ3pzZkZqVUUyd3JHN0pYYktoX0VWTjNnTEJ0OVlvMzlMVGVMdlVmYWFZR1ZPTVBfN2w1cmIyTFVGZHVZX2QzTWRab0JtbFZVeUxYaGdvTldWNUdxeXZhd3hDQmF4b0hFNUZvMk5hamxYSG91NXBWMXRWLVdXUS05aU1PUXZqZFdWdFJxR3BacVQ2d2NkRVF5aUw0WWE3VWRXVWNDOGhKcVBhWVlCOXZZcTBRRE4?oc=5","US","","FALSE"
"86481b171ee3b5e8","BNO News","rss","wire-fast","2026-09-26T02:11:21Z","Man shot and killed after opening fire inside Talbert House in Cincinnati","A man was shot and killed by Cincinnati police Friday night after officers found him firing shots inside the Talbert House in Cincinnati. Police were called to the building around 7 p.m. and later made entry, where officers found the suspect actively firing rounds inside, according to police. Officers exchanged gunfire with the suspect, who [&#8230;]
The post Man shot and killed after opening f...","https://bnonews.com/index.php/2026/09/man-shot-and-killed-after-opening-fire-inside-talbert-house-in-cincinnati/","","","TRUE"
"a96dbfb6ca24c413","BBC World","rss","western-uk","2026-09-26T02:50:56Z","OpenAI bots meddled with multiple US government agency sites","OpenAI said its bots accessed public data from a range of institutions during test exercises.","https://www.bbc.co.uk/news/articles/cw62jje658dlo?at_medium=RSS&at_campaign=rss","GB","https://ichef.bbci.co.uk/ace/standard/240/cpsprodpb/fe1e/live/6ddbd170-b954-11f1-96dc-f7c10dbde38b.jpg","FALSE"
"780f4ab375173c0f","Associated Press","rss","western-wire","2026-09-26T03:03:00Z","Stephen Curry and Warriors agree to 2-year contract extension worth $116 million, AP source says","","https://news.google.com/rss/articles/CBMiowFBVV95cUxNd2pSUGRoZV81RDNaZVlOY2NxWTdWYlljREdvRDM0RTMxNVR2Tm9PbThfaVE3ODNpbGNpdFpxNmQwek1YTUcyMHplLUlaZTJaMlZ0X1Z3Vld6Z01sYThUWXRjVXU3a3lxZ2xRQzAwbkk2UkdXR2FOaEhnd3RkelBjRTBFbllweUlraTFOTDNlWVlkQng2V2tHaW5YdnNYZ3M2cjRj?oc=5","US","","FALSE"
"06a65a9f22f7fa66","Associated Press","rss","western-wire","2026-09-26T03:42:00Z","OpenAI says its models engaged with US government websites in new model misbehavior disclosure","","https://news.google.com/rss/articles/CBMimgFBVV95cUxNTXotYUJaRDhtSE9salVqcGVWdUlOR1V4dnVMQzd0OXJKZEdnWWNUTG1TNXZIcG9Pb1RmSmxqeXlMajItSGZZQWpWSXRhajRuNVd0TzNsSjA4Y1FtQXhtekdlRmZsU1c2cTI1RDlXd2lBeTNIVml2Q045aF9OalZXTFgwaUpGbEM4Qm9PbDF2aTRkeGNNVTY4MkRB?oc=5","US","","FALSE"
"5f58c1ffec5ad550","Associated Press","rss","western-wire","2026-09-26T03:50:00Z","Photos of record-breaking swimmers and more from the Asian Games’ first week","","https://news.google.com/rss/articles/CBMipAFBVV95cUxPLUtNdEZrWjBTaHJyTXUycEFSNndHMEFnd1diUzJucmFvc2I3d1JnVFRRbzFMZGRrVVAzc242MXZNQ3JORFpwNElaOW5jeWVDMHFJOXJQNUx2VzlnYkdKY3JOaHUxZE44Um1QdE5hdlZOX1FiT2hXeWJ0Z0FnZ2RFaHdIZkw2SVVzb2pJUThVdTk4RTZJcklYc01ialZrbVZMczZqNw?oc=5","US","","FALSE"
"a69dbcd8d2b2ed0f","Associated Press","rss","western-wire","2026-09-26T04:04:00Z","A month after Nepal floods, thousands are still missing and families face a long recovery","","https://news.google.com/rss/articles/CBMijgFBVV95cUxNd1pDQkZjajhqTERTMGFkakhHdHQ3bnl6MWlmQ3huazd4QU9wM0RsN0lYT1lMRmhkU0VNQnhCM2xpU245QU9yc1Eta2l6QmltQ3JQb2hEVTIzQy1uYk5jUDBlaktMc0wzRzJYSGRWXzNxNVJZUFFiWWlZay13aWhnOUN3em43bkRlUW5aRWRB?oc=5","US","","FALSE"
"ed4ea3792aa425d4","Associated Press","rss","western-wire","2026-09-26T04:08:00Z","Far-right settlers divert West Bank spring water as Israel backs heritage site takeovers","","https://news.google.com/rss/articles/CBMitgFBVV95cUxQOW9xcUJzN1dCTWx6TlJ6NWEwWlN4X3ZmZkR3MHNjdmJLQUc0bUV2bC1VX1V2d2xRMFotQVMybFJDRjhkQmF0X3doeWktbjAyaXd2RVFjZWl6aTN5NGxzNnlzLTMxeEt2aEpqOUpHb01RaWk4T05SajFOZXVDYk5CdC1UbXA3UTQwaXkxQmpWSm9RWUpwcWtmdEZzN2hJYkJPV2g0eGo0YWx2QzUwTHc2a0ZRdXo5dw?oc=5","US","","FALSE"
"6b14583dbb63a224","Associated Press","rss","western-wire","2026-09-26T05:43:00Z","CNN left off Air Force One for Trump's upcoming trip, White House signals in new media restriction","","https://news.google.com/rss/articles/CBMinwFBVV95cUxPWWdFdkVpT2tLTXhmMkNXSUlSZlBSak8xcU42NlRaMjdHU29VTkFVay10LWtTckN5WWtkMmJwWS1XUEZYOXBRZ3BxSzkxckk1ajZTb3VKTVlDQmd1QkdfSjIybXY3eFdEbGhZRDhmZkVYS2JNU0djLVR4aDFlNHk0SjRfbldwYUdBOGV2bUFEOGh6NEtMeVFsZS1lNlJnb0U?oc=5","US","","FALSE"
"4b86e206407d48f8","Associated Press","rss","western-wire","2026-09-26T06:01:00Z","One month after Nepal’s devastating floods, in photos","","https://news.google.com/rss/articles/CBMipwFBVV95cUxOWGVGNWN6dVQ0WHJ4UTREaTAwZ1p0OW92cURWdFEzdHlGUW1ldGRlNmhlLTU4RkIwNDNRTU9mNS0xbmFWSDI1ZlpTRTlkTnRJUWJfcW1oNkVRcGlaNno0ZkplWUdja18xR2djZFlqajZmVGhBWkNnT3BlR1pFTERBWG5YSjkxdHJtNjdYQ2VncXFrUlNkNUQ1TzdvU050YmhIT0JTN3F1SQ?oc=5","US","","FALSE"
"0edf1b471e39e1f1","Associated Press","rss","western-wire","2026-09-26T06:31:00Z","Hurricanes in the Pacific threaten Hawaii and Mexico with floods and high surf","","https://news.google.com/rss/articles/CBMimAFBVV95cUxOeEhseWVSS3dZaTNWTkZoTE1jRUtRT0lvX1JfQ1V2TnlkTVJsVHdHZGc5Mi1OY2NldGJFUWhveUtPTGh1NkxwRmFPTENBYzhVczVKbnlaVXlfLXRSSjVPY21XbDRURm1KcUNUWVVoa3FpMEVPREowYTFWTXZ4NXhLSWtBOFJYVVVPUUJ5Y21iTHNaRHdWVVJaaQ?oc=5","US","","FALSE"
"a66d049689be0c70","Associated Press","rss","western-wire","2026-09-26T09:57:00Z","Photos of new amputee soccer league as it kicks off in Bucharest","","https://news.google.com/rss/articles/CBMipgFBVV95cUxPSlFCRGRwOVIzRmU3ZFoxVjQ3OWVOSF8xOUxsQkdFU0NmZkhrSElmR2JmVGxSLVhHWndVSWtUOUQ5bHVSUl9sM0ZscmFHdkVENmtiUEhJZU9SeDVVUlBYRVBTNjZjWElZYWlvWTlKVm5EQkd3am1oWjVWaG9fSlRud3hycHlmZVVyMzF3V0ZQM0piYXF5WmRsejJxZFlCYWF3eW5qcXhn?oc=5","US","","FALSE"
"83e6e995df5f3689","DW English","rss","german","2026-09-26T10:44:00Z","South Korea's gender pay gap grows as women get older","A new report shows how in South Korea, women on average earn less and have fewer employment opportunities throughout their lives.","https://www.dw.com/en/south-korea-s-gender-pay-gap-grows-as-women-get-older/a-79431285?maca=en-rss-en-world-4025-rdf","DE","","FALSE"
"dc39d990d636d367","DW English","rss","german","2026-09-26T11:55:00Z","Russian students: Propaganda in school prepares them to die","The Russian government wants children to learn about patriotism from an early age. DW spoke to students in Siberia about their views on propaganda at school on the war in Ukraine and their future.","https://www.dw.com/en/russian-students-propaganda-in-school-prepares-them-to-die/a-79417294?maca=en-rss-en-world-4025-rdf","DE","","FALSE"
"1a2c4f13459c5d59","North Press Agency","rss","syrian-kurdish","2026-09-26T11:58:27Z","U.S., China agree AI, military crisis communication channels","QAMISHLI, Syria (North Press) – The United States and China agreed on Saturday to establish a channel for handling artificial intelligence-related incidents and accelerate work on military crisis communications following a three-day summit between President Donald Trump and Chinese President Xi Jinping. China’s Foreign Ministry said the two sides would sign a memorandum of understanding [&#8230...","https://npasyria.com/en/141972/","SY","https://npasyria.com/en/wp-content/uploads/2026/09/1790420054957.webp","FALSE"
"395b08b420cbf43a","UN News","rss","institutional","2026-09-26T12:00:00Z","Canada urges stronger partnerships as global order faces ‘rupture’","Canada’s Foreign Minister Anita Anand warned the UN General Assembly on Saturday that the international order has entered an era of profound disruption, calling for stronger multilateral cooperation and new partnerships as major powers increasingly turn away from global economic integration.","https://news.un.org/feed/view/en/story/2026/09/1168461","UN","https://global.unitednations.entermediadb.net/assets/mediadb/services/module/asset/downloads/preset/Collections/Production%20Library/2026/09/26-09-2026-UN-Photo-UNGA81-Canada.jpg/image560x340cropped.jpg","FALSE"
"56231203584f2216","UN News","rss","institutional","2026-09-26T12:00:00Z","Countries far from conflict paying the price for wars not their own, India tells UN","India’s External Affairs Minister Subrahmanyam Jaishankar warned on Saturday that violent conflicts continue to undermine international peace and security, while countries far removed from the battlefield are being forced to pay a heavy price.","https://news.un.org/feed/view/en/story/2026/09/1168460","UN","https://global.unitednations.entermediadb.net/assets/mediadb/services/module/asset/downloads/preset/Collections/Production%20Library/2026/09/26-09-2026-UN-Photo-UNGA81-India.jpg/image560x340cropped.jpg","FALSE"
"28754875ca3a5412","UN News","rss","institutional","2026-09-26T12:00:00Z","Saudi Arabia warns Gulf security inseparable from global stability amid regional tensions","Saudi Arabia’s Foreign Minister warned on Saturday that escalating threats across the Middle East risked international peace, energy security and global trade, calling for stronger international cooperation to protect Gulf States and vital shipping routes.","https://news.un.org/feed/view/en/story/2026/09/1168459","UN","https://global.unitednations.entermediadb.net/assets/mediadb/services/module/asset/downloads/preset/Collections/Production%20Library/2026/09/26-09-2026-UN-Photo-UNGA81-Saudi-Arabia.jpg/image560x340cropped.jpg","FALSE"
"b1d36cb5f4081d50","UN News","rss","institutional","2026-09-26T12:00:00Z","Cuba warns against ‘law of the jungle’ as Foreign Minister denounces US pressure","Cuba’s Foreign Minister warned the UN General Assembly on Saturday that escalating military and economic pressure in Latin America and the Caribbean was threatening international law, while accusing the United States of intensifying a decades-long campaign to isolate and weaken his country.","https://news.un.org/feed/view/en/story/2026/09/1168458","UN","https://global.unitednations.entermediadb.net/assets/mediadb/services/module/asset/downloads/preset/Collections/Production%20Library/2026/09/26-09-2026-UN-Photo-UNGA81-Cuba.jpg/image560x340cropped.jpg","FALSE"
"4f7d747dc35747c7","UN News","rss","institutional","2026-09-26T12:00:00Z","Lavrov issues call for new Eurasian ‘security architecture’","Russia's Foreign Minister, Sergey Lavrov, accused Western countries of destabilising the world through “force and double standards” in his address to the UN General Assembly on Saturday, vowing that Moscow's “special military operation” in Ukraine would be “carried through to the end.”","https://news.un.org/feed/view/en/story/2026/09/1168457","UN","https://global.unitednations.entermediadb.net/assets/mediadb/services/module/asset/downloads/preset/Collections/Production%20Library/2026/09/26-09-2026-UN-Photo-UNGA81-Russia.jpg/image560x340cropped.jpg","FALSE"
"aca5dfe8f6784c4e","UN News","rss","institutional","2026-09-26T12:00:00Z","‘Safeguard the postwar order,’ China tells UN General Assembly","China's Vice President, Han Zheng, urged the world to defend the postwar international order on Saturday, telling the UN General Assembly that geopolitical conflicts, widening development gaps and mounting global challenges make multilateralism more urgent than ever.","https://news.un.org/feed/view/en/story/2026/09/1168456","UN","https://global.unitednations.entermediadb.net/assets/mediadb/services/module/asset/downloads/preset/Collections/Production%20Library/2026/09/26-09-26_China_UNGA81.jpg/image560x340cropped.jpg","FALSE"
"f465805c04208bfa","UN News","rss","institutional","2026-09-26T12:00:00Z","Countries adopt global blueprint to tackle fast-evolving crime in digital age","Countries adopted on Saturday a new global blueprint for tackling rapidly evolving forms of crime, as the UN’s largest gathering on crime prevention and criminal justice opened in Abu Dhabi with a call for stronger international cooperation.","https://news.un.org/feed/view/en/story/2026/09/1168455","UN","https://global.unitednations.entermediadb.net/assets/mediadb/services/module/asset/downloads/preset/Libraries/Production%20Library/24-10-2022_Unsplash_cybersecurity.jpg/image560x340cropped.jpg","FALSE"
"fb89cc9eb16f0b7a","UN News","rss","institutional","2026-09-26T12:00:00Z","The Takeaway: UN General Assembly debate Day 4","From the Caribbean to the Pacific, leaders from small island States demanded climate justice, ocean protection and greater solidarity at the UN General Assembly on Friday. &nbsp;They warned that rising seas are already redrawing national boundaries, while the ripple effects of faraway wars are being felt on their shores. This edition of The Takeaway summarizes key points made during the fourth...","https://news.un.org/feed/view/en/story/2026/09/1168454","UN","https://global.unitednations.entermediadb.net/assets/mediadb/services/module/asset/downloads/preset/Collections/Embargoed/2026/09/24-09-2026-UN-Photo-UNGA81-behind-scenes-03.jpg/image560x340cropped.jpg","FALSE"
"c7403a1a05ef425e","Associated Press","rss","western-wire","2026-09-26T12:06:56Z","Trump attends Texas-Tennessee game with no apparent disruption to coaches' communications","","https://news.google.com/rss/articles/CBMimgFBVV95cUxPd1AzOWE4UHVlQ0JDbzhvU1JJVlBISXRYNTNhdUI1aWl3aHcyMkQzbV9hYVVtY29mazlUMzU3YWkxQjMtdGpST290RV9nTWh0RXNmYmhLRUxsa1BnRHk2cHQ1bFpRZ2lRbmREX21MS3g0d29rZ3FwMENCVTR5LVBzOGc2czR5ZUYtSUNvWF9iUDlWWWZUQU5wNmpR?oc=5","US","","FALSE"
"c3bbb99bd0765b8e","Associated Press","rss","western-wire","2026-09-26T12:11:00Z","Roads flood in New Jersey, inundate some homes, as major signs of nor’easter take shape","","https://news.google.com/rss/articles/CBMinAFBVV95cUxQdGRqdGEzMGFJUjh3UDU4cDJaaGdaWnNMYVpJS1Fid19ueFRYeXRMTGtJODdIeGE4RlYwZnpzU2JWYTdaQnk5LW5KRGluRjVjX2U5cS11UzY4Q0FDQXdWRVJENnluUHBMT1hKa0NRUDlUNU9pVVR0MXN0MFRNLV94WjduYUVkODlBNTdoQUtHUDNvNHp1REV3NWZXQ2c?oc=5","US","","FALSE"
"c1de23584611ba50","Associated Press","rss","western-wire","2026-09-26T12:12:00Z","One shot or two? What to know about HPV vaccination recommendations","","https://news.google.com/rss/articles/CBMikwFBVV95cUxQRTdsWVF3SGxHZXZoRUFmR21zWldoc19zUk9sY3NjSWNadllRbHFZX3dMSHBkMHBDcVNUTnFJbGk1N1hXVGRhX0Z5eFhOeEsxUWxiYWlZTWZ2THZXWDhHaTNzQTVzWGhNQUJrRFlWVm1aVktvVUhCNWM3YTBJdjRuR1lySW5OcDBJalBFb1RnRldKNVE?oc=5","US","","FALSE"
"6ead4994f38e63a5","Associated Press","rss","western-wire","2026-09-26T12:21:00Z","Southern Democrats see hope for first time in years, seek to build on discontent of midterm voters","","https://news.google.com/rss/articles/CBMisAFBVV95cUxNX1N6SnJfSTBjaWRTLVNHaTBNS0JsLUZXZHZYYWRINXAwdHVLemVVMExsTXJCYVNsMnltWmMtVmFFejFiTjQyMlhXSGZfTFZtUFVUZE84ZmVfVXhoSDJvSDhXeU9hX0FVd09INXdMZjRqNlQzMU02NTFMcC1hemVTb2U2V2xBOHNydHJ2UjVXcEE0eVhZRXN4ZTB5d0xwYUU0NGRZeEplWjJ5U2ptcm1nRQ?oc=5","US","","FALSE"
"2ac1d460f040d968","BBC World","rss","western-uk","2026-09-26T12:47:25Z","British national among six dead in building explosion close to Acropolis in Athens","Four Americans and a Greek national are among those killed in a suspected gas explosion, officials said.","https://www.bbc.co.uk/news/articles/c6p3kk78l4l1o?at_medium=RSS&at_campaign=rss","GB","https://ichef.bbci.co.uk/ace/standard/240/cpsprodpb/c8e5/live/83c97ed0-b9ac-11f1-8a1a-0176f978c211.png","FALSE"
"db7443ee9071a011","DW English","rss","german","2026-09-26T14:27:00Z","Pakistan: Suicide attack at police stop kills at least 11","The blast was claimed by the Pakistani Taliban, which has stepped up attacks on Pakistani security forces in recent years.","https://www.dw.com/en/pakistan-suicide-attack-at-police-stop-kills-at-least-11/a-79443050?maca=en-rss-en-world-4025-rdf","DE","","FALSE"
"ed7a87b9b798cead","Associated Press","rss","western-wire","2026-09-26T14:50:00Z","Body of 10th woman found in South Africa as killings investigation continues","","https://news.google.com/rss/articles/CBMikAFBVV95cUxOM0hnaHA4Qi16THVVcFp4bUVpcHUzQjNNWGFDMldaX2pWZ1NOdE9Na29QaGx5MzVYSmVIMEx3dk1sVGRKSS0xdU9zSnlQSVhxMklvcndqUEtkakxUZXBBdjd6dDNfb01EX2V2ZGxBSzNvZWszdHZhcFVPSVpQTTVMM0RLODNWOHpkRUV1Z0dic0U?oc=5","US","","FALSE"
"50f8e254b5e0f799","Associated Press","rss","western-wire","2026-09-26T15:05:00Z","George Russell holds off Verstappen in close finish in Azerbaijan to trim Antonelli’s F1 lead","","https://news.google.com/rss/articles/CBMioAFBVV95cUxNVHBRR0xPc0ZER2lQT3ZYUFlPTmNoemJGbGF6R0l6MFBMcTNCZkJhbEU4WFhLTmEtUllxSFBvTno2YndNUVJEU1RjNmRibDBvcHpsWlE5STlZMlB2dVF0Wm52bXBqY3NyVzVuVHU5akhHRHhaSUlrbXlyWVV3OWczaUY0N1kwVXdyZVV4VzdSNVFmQ2hHOExjdktHYTMtYmtW?oc=5","US","","FALSE"
"f3d15a0f4f918124","BBC World","rss","western-uk","2026-09-26T15:12:25Z","Security lapses at Utah campus where Charlie Kirk was killed, review says","The independent report also says Kirk's aides insisted he speak outdoors, overriding concerns from campus officials.","https://www.bbc.co.uk/news/articles/cq4g55r76d9lo?at_medium=RSS&at_campaign=rss","GB","https://ichef.bbci.co.uk/ace/standard/240/cpsprodpb/c708/live/4e426b20-b9b9-11f1-8b0a-2d37feea76dc.png","FALSE"
"1011a689bb73f4b6","Enab Baladi","rss","syrian-independent","2026-09-26T15:25:10Z","Education in Syria .. Challenges Beyond School Doors","Mohammed Jaffal &#124; Ghena Jabr &#124; Nour Kassem As the 2026-2027 school year begins, education in Syria faces a range [&#8230;]
The post Education in Syria .. Challenges Beyond School Doors appeared first on Enab Baladi.","https://english.enabbaladi.net/archives/2026/09/education-in-syria-challenges-beyond-school-doors/","SY","https://cdn.enabbaladi.net/english/wp-content/uploads/2026/09/%D8%B7%D9%84%D8%A7%D8%A8-%D9%8A%D8%AC%D9%84%D8%B3%D9%88%D9%86-%D8%B9%D9%84%D9%89-%D8%A7%D9%84%D8%A3%D8%B1%D8%B6-%D9%81%D9%8A-%D9%85%D8%AF%D8%B1%D8%B3%D8%A9-%D8%A7%D9%84%D8%B5%D8%A7%D9%84%D8%AD%D9%8A%D8%A9-%D8%A8%D8%AF%D9%8A%D8%B1-%D8%A7%D9%84%D8%B2%D9%88%D8%B1-%D9%84%D8%B9%D8%AF%D9%85-%D9%88%D8%AC%D9%88%D8%AF-%D9%85%D9%82%D8%A7%D8%B9%D8%AF-%D9%85%D8%B9-%D8%BA%D9%8A%D8%A7%D8%A8-%D8%A7%D9%84%D8%AA%D8%A3%D9%87%D9%8A%D9%84-%D9%88%D8%A7%D9%84%D8%AE%D8%AF%D9%85%D8%A7%D8%AA-10-%D8%A3%D9%8A%D9%84%D9%88%D9%84-2026-%D8%B9%D9%86%D8%A8-%D8%A8%D9%84%D8%AF%D9%8A.jpg","FALSE"
"4aabdf07092b222f","BBC World","rss","western-uk","2026-09-26T15:34:18Z","Watch: Bangkok declared flood disaster zone","Heavy rain over the last two days has overwhelmed Bangkok's water systems, with more rain forecast on Sunday.","https://www.bbc.co.uk/news/videos/cwp933mr9v1xo?at_medium=RSS&at_campaign=rss","GB","https://ichef.bbci.co.uk/ace/standard/240/cpsprodpb/b50d/live/cf665130-b9be-11f1-9190-07b6ee147cf1.jpg","FALSE"
"3687e331106d4209","DW English","rss","german","2026-09-26T15:39:00Z","Russia expected to intensify hybrid war on Europe","Drone explosions, airspace violations, arson attacks: Poland, Romania, and Moldova are now regularly targeted in Russian attacks against Ukraine. More governments are calling these attacks deliberate acts of aggression.","https://www.dw.com/en/russia-expected-to-intensify-hybrid-war-on-europe/a-79444596?maca=en-rss-en-world-4025-rdf","DE","","FALSE"
"05940bd95a6bb81e","BBC World","rss","western-uk","2026-09-26T15:46:40Z","Brazil's Lula bans online gambling ahead of presidential election","Lula, who is currently in a tight presidential race against Flávio Bolsonaro, said the industry was a ""cancer"" that he must ""remove"".","https://www.bbc.co.uk/news/articles/c914ddj21rzlo?at_medium=RSS&at_campaign=rss","GB","https://ichef.bbci.co.uk/ace/standard/240/cpsprodpb/c10f/live/bf3283b0-b95a-11f1-b4ff-03f89ad0727d.jpg","FALSE"
"527957f04ba5c1a8","BBC World","rss","western-uk","2026-09-26T15:48:51Z","German town bans 'stumbling stone' memorials to Nazi victims","Germany's education minister has branded the ban on the small brass memorial plaques a ""scandal"".","https://www.bbc.co.uk/news/articles/cqm2mm4y5dkko?at_medium=RSS&at_campaign=rss","GB","https://ichef.bbci.co.uk/ace/standard/240/cpsprodpb/c3b9/live/73f91880-b9c0-11f1-a430-4d16ee157c41.jpg","FALSE"
"2fa25d6c5ee6d30f","Associated Press","rss","western-wire","2026-09-26T15:52:00Z","European ministers discuss stronger border controls and fast-track migrant returns","","https://news.google.com/rss/articles/CBMipAFBVV95cUxQOTliYkFuM0xFaWFESUZTSU5MblRMQUFyRkZxS0ljczdzRnJWcklIdEplX2ZjazJ1b1RydHo4aVNQMVVwanpzV2xKNENsd3gtMEpqcWZ5SWRqZ253X2VPMDNJTGlpY0ZvRUlick5idXpMQ2Zxeng0el85SGM1ZXlOTDA5bF9YYVBXQzVkTWQyTHBiMFltbG1vYmhkajhBbWVIa0ktMg?oc=5","US","","FALSE"
"e0d775b5d218378f","Associated Press","rss","western-wire","2026-09-26T15:56:00Z","'We're not giving up': Beset by climate change, island nations act as conscience of a warming world","","https://news.google.com/rss/articles/CBMipgFBVV95cUxPZjlvZG5TRFZIZ29zTFJ5dUUzcDhUT0pyZFM1dEN5al9lUkVKUk96V2JmQnptcGZlV1dwUGtDSFBoQncwc2FZVGp3bExoT0M0Tm4xOVBnN19lNG0yZTdqT2dBQlU0UnkwZjVDZDRZVk9obWlhXzVIeVN5elN2OE1SQ01XTlFhemNjb3dYcExJQUpKUWRvcWNRbVEyVDRBRGtQRXVmaUtn?oc=5","US","","FALSE"
"c8b0fe28054c1d60","Associated Press","rss","western-wire","2026-09-26T16:01:00Z","Colombia extradites rebel leader to US as its security strategy aligns with Washington","","https://news.google.com/rss/articles/CBMikwFBVV95cUxNOGFDcUVqbVZoSmhqb2lwVWVjZExBYzlWY1Z1T1lBemhYUjVvSnh1TTVBRWlscVRtaXVWYUlWc1hHMnQ3RWJlZ1dxam1DZW9ROVROcm1zWHhfdXNsUExfbnc1X0hmVU9yRWVMcllIdDJjMElWWTR3aHhrQkNwQS1PNC05SGU1bjBQRDlNVjZKSjlMRGc?oc=5","US","","FALSE"
"ce9a33cf61eeb13e","North Press Agency","rss","syrian-kurdish","2026-09-26T16:19:41Z","Trump rejects Iran plan to reopen Strait of Hormuz","QAMISHLI, Syria (North Press) – U.S. President Donald Trump said on Saturday he rejected an Iranian proposal to reopen the Strait of Hormuz and halt regional fighting within seven days. Iranian Foreign Minister Abbas Araghchi said Friday that Tehran had conveyed the proposal to Washington through Qatari mediators during the United Nations General Assembly in [&#8230;]
The post Trump rejects Ira...","https://npasyria.com/en/141976/","SY","https://npasyria.com/en/wp-content/uploads/2026/09/9404603_1772015650.jpg","FALSE"
"b6aa030d75efc9d5","Associated Press","rss","western-wire","2026-09-26T16:25:00Z","China has kept its promise to stop funding overseas coal, but loopholes are helping coal expand","","https://news.google.com/rss/articles/CBMimgFBVV95cUxOR1c2N20tTnRKQ1cxbE9NdE42bVVRTEZ6dzRIZWVpcTNHYlNMazJxYzA5d2NmYTlyYUZjTldNc3dobURkQTRvLWdVN19iUk5jODJfbFZDdjlDSlpNYWNDV3puUXJQbTBtMi1SYkQ4c2tHS2RHTmlacFFmcS1uV1p5XzZKNDAzazdVNVNyWjlUcHlwTkI2VktSVTZ3?oc=5","US","","FALSE"
"dd2854e26f4bd2ed","Associated Press","rss","western-wire","2026-09-26T16:35:10Z","Wall Street week ahead: consumer confidence, inflation, employment updates","","https://news.google.com/rss/articles/CBMiqgFBVV95cUxQT1U1UmFUdU1PQVNoRXBES1c0OXV1aGRMWjB5dEFieDUxRVZQSVR6TWNtNWVSMlYtYkFqeGtXNEUwYzlpTTBMSEpCLU8zVENyVktPMzhHNi1NR216eEZPUHFJYkQ5RFFKeVBRN2JvWUNXZ3lfYlJrMi1JcVNKbkozQjhOSHpOeUJsMDZTc2YtZ01xYzlmdllWbVllbGZ0T0VjcHBDOUdLdGxvZw?oc=5","US","","FALSE"
"e2bb1b0093e298f9","Associated Press","rss","western-wire","2026-09-26T17:09:00Z","House Democrats plan vast oversight of Trump administration. Impeachment is an option","","https://news.google.com/rss/articles/CBMixwFBVV95cUxPcy10ZFE2SGc4eGtIcnVnWUNmQ0I3YTZJc3RwX21XNV9BOUpoVFBILURqSy1PRUNxeEtmVWZSRnFDYXBCbHVCdzRKZU9CdHg2bW5qaVhTY0lqTzhDTE0ySlZqaDJnbS1jSlF5aXE1ZzNCdFhUV0xheFY1dV9zLUNJVHZQdXNZcndoV3ZJYmY2SjBSdlJXQUhIeEhJYVJTS2Y2OGt5bXE4cEFBMUdfaDRvRDg0ZzZjMHFaLVB4MDVBLWpZNTFLa29V?oc=5","US","","FALSE"
"5e70551f5bc3a57e","Enab Baladi","rss","syrian-independent","2026-09-26T17:11:00Z","Protesters Enter “Abyat Hills” Project in Qudsaya, Rural Damascus","The post Protesters Enter “Abyat Hills” Project in Qudsaya, Rural Damascus appeared first on Enab Baladi.","https://english.enabbaladi.net/archives/2026/09/protesters-enter-abyat-hills-project-in-qudsaya-rural-damascus/","SY","https://cdn.enabbaladi.net/english/wp-content/uploads/2026/09/Protest-Against-the-Abayat-Hills-Housing-Project-in-Qudsaya-10.jpg","FALSE"
"8b851ef6d7159d42","Associated Press","rss","western-wire","2026-09-26T17:13:00Z","America In Focus: Money pressures climb as mortgage rate tops 7%, bond yields rise","","https://news.google.com/rss/articles/CBMijgFBVV95cUxNZ2EyOVZNRklrMHRKYmdma3BZT01YenNWRkdISXJCV0RvWGxteHdLbVFPSTJES0pLOVN3VldrS3JUY2RvUzM4ellZaHRJRnBLNnZ1NGwzcGwyOXcyREtlc2ZLQWRsVEpNdWpUSTdxTGwwYlhpaU9ESm5NOWFaUzdXNG85Rkg4MEtJbVNZSkdR?oc=5","US","","FALSE"
"f7651653c31dccd7","Associated Press","rss","western-wire","2026-09-26T17:21:00Z","By the Numbers: Pope Leo XIV’s open-air Mass in Paris draws many more than expected","","https://news.google.com/rss/articles/CBMiiAFBVV95cUxNWm9fVk80Uzhpd0xHMTJtYW1GT3RGc19EYndSWkN4OFlTOU9TcnNwQllYWFFQTWktcTdGYl8xaGg2Y296Q3V2NFg3WVhEZVhsb2JhQm9yUzFHUVdkLUthU1luV3MteVV4NFlOZmt1RkNQMXowdUg3Q1FzSGFfcVZheGtOWWYtYVY4?oc=5","US","","FALSE"
"cb59340e617b6239","Associated Press","rss","western-wire","2026-09-26T17:34:00Z","Kennedy Center put off planned repairs despite known structural issues, former employees allege","","https://news.google.com/rss/articles/CBMisAFBVV95cUxPZHJGdHdkVVlMTVBaV1hVeVFVQW1ianlvTkVKelZ3Ylk0YlVwcmE4R3ROVEhkQWdSZnlrdXI1WGFPZm5ZZ0x4SmtudnkyUmhZSjFxaWpKRUNPZzctblFvTlBSZXBDSjFwUnFPWmllbFB2MjB2bEEyYnpVUUtqQ1NDYmxtMlZ5ZTBPS2VGdEpZak1aNUpfRG9DMTRPYkFTWEFBcTNQX213MGdJYzlsdGRCSg?oc=5","US","","FALSE"
"3f27f5e7843981b3","Associated Press","rss","western-wire","2026-09-26T17:41:00Z","Bodies of 6 people, including 4 Americans, recovered from collapsed building in Athens","","https://news.google.com/rss/articles/CBMipAFBVV95cUxOd3Q1b3RINld2NHRkQU4ybk1VOHVnRGkxc2EwZFU3WFJKOV92WEhZSm1zbnptVHczYjIwLVBTU2tncklsQzgwN05RRFJQRFhBekV2Q2psUGpUWmRJTTZDaWxJOTVYbXdzcmc5d3dCRjZLTU5aa2FzNTFtQ1kwZ3oyeW1Fcldscm9KSDJpYjVseTJrLTI0clhwZEdzSW1ublVkYjFTeA?oc=5","US","","FALSE"
"469f83aeda0b2590","Associated Press","rss","western-wire","2026-09-26T17:42:00Z","China and US agree to establish AI safety channel and continue trade and military talks","","https://news.google.com/rss/articles/CBMimAFBVV95cUxQVDVpNXhQYUFNLTZHUVJkeGFXYnhyT0hFSm5CeEZxYi0wNTlxMjRxR3ZYdTNxa2I1bmVDZzRDWVRENFRkRTVmb2FxdDlweGpkOEJnODZpaXl1THFxcDQ5MDVNTWpBTVp1VEE4LU9NSjI4X0N5YjIzckFDU29HZktWWWlYWkMybTluQkZ0Mm5IY2NUSEEzeWp3OQ?oc=5","US","","FALSE"
"e5fef5e8ddb5aa94","DW English","rss","german","2026-09-26T18:08:00Z","Backlash over data centers tests Europe's AI ambitions","Massive data centers needed to run AI are triggering protests across Europe. Their operators counter that they boost digital sovereignty and energy independence.","https://www.dw.com/en/backlash-over-data-centers-tests-europe-s-ai-ambitions/a-79419800?maca=en-rss-en-world-4025-rdf","DE","","FALSE"
"f9dd7bbded67e730","Associated Press","rss","western-wire","2026-09-26T18:23:00Z","Russian and Ukrainian strikes leave 10 dead as Trump calls on Zelenskyy to 'settle with Putin'","","https://news.google.com/rss/articles/CBMilwFBVV95cUxNNDNsMG0xZTVncEU0MmMwRkdBUEVLNTZSM2V5cEdxMzROUUdIV0M3YmxFTnNiYjdCTVl4c0JaNFRLenhHTmFndWpjNWVWSl9qV0xGNWt1OUVCZHpSYzBCNFZldkhXdG5Oazl5RVlCTFdwNWY3X0JLbTc1TUtQX2VXTmVmYVhnTldZM19JVkpUaV9UZDV2eE5r?oc=5","US","","FALSE"
"a697a6295f34837a","Associated Press","rss","western-wire","2026-09-26T18:50:00Z","Heavy rain and flooding in Bangkok disrupts traffic and prompts evacuations","","https://news.google.com/rss/articles/CBMipAFBVV95cUxOWXlKVUxEWGNGYktRN01VOE1CbVY4SDhlemprYWVZUmVkdy1BZTh4UGp1TEMwc2tRb2JJTHZtWkRreXliLTBQbDNnUlNleWNxbGZNMUlabEZXd29QUDI4aUduQ1MyVE1mLXNJcnQ1QS11UHpzYWxSdVNiWExGbG9OcFFiTEZRZldwaUduRWdlUWpDWHFSLVQtUTA0RENHNUdLUXNhVg?oc=5","US","","FALSE"
"7470b982abdfba0f","BBC World","rss","western-uk","2026-09-26T19:16:14Z","White House bars CNN from travelling with Trump on Air Force One","CNN was scheduled to fly with US President Donald Trump for his trip to Tennessee on Saturday.","https://www.bbc.co.uk/news/articles/cxq633770y16o?at_medium=RSS&at_campaign=rss","GB","https://ichef.bbci.co.uk/ace/standard/240/cpsprodpb/4476/live/87b5fae0-b962-11f1-b1d1-571ed4d7ff2c.jpg","FALSE"
"4d73df020846aec9","Enab Baladi","rss","syrian-independent","2026-09-26T19:23:40Z","Iraq Imports US Gasoline via Syria Energy Corridor","The first shipments of high-octane gasoline imported by sea from the United States have begun traveling by truck from Syria’s [&#8230;]
The post Iraq Imports US Gasoline via Syria Energy Corridor appeared first on Enab Baladi.","https://english.enabbaladi.net/archives/2026/09/iraq-imports-us-gasoline-via-syria-energy-corridor/","SY","https://cdn.enabbaladi.net/english/wp-content/uploads/2026/09/Iraqi-oil-tankers.jpg","FALSE"
"ccfdcc54be93f851","Associated Press","rss","western-wire","2026-09-26T19:48:00Z","Ireland players vote to play contentious games against Israel, intend to wear black armbands","","https://news.google.com/rss/articles/CBMinwFBVV95cUxPOXRmeWs4VHM3bDNMejdJMjdFMDdGM2sxX29yRmhMdTlJdHVrZTBmSFpzZ09TbkJOX1lGNGkwR0N2T2xqUmRBbnJ1WHBhcS1MUjI2X1JYMEFvUUtsQXN6UkFZdUNjY3lSNXUtZk80dU5qY1BlemxYS05vTFRUYkZEc241VUJMcU9iMEQzWFoxejJiTWU0ZlIzY1BnQ3lpcmc?oc=5","US","","FALSE"
"49e11ffb7cf520ec","BBC World","rss","western-uk","2026-09-26T19:59:00Z","Republic of Ireland to wear black armbands for Israel game","Republic of Ireland players intend to wear black armbands ""in recognition of all lives lost in the [Gaza] conflict"" for match against Israel.","https://www.bbc.co.uk/sport/football/articles/ckddvv5dn4eyo?at_medium=RSS&at_campaign=rss","GB","https://ichef.bbci.co.uk/ace/standard/240/cpsprodpb/b748/live/e2ec7610-b9b6-11f1-929f-f1f9c2e672cb.jpg","FALSE"
"185f0b8a8875d8f1","Associated Press","rss","western-wire","2026-09-26T20:01:00Z","CNN says it was left off Air Force One for Trump’s Saturday trip to a college football game","","https://news.google.com/rss/articles/CBMinAFBVV95cUxNZEpla0E3cVNTSkdHWE5Lb0xLbk82YnlDRkJFYmxEU05HNnVHaFhPdTZuMXllaXh4LXdwS0NyRkR5a05pT0U1X1hNczdYMXRVREc1OG9xbTY2Y3RvbXZCQTIzWmRsTGtpWm5SbU5RNWJCbDNjeHREaGo5NW1Pd0xiWnc4MzV5SFhUOFhPUlllNU1pVUxLekp5VzFZc3c?oc=5","US","","FALSE"
"9a8cf9df7a86970e","BBC World","rss","western-uk","2026-09-26T21:13:13Z","Mother of woman found hanging in tree shocked as police say body was staged","Christy Spivey tells the BBC she only has more questions now police think Tasia Fortune's body was put in the tree after her death.","https://www.bbc.co.uk/news/articles/cq4gmmdl52rgo?at_medium=RSS&at_campaign=rss","GB","https://ichef.bbci.co.uk/ace/standard/240/cpsprodpb/a17c/live/ff226520-ac63-11f1-be57-03729df1d736.jpg","FALSE"
"8c014368846cda64","BBC World","rss","western-uk","2026-09-26T21:20:17Z","Are claims of a white genocide in South Africa real?","Thousands of white crosses have been displayed in Washington by an Afrikaner lobby group But South Africa's new ambassador Roelf Meyer says there is not a genocide.","https://www.bbc.co.uk/news/videos/cme8xx55eryno?at_medium=RSS&at_campaign=rss","GB","https://ichef.bbci.co.uk/ace/standard/240/cpsprodpb/59c1/live/741ac600-b92b-11f1-bc1f-3f186ca4140c.jpg","FALSE"
"a10cb6584af967bb","Associated Press","rss","western-wire","2026-09-26T21:30:00Z","Trump rejects Iran’s proposal to reopen the Strait of Hormuz and other Mideast news","","https://news.google.com/rss/articles/CBMioAFBVV95cUxOY3FURU1ld09YM0czSERoLWEtWEQwR1FSZm96NmpURkowVXNHQkRna0gzZEJXTWlKLUE5QW51U24tRFVHX2JDNUpvWVFyNWdGYVhaYThBVmJZMndzM1Z2eDVkVVViRG00M1k3YUpYdDE2azVBcmo4SmlhNDRSLW9Ra0taSTY1V0w3ektQdFpzQXhjTzNBNmxSalgxT0xGbC1y?oc=5","US","","FALSE"
"f10ca9e65fa2ec50","Associated Press","rss","western-wire","2026-09-26T21:47:00Z","Double pick-6s: Texas Tech LB Austin Romaine returns 2 interceptions for TDs on consecutive passes","","https://news.google.com/rss/articles/CBMilwFBVV95cUxPTTdJYVdNXzIxWm9HQnVtSkhoRjl1QVNkelg2SjBITjJrcXphaFI4cVZOUkVObW1iZEdRbkQwTWZPb19QbXRsRlhtUWlJYjkwdTRrUm1IY3VyZXV1ZDFPX3ZaNmRvNmhUeVBxZ3d6UC1tQmxFb05iVHZMaElmWm10eHJGTzI4MUROQzMwOVdaZ2RSc0ZBSHJv?oc=5","US","","FALSE"
"81e0eb6fb5c44d32","BBC World","rss","western-uk","2026-09-26T22:02:18Z","Young people in China are fangirling over a professor who gets their anxiety","China's economy and tech have developed at breakneck speed, but there is plenty worrying its Gen Z.","https://www.bbc.co.uk/news/articles/cq70dgdndr46o?at_medium=RSS&at_campaign=rss","GB","https://ichef.bbci.co.uk/ace/standard/240/cpsprodpb/c0ca/live/4a526d50-b8ea-11f1-ba42-19e1456ae537.jpg","FALSE"
"94088612fecfb1f7","Associated Press","rss","western-wire","2026-09-26T22:22:00Z","Colin Simmons' 5-sack day marred only by a vulgar celebration when he mimics urinating on field","","https://news.google.com/rss/articles/CBMimAFBVV95cUxNUWxKd1p0RDVNMWw1SE5NS1pMVzFVamlJSy1KUzJIVTkyMlFVMzUxYXQ2MkpzU1JVRC14NU0xOXVKWkRuYkYzQ0QwVDZTODFqcHp1YXlFb3hwbmp0Y3J2NmJkZzBtTm1RRXpfS1prT09faUpxdzRmZmx6dlJQTHFQY3dTNmFuVjFDVllvdldzZ2FLSDZDUWlJcQ?oc=5","US","","FALSE"
"522959c1d2ea3237","BBC World","rss","western-uk","2026-09-26T23:04:08Z","Killer Christa Pike is to be executed within days, but her defence say she's a victim too","Lawyers for Pike, who killed a fellow student in 1995, say she should get clemency and would not be sentenced to death if the crime happened today.","https://www.bbc.co.uk/news/articles/c6pwl9g9ne1lo?at_medium=RSS&at_campaign=rss","GB","https://ichef.bbci.co.uk/ace/standard/240/cpsprodpb/6c63/live/9ec92970-b8de-11f1-b1d1-571ed4d7ff2c.jpg","FALSE"
"6d67c1ae5cc1ee8f","Associated Press","rss","western-wire","2026-09-26T23:18:00Z","OpenAI pauses training of latest models after agents probed US government sites in unexpected ways","","https://news.google.com/rss/articles/CBMingFBVV95cUxQaWx0bFpIWjhrWmo5ODhSTzZ2U3hyYXhuLTQ3eEVFWk9vdGJZWC1nNHNoS1B3NVVKTUJBWjZRWnhiU2hNbnd2M1lpeG8zdHJjd05uQXlaQTJ2OGJiVHdqY2JKd0VTUEVNMWZhQlN6eHVMVF9RUDB2SW1vTE0teHlFaC1PaDBQY3NjUEs5aGhyT1ZNV3FjMG1XcUV1V2d4QQ?oc=5","US","","FALSE"
"bf8f74d1bcde3a36","Associated Press","rss","western-wire","2026-09-26T23:46:00Z","Verlander leaves final start of 21-year career as 7-year-old daughter sprints to the mound for hug","","https://news.google.com/rss/articles/CBMihwFBVV95cUxQZ1V3cnA1WUVZa1l3Z3Jpc2F4b2lTREFuUGhVelhBbXotQXl0LVRaQkR2UGF4enJoYlJBOE1aSjNVUVpua0dXSUpoU2hDZ2UwZ3pQWnNIbV9USTBNQmVHNkZQaWZJMW54dmJ1My1fSndIMTM5a010c2JSOFg0ZWhlVmM3TDNvdjA?oc=5","US","","FALSE"
"42af2a3926b9a056","Associated Press","rss","western-wire","2026-09-26T23:49:51Z","No. 1 Texas outlasts No. 14 Tennessee 20-17 in Knoxville as Simmons gets 5 sacks with Trump watching","","https://news.google.com/rss/articles/CBMiiAFBVV95cUxOMHFGM3JHV3huV2ZNeVM5TV9NZGkxRHZKelh5WW9nbXlWWms5NGNOQnJIY1QxNVBsZ293V1VJcE1VMEM1ZnN2TnI2NFJaUjFYODUwd0hBaFB0dC1fazFVZXJyUWRCdE1ZcG9KaFhKdV9Ed2haYWtCalhENHg5MHlpMWFiT3BHbnhI?oc=5","US","","FALSE"
"8c73c4e6c5c6840c","Associated Press","rss","western-wire","2026-09-27T00:13:00Z","No. 17 Iowa drives for last-play TD to beat No. 18 Michigan 20-19","","https://news.google.com/rss/articles/CBMihgFBVV95cUxQZ0FxX1BWTVJMU1dzS2NBVEtPcXJ2Z2ktQUkxaEpDekItajVLdm9JVktXT09yVTg0T2FpTHVNdkhJMm8wbUhuLUtoUF9zbGNRbGZTTjc2bmxuWlROOGNYSjVZbE8taHE5dEhKUTBUalRFVXVjLTg0LWZZVDc1WlQ4c2NUbFVuZw?oc=5","US","","FALSE"
"412c0fbbdc964987","Associated Press","rss","western-wire","2026-09-27T00:55:00Z","Pope Leo draws 800,000 people to central Paris for open-air Mass on iconic square","","https://news.google.com/rss/articles/CBMimwFBVV95cUxQbEJFcjNvV3FnbnMyU21pVDFZV1k0TzFRajdDb0hHaVlrcFZlWThrTDZqdEwtQjdsOUdGeWR4c0JUdE1BMEFzamc5SmtfT3FUWVB2Tm1aa3daSWRoM3JqUl8zMVZkLWdfVm8wdXoyNzBmXzRRYnBvdGptV08xYkFYT1VmZ21wSUlvRHppckpmWXhUdWpCX0Z4RVhaNA?oc=5","US","","FALSE"
"a1d92ee6410750ff","Associated Press","rss","western-wire","2026-09-27T00:58:00Z","87-year-old’s eviction becomes a rallying cry for protest of Spain’s housing crisis","","https://news.google.com/rss/articles/CBMimwFBVV95cUxPTVlVWVhHMFNRb0ozNUdpdWoyUjNOQm5BVUM0X1RZNmF3Q3c4emZtWjZXNndwclliUlhVQlp1SXV6WVVxRURBN0tRYjE5WlljS01waHBXaVM2c0xEOG9POG14bXFUbExJeGVkQ0JWYUg0RzNFUk41cDhxdm5kZUVMQ2tlU3VqS3ZqUzdONUFfWlJibVM0RkU0VDZwOA?oc=5","US","","FALSE"
"a030eecfe1b3e395","Associated Press","rss","western-wire","2026-09-27T00:58:00Z","Justin Verlander makes teary farewell to 21-year career as Tigers rally to beat Pirates 4-3","","https://news.google.com/rss/articles/CBMihwFBVV95cUxNT3NJdnRGdDdHQ0FJZzVwdjBId09ZT2RfOHh5dXA4S0U3dGd6dndrMVNURUEyN3JYdnN2MUVrUWN2NXJKQW1hWWNVWTRDdlJKUTNidF92SnBkSXpaUlhtc1JobmN6d2NabzBqb0IxRGZkelFWeGY2TVo4eXZqRjVKZUZ3eGJrdE0?oc=5","US","","FALSE"
"a185987991ae9748","Associated Press","rss","western-wire","2026-09-27T01:51:00Z","Tom Kim goes from Presidents Cup to Asian Games with a chance to be exempt from military service","","https://news.google.com/rss/articles/CBMitgFBVV95cUxOQ2ZMYXp0Q081eWc1MHlxZC1QdXJOS1dlSEVYM2lIN19YVU1fbzdMcC1OX2xoYUYwVzdQdjZYTXh3Vl9WNk5tQVd5UG02Y2NvdDI2eThuaDZxeHRkYjFWa0MxdGVCdGllYWYtNFRqMGd2eVNUWFR5SXlFUk1ycjdnMTRnZUxHNDRmM1pXTGliTVNyaFdKbHc2Y0V3eVdFbjRYSklSWm5SRTlXdU02QUFtb1ZZRlcydw?oc=5","US","","FALSE"
"6ef1fde408ea5cd5","Associated Press","rss","western-wire","2026-09-27T02:14:00Z","Russia's top diplomat rejects German calls to ease off its `dangerous' escalation toward the country","","https://news.google.com/rss/articles/CBMirgFBVV95cUxNSU14aTYxS3I5YTNMLVhSTEljNmc1cExlcmhSZ3hVa2NmQ0JlVkRCbEo2NFJ4QTlBXzhqU181WjBrUEFyYzc4dnpOamZDOTRNRGdDbnBCZV9xaWE0YUJBUkJQRHVxMHlHbk9aRmd1bG9LRTlxSWtRZlBOSkhtUDdOR29EVGQ3bXBPbWFjZ3pXYzhXaEl5cDkwejlOX3dpSzAyd3pPV01OMUNuQVM4RGc?oc=5","US","","FALSE"
"35859d13463455b0","Associated Press","rss","western-wire","2026-09-27T02:25:00Z","Jadan Baugh and No. 21 Florida run roughshod over 4th-ranked Ole Miss, 52-28 in the Swamp","","https://news.google.com/rss/articles/CBMijgFBVV95cUxOY0JyWTd3WlRweXE4a2ZVUkRZVXNhMVBkNUVkWnk1Zkg5SWRtRjZKS2QyRU1rMC1GdDdRUnpySlc0NnRUbjY0V2FHbGx3UTJjLUIxajRrQndjeU9lZnZXSV9qU3hzNW5JajNnOG13MnhKanprMGYtQkhSWXpLQmhpSUtUN2NlMWVQaVBYX0JR?oc=5","US","","FALSE"
"3ac1bd271f7c8a34","BBC World","rss","western-uk","2026-09-27T02:43:10Z","Four killed in helicopter crash near Montreal","The victims of the crash have not yet been identified, Quebec provincial police told the BBC.","https://www.bbc.co.uk/news/articles/c3grvv7p81lqo?at_medium=RSS&at_campaign=rss","GB","https://ichef.bbci.co.uk/ace/standard/240/cpsprodpb/d390/live/1c1bd500-ba1d-11f1-9108-e745779fe632.jpg","FALSE"
"13d488aaad8b3ff8","Associated Press","rss","western-wire","2026-09-27T02:44:00Z","A persistent nor'easter batters US Northeast, causing coastal flooding, outages and at least 1 death","","https://news.google.com/rss/articles/CBMijAFBVV95cUxQYTRxZy15dFhRT2NCY19sbWxoNmk0bGhHcEtHUzRXZmVjc2RtTWxGV2ZyRVFwb3FUSXhwbU0zdmdrTkxqMXhEOTA1SjI2d0dESzItVmxMNk9kWG9hY2ROWEhVSVZ1bGdiMm0yVE1QYnRSanVtSU1lN002aEtsWXVuc0F1SkhHZHNqLXZ4VA?oc=5","US","","FALSE"
"fe0fcd277e0f2d1f","BNO News","rss","wire-fast","2026-09-27T02:45:40Z","Helicopter crashes in Quebec, killing 4 people","A helicopter crashed in the Canadian province of Quebec on Saturday, killing the pilot and three passengers, according to local officials. There were no survivors. The accident happened just after 2:30 p.m. on Saturday when the helicopter went down and caught fire in a cornfield in Sainte-Brigide-d&#8217;Iberville, a town about 25 kilometers (25 miles) southeast [&#8230;]
The post Helicopter cr...","https://bnonews.com/index.php/2026/09/helicopter-crashes-in-quebec-killing-4/","","","TRUE"
"1d33b4f6c0b8491a","DW English","rss","german","2026-09-27T03:33:00Z","Powerful storm batters northeast US, hundreds of flights canceled","Hundreds of flights were canceled and thousands were delayed as a nor'easter brought flooding, power cuts and travel disruption to cities like New York, Boston and Philadelphia.","https://www.dw.com/en/powerful-storm-batters-northeast-us-hundreds-of-flights-canceled/a-79446676?maca=en-rss-en-world-4025-rdf","DE","","FALSE"
"88ba57008a84c569","Associated Press","rss","western-wire","2026-09-27T04:19:00Z","Gunmen target ambulance in Pakistan after suicide bombing at checkpoint killed 12","","https://news.google.com/rss/articles/CBMiiwFBVV95cUxOd1JTRGdCNzVjMUkzSmE4cTA3Szh6WE8zNlpLQlRmSGdIRDVoTkVSN1VvS3dqZlBQSUlXSVVwX2xwV0tOVTZ6aUlySExzR2w4RzhwZHlwQlhlVmFfdDZTTWNSSW9KdkpYdGRkeVpXcmgyNzZuZ3FxUm9qbUtCalcwaVNEcm1meS1GU1lJ?oc=5","US","","FALSE"
"8e404f8a2880deaf","Associated Press","rss","western-wire","2026-09-27T04:20:48Z","investigations-scams","","https://news.google.com/rss/articles/CBMiUEFVX3lxTE9mZXgtQlhJSkJUSjdlYmZrR0s3S1R2dEp4YVRGa0pYLWJ2bmNJMkhCZWNreGloeXZIbmZQdzRHbW82bk96QTFqOXNrWGtBZWhV?oc=5","US","","FALSE"
"e04f50679fffb5a5","Associated Press","rss","western-wire","2026-09-27T04:35:00Z","Phillies can salvage a late collapse and take final NL wild card in season finale","","https://news.google.com/rss/articles/CBMijwFBVV95cUxOdFoyWXBjaDJBaXBzd2FaODJteWZhMk5aR3ktdlE5ckFkeXhaYUNycjV3Z1RwLUE4Mlo1V0ZwUXF2aG5zNWYwTjFrVTB6c25XV21rYjd4aHBmV09hOXdjMnNZcXc1TmU4NWdlNkhZR0E0N0pCeXVidEVPdEhhM1pIdDhPbUFKU0ZnMHA5cWxsbw?oc=5","US","","FALSE"
"9816cc446ef14ef9","BBC World","rss","western-uk","2026-09-27T04:45:08Z","Bangkok roads submerged as flood disaster declared","Authorities said the heavy rains have subsided but the flooding is not yet over.","https://www.bbc.co.uk/news/articles/ck1wxx8n2x3zo?at_medium=RSS&at_campaign=rss","GB","https://ichef.bbci.co.uk/ace/standard/240/cpsprodpb/2b19/live/342eea60-b978-11f1-97d9-a9cee45390c5.jpg","FALSE"
"9e3f15a5722f5b0b","Associated Press","rss","western-wire","2026-09-27T05:59:55Z","Golf","","https://news.google.com/rss/articles/CBMiQEFVX3lxTE9RUlJ6amlDc3NsdWNwM2ZpeU1OQnBiMWxWbGhWMUVHWmZSY0taVTZsRnNyWC00ZTQxd3RjcS15SzQ?oc=5","US","","FALSE"
"7a1b67d9f4bdec94","North Press Agency","rss","syrian-kurdish","2026-09-27T06:10:34Z","Lavrov says Russia ready to assist Syrian Kurds if requested","QAMISHLI, Syria (North Press) – Russian Foreign Minister Sergey Lavrov on Saturday said Moscow remains ready to assist Syria&#8217;s Kurds if requested, while denying that Syria’s new authorities have banned the Kurdish language. “I have not heard that the Kurdish language was banned, that is not the case at all,” Lavrov told Rudaw’s Namo Abdulla [&#8230;]
The post Lavrov says Russia ready to a...","https://npasyria.com/en/141979/","SY","https://npasyria.com/en/wp-content/uploads/2026/09/TASS_83271823.jpg","FALSE"
"acbaf494047dad66","Associated Press","rss","western-wire","2026-09-27T06:12:00Z","Crunch time: Fuel price spike squeezes French baguette bakers as heating oil costs soar","","https://news.google.com/rss/articles/CBMioAFBVV95cUxPVkU3UDVwWEtVMXdPLWoyeGVIX3FOSV9kM3RuMVJTUzR5YmJka3oxZ2x6QVFtdkJJV2JqWlVWVHptZDk5UG1kb1dnZURNdC1jdkIyN0NWbjR0YlpFR0c4OGw5dEs5aFZjanItVnBzcGxkcVJuU3Q2WTcwUllOX0xmUWJuTE9BQ0lBa1dnUE85YUJES1NNbW0tRmxOTDB2VGpZ?oc=5","US","","FALSE"
"7a5873cda53e6193","North Press Agency","rss","syrian-kurdish","2026-09-27T06:41:23Z","Lavrov accuses Europe of blocking Ukraine peace talks","QAMISHLI, Syria (North Press) – Russian Foreign Minister Sergey Lavrov on Saturday accused European countries of obstructing efforts to end the war in Ukraine, as Russian and Ukrainian strikes killed at least 16 people over the previous 24 hours. Speaking at the UN General Assembly, Lavrov said Europe was seeking to prevent talks supported by [&#8230;]
The post Lavrov accuses Europe of blocking...","https://npasyria.com/en/141983/","SY","https://npasyria.com/en/wp-content/uploads/2026/09/تنزيل-4.webp","FALSE"
"663bad83013a046a","North Press Agency","rss","syrian-kurdish","2026-09-27T06:47:05Z","Germany, Syria begin talks on return of Syrian migrants","QAMISHLI, Syria (North Press) – Germany and Syria began talks on the return of Syrians living in Germany, Interior Minister Alexander Dobrindt told Rudaw on Saturday, saying the two countries have yet to reach a final agreement. “We have started talks with Syria after his [Syrian Transitional President Ahmad al-Sharaa’s] visit to Germany,” Dobrindt told [&#8230;]
The post Germany, Syria begin t...","https://npasyria.com/en/141986/","SY","https://npasyria.com/en/wp-content/uploads/2026/05/b0c3f6b0-be4c-11f0-8456-eff94716b162.webp","FALSE"
"8c248e8daa6dd043","North Press Agency","rss","syrian-kurdish","2026-09-27T07:08:13Z","Syria studies unusual geological phenomena at volcanic field in Hasakah","HASAKAH, Syria (North Press) – Syria’s geology agency on Saturday said it is studying steam, ground subsidence and cracks at a volcanic field near Hasakah, northeastern Syria, saying current data are insufficient to link the phenomena to renewed volcanic activity. The General Establishment for Geology and Mineral Resources said it is continuing to study geological [&#8230;]
The post Syria studi...","https://npasyria.com/en/141988/","SY","https://npasyria.com/en/wp-content/uploads/2026/09/01.jpg-1-750x430-1.jpeg","FALSE"
"654d304d343e8f48","Associated Press","rss","western-wire","2026-09-27T07:22:00Z","Ethiopians celebrate Meskel holiday with pomp, despite recent fighting in Tigray","","https://news.google.com/rss/articles/CBMiigFBVV95cUxNLXpyWTlhdmpZTU1KbnV5QkV3REZFS3ZsQVJvMjJnTHpad2RjTWNESWNKVE1xdkRweDE5aV8tRzFMWlFDdXB5ckEtUGFDaHJ4VTVTUGthRGFyRVhvdHR3SkJUa3FKRTVxRC13S3Y4ZWFEeWlSUW1pRThWRWItNlVqQnFnV29MaENPTUE?oc=5","US","","FALSE"
"aeb3ceaa5298f9c7","Associated Press","rss","western-wire","2026-09-27T07:40:00Z","Hurricane Nolo skirts Hawaii but could still unleash powerful winds, flash flooding","","https://news.google.com/rss/articles/CBMiiAFBVV95cUxPaFVfUjJkdUtyOVZ6SGkyOWVzYnNZLXJ3bXpScGNjVTZ2Tm9mTzY5ZU9ZQTBuS2VlNzFKbm9tRmtSSFZsQXZ2djkzNjgzVHd4TUVFQjg1ZFpzdWozdUprZi1QSjJaVEEyLUFvdUZmZTAwT2J5eHl2SlVvRHFnQXJ4Q2JGZndCLUxo?oc=5","US","","FALSE"
"963bd9b2c945d2f9","BBC World","rss","western-uk","2026-09-27T07:44:11Z","Iranian minister says only negotiation can end conflict after Trump rejects Hormuz deal","The foreign minister says Tehran is waiting for an official rejection of a deal, despite the US President's comments.","https://www.bbc.co.uk/news/articles/cmvgyyw2jeego?at_medium=RSS&at_campaign=rss","GB","https://ichef.bbci.co.uk/ace/standard/240/cpsprodpb/c2f6/live/86e0e040-ba15-11f1-851b-7de4b36a82e3.jpg","FALSE"
"ad38669405901b99","DW English","rss","german","2026-09-27T08:05:00Z","No public mentions of Taiwan at official Xi and Trump meeting","At a high-profile summit between Presidents Donald Trump and Xi Jinping in Washington, there was much talk of trade and artificial intelligence. One of the most contentious issues, Taiwan, was only discussed in private.","https://www.dw.com/en/no-public-mentions-of-taiwan-at-official-xi-and-trump-meeting/a-79445378?maca=en-rss-en-world-4025-rdf","DE","","FALSE"
"39f4f3ca39a7b808","DW English","rss","german","2026-09-27T08:07:00Z","Iran sticks to Hormuz plan after Trump rejects it","Iranian officials that while they were aware of Trump's comments on rejecting the new proposal, they had not received a formal message rejecting the plan that would open the Strait of Hormuz.","https://www.dw.com/en/iran-sticks-to-hormuz-plan-after-trump-rejects-it/a-79447432?maca=en-rss-en-world-4025-rdf","DE","","FALSE"
"5847a67de84aa355","Associated Press","rss","western-wire","2026-09-27T08:10:00Z","Separate mass shootings in South Africa townships leave at least 27 people dead","","https://news.google.com/rss/articles/CBMipAFBVV95cUxNM1p0XzlLWkttRzh2ZTUxRlJqYXJHTHl0TDUtdDJmMXM2dFFjNnZUUFhGZnVrUXBILTVkNjNyVVRUVlc1dDdEbVh2QXVIMnFFMXh3bm5nNHhvVFp1dE1EclFjb2RTME1IRzhfbWw5VjlBZ1lWbTFzTEJYclpyZnhHc2JCV0dPZkJqMkdzQUM0LURCbHFZdTJSejRHSjJ0NUJ0SksyNw?oc=5","US","","FALSE"
"409e09a78dfd6e60","Al Jazeera","rss","gulf","2026-09-27T08:10:22Z","Israel’s Netanyahu criticises opposition uniting against him for elections","Five opposition leaders agree to cooperate to boost voter turnout to secure a majority in the October 27 elections.","https://www.aljazeera.com/news/2026/9/27/israels-netanyahu-criticises-opposition-uniting-against-him-for-election?traffic_source=rss","QA","","FALSE"
"5de517b10ecdcedd","Al Jazeera","rss","gulf","2026-09-27T08:22:01Z","Photos: Pope Leo draws hundreds of thousands for open-air Mass in Paris","Pope Leo XIV celebrates an open-air mass for hundreds of thousands of believers on the Champs-Elysees.","https://www.aljazeera.com/gallery/2026/9/27/photos-pope-leo-draws-hundreds-of-thousands-for-open-air-mass-in-paris?traffic_source=rss","QA","","FALSE"
"f0e17ca4da701799","Al Jazeera","rss","gulf","2026-09-27T08:26:24Z","Suicide bombing in northwest Pakistan kills at least 12","A vehicle laden with explosives rammed into a roadside checkpoint in Pakistan, killing at least a dozen people.","https://www.aljazeera.com/video/newsfeed/2026/9/27/suicide-bombing-in-northwest-pakistan-kills-at-least-12?traffic_source=rss","QA","","FALSE"
"db4f53094c980c8c","Al Jazeera","rss","gulf","2026-09-27T08:35:25Z","Djibouti urges world to help as Yemen war drives refugee influx","Djibouti urges world to help as Yemen war drives refugee influx","https://www.aljazeera.com/video/newsfeed/2026/9/27/djibouti-urges-world-to-help-as-yemen-war-drives-refugee-influx?traffic_source=rss","QA","","FALSE"
"9ba661ece5c33eba","Al Jazeera","rss","gulf","2026-09-27T08:49:32Z","Iran shifts trade north to Caspian Sea as war impairs Strait of Hormuz","Iran is looking for alternatives to export its oil as the US blockades its southern ports.","https://www.aljazeera.com/economy/2026/9/27/can-iran-shift-trade-north-to-caspian-sea-as-war-impairs-strait-of-hormuz?traffic_source=rss","QA","","FALSE"
"0edaec45ff00f0b5","Al Jazeera","rss","gulf","2026-09-27T08:49:47Z","Massive Attack singer arrested over pro-Palestine protest in UK","Massive Attack singer arrested over pro-Palestine protest in UK","https://www.aljazeera.com/video/newsfeed/2026/9/27/massive-attack-singer-arrested-over-pro-palestine-protest-in-uk?traffic_source=rss","QA","","FALSE"
"210707adedd708ea","BBC World","rss","western-uk","2026-09-27T08:51:23Z","Before BTS and Blackpink, there was Big Bang: Now the Kings of K-pop are back","Big Bang played London's Tottenham Hotspur Stadium, marking a long-awaited return for the group that helped build the blueprint for modern K-pop.","https://www.bbc.co.uk/news/articles/cq39me84zrkdo?at_medium=RSS&at_campaign=rss","GB","https://ichef.bbci.co.uk/ace/standard/240/cpsprodpb/3d92/live/d59735e0-b8ee-11f1-a698-ff5dd8cb1a06.jpg","FALSE"
"bd0de31118045e4f","Al Jazeera","rss","gulf","2026-09-27T08:59:38Z","Five arrested on ‘terrorism’ charges in UK near base used to strike Iran","Police evacuated about 85 households and cordoned off the area as bomb disposal experts examined three vehicles.","https://www.aljazeera.com/news/2026/9/27/uk-police-evacuate-homes-near-air-base-used-by-us?traffic_source=rss","QA","","FALSE"
"83b1101da75b6cf4","North Press Agency","rss","syrian-kurdish","2026-09-27T09:18:35Z","Rojava University urges transparent, decentralized integration with Syria","QAMISHLI, Syria (North Press) – Rojava University on Saturday called for greater clarity and dialogue over its integration process with Syria’s Ministry of Higher Education and Scientific Research, saying delays have raised concerns as the new academic year approaches. In a statement, the university said the process has been underway for some time but that [&#8230;]
The post Rojava University u...","https://npasyria.com/en/141991/","SY","https://npasyria.com/en/wp-content/uploads/2026/09/مبنى-جامعة-روجآفا-في-القامشلي-نورث-برس-750x430-1.jpg","FALSE"
"6b0c10b3b1f23671","Al Jazeera","rss","gulf","2026-09-27T09:19:37Z","Malaysia’s Ng, Subramaniam book LA28 Olympics berth with Asian Games gold","The top seeds defend their Asian Games squash titles, becoming the first players to qualify for the Los Angeles Games.","https://www.aljazeera.com/sports/2026/9/27/malaysias-ng-subramaniam-book-la28-olympics-berth-with-asian-games-gold?traffic_source=rss","QA","","FALSE"
"e21aa8197b3debf8","Al Jazeera","rss","gulf","2026-09-27T09:44:00Z","Plane carrying DR Congo military delegation crashes","A plane carrying a Congolese military delegation crashed in DR Congo, killing 17 people, including four civilians.","https://www.aljazeera.com/video/newsfeed/2026/9/27/plane-carrying-dr-congo-military-delegation-crashes?traffic_source=rss","QA","","FALSE"
"10edc2d940123e47","Al Jazeera","rss","gulf","2026-09-27T09:59:21Z","Yemen government forces widen attacks against Houthis: What we know","Yemeni government forces claim multiple air and ground operations across Taiz in 24 hours.","https://www.aljazeera.com/news/2026/9/27/yemen-government-forces-widen-attacks-against-houthis-what-we-know?traffic_source=rss","QA","","FALSE"
"55d161afbf389392","Al Jazeera","rss","gulf","2026-09-27T10:01:33Z","Israeli minister Bezalel Smotrich calls for war in occupied West Bank","Comments come as Israeli authorities announce military closure across occupied West Bank, citing Jewish holiday Sukkot.","https://www.aljazeera.com/news/2026/9/27/israeli-minister-bezalel-smotrich-calls-for-war-in-occupied-west-bank?traffic_source=rss","QA","","FALSE"
"24c5f96e673d08fc","Associated Press","rss","western-wire","2026-09-27T10:06:00Z","Rio residents find their own way to tackle gangs as crime dominates Brazil’s election","","https://news.google.com/rss/articles/CBMilgFBVV95cUxQU0xDZlRYRGJZY2dDanUwd3ZpRDhBblJLN2pZb1IxM2NLazI2NGM0RzBzZ0VKT2dBUUdTVWRIc0FFQTFuUUpONG9WbEQ4b1F4a2RTNTBZU3Z0THFyc3U1SkV3YXBhTkhFemlpR0JZLUtIcTJlbzZxTDk0dVdCT2c5Wm9KY1BtVlFFR2JnSVdZTlhMWEpJNkE?oc=5","US","","FALSE"
"f9a6ca926a0149da","North Press Agency","rss","syrian-kurdish","2026-09-27T10:15:15Z","Syria reconstruction deals lack critical rights framework – HRW","QAMISHLI, Syria (North Press) – Syria’s transitional government is signing billions of dollars in reconstruction deals without a legal framework to protect the rights of people affected by rebuilding projects, Human Rights Watch (HRW) said on Sunday. In a report, HRW said that the government’s reconstruction rules do not require authorities or developers to consult [&#8230;]
The post Syria reco...","https://npasyria.com/en/141994/","SY","https://npasyria.com/en/wp-content/uploads/2026/09/55555.jpg","FALSE"
"e9ef485b9835f9c7","Al Jazeera","rss","gulf","2026-09-27T10:26:21Z","‘My hands are empty’: Displaced Palestinians struggle to survive","In Tulkarem and other West Bank cities, displaced Palestinians are being forced deeper into debt and poverty.","https://www.aljazeera.com/features/2026/9/27/my-hands-are-empty-displaced-palestinians-struggle-to-survive?traffic_source=rss","QA","","FALSE"
"a4fe9202a4006cf2","North Press Agency","rss","syrian-kurdish","2026-09-27T11:01:27Z","Syria expects over $1 billion in foreign capital for new banks","DAMASCUS, Syria (North Press) – Central Bank of Syria Governor Mohammad Safwat Raslan on Sunday said he expects foreign capital flowing into Syria to establish new banks to exceed $1 billion in the coming period. Raslan told Syria&#8217;s state-run news agency (SANA) that licensing Islamic and conventional banks is subject to regulatory standards, primarily applicants’ [&#8230;]
The post Syria...","https://npasyria.com/en/141997/","SY","https://npasyria.com/en/wp-content/uploads/2026/09/Syrian-coastal-fires-1-1-1.jpg","FALSE"
"12634368685417c1","Al Jazeera","rss","gulf","2026-09-27T11:04:30Z","‘No role for UNRWA in Gaza’: Does the Board of Peace toe Israeli lines?","Board of Peace excludes UNRWA from Gaza, aligning with repeated Israeli calls to sideline the refugee aid agency.","https://www.aljazeera.com/news/2026/9/27/no-role-for-unrwa-in-gaza-does-the-board-of-peace-toe-israeli-lines?traffic_source=rss","QA","","FALSE"
"fb2ef495856d8be5","BBC World","rss","western-uk","2026-09-27T11:38:03Z","'Scourge' of abuse must be rooted out, says Pope, during Lourdes visit","Pope Leo spoke to bishops before leading a service attended by thousands of worshippers in France.","https://www.bbc.co.uk/news/articles/cm5y5nj8ejj8o?at_medium=RSS&at_campaign=rss","GB","https://ichef.bbci.co.uk/ace/standard/240/cpsprodpb/a459/live/8d44b4c0-ba56-11f1-9a84-01517feb24bf.jpg","FALSE"
"8eefe200a48a879e","Associated Press","rss","western-wire","2026-09-27T11:40:00Z","Palestinian death toll in Gaza war rises above 74,000 since the war began and other Mideast news","","https://news.google.com/rss/articles/CBMiqwFBVV95cUxNN2lsZXMteVl2UXhnTWE4UWl6eG9FUE50RFkzN3V0cFlQZldUeDF2YTlGVlpmMmxMX0cwQUdrQ0ctVWZMaTcyeU15bnN1dXM4YmNsd2tUMnRjR0JXUWtYRGw3S1I0azUtSjQ5RnZOOTdJa3pYVzRaSmptb25xVmNlRUZOTV8tVmxJZW14S2c2c3kxVklLTUwxeFlqNFp5Q2U4ODNTLXhoRWJiQTA?oc=5","US","","FALSE"
"067c560f643dffe8","Enab Baladi","rss","syrian-independent","2026-09-27T11:51:48Z","Ahmed al-Sharaa at UN: Reassurance, No Escalation With Israel","Enab Baladi, Rkkan al-Khder One year after his first participation, Syrian President Ahmed al-Sharaa returned on September 23 to deliver [&#8230;]
The post Ahmed al-Sharaa at UN: Reassurance, No Escalation With Israel appeared first on Enab Baladi.","https://english.enabbaladi.net/archives/2026/09/ahmed-al-sharaa-at-un-reassurance-no-escalation-with-israel/","SY","https://cdn.enabbaladi.net/english/wp-content/uploads/2026/09/%D8%A7%D9%84%D8%B1%D8%A6%D9%8A%D8%B3-%D8%A7%D9%84%D8%B3%D9%88%D8%B1%D9%8A-%D8%A3%D8%AD%D9%85%D8%AF-%D8%A7%D9%84%D8%B4%D8%B1%D8%B9.jpg","FALSE"
"5eb25433fe41d88b","UN News","rss","institutional","2026-09-27T12:00:00Z","The Takeaway: UN General Assembly debate Day 5","From artificial intelligence to migration, some of the forces reshaping the twenty-first century took centre stage at the UN General Assembly on Saturday. Leaders wrestled with a common dilemma: how to harness profound technological and social change without allowing it to deepen the divisions already separating countries and communities. This edition of The Takeaway distils key points from Day...","https://news.un.org/feed/view/en/story/2026/09/1168462","UN","https://global.unitednations.entermediadb.net/assets/mediadb/services/module/asset/downloads/preset/Collections/Embargoed/2026/09/23-09-2026-UN-Photo-UNGA81-press-pool.jpg/image560x340cropped.jpg","FALSE"
"fdf783522022540c","Al Jazeera","rss","gulf","2026-09-27T12:02:50Z","Floods and landslides kill at least 56 people in India, 12 in Nepal","Authorities report increasing death toll over three days as rivers rise above danger levels in parts of both countries.","https://www.aljazeera.com/news/2026/9/27/floods-and-landslides-kill-at-least-56-people-in-india-12-in-nepal?traffic_source=rss","QA","","FALSE"
"3bceff3425cfeb21","Associated Press","rss","western-wire","2026-09-27T12:04:06Z","Strait of Hormuz","","https://news.google.com/rss/articles/CBMiUEFVX3lxTFBlVXpqWmtzbXMtZ2s4UUNsVEZvUnNvUFNoRWNVei1nVkhsZGtmVDd3ajJTaUJoYmRsbHZDM1hoaGlVV25VVDNsTDdhOW9aVUdV?oc=5","US","","FALSE"
"48ff8c3413a9a1b9","Associated Press","rss","western-wire","2026-09-27T12:06:00Z","Early results show Swiss voters are on track to reject a push to tighten neutrality rules","","https://news.google.com/rss/articles/CBMitwFBVV95cUxPSXFyNkpXRHJzY0NPaEJRcG1rREF5ZkZ4d1Ftb3d2c2pqQjlPSml2NFVCS3RNMml2dVd1ME1iQ0QtMDJoVnhqRWVvcFJ2VnA5NGpiNmdKbG1HQVdHdUFDV1MtN2h3OWtsTUp2bTdWbmJoX2Y0T1RMRzFVTjE3bXpWMFhyMkdaSkktNFBVS3BNNnZIUElhTHBtcDdmNDMwQVVpaWViNHJ0T2ZqOXdEblQ2N2VSYnQySG8?oc=5","US","","FALSE"
"e2553e5811ce299f","North Press Agency","rss","syrian-kurdish","2026-09-27T12:17:51Z","Iran says armed forces ready for potential new U.S. attack","DAMASCUS, Syria (North Press) – Iranian armed forces are fully prepared for any new U.S. attacks, army spokesperson Mohammad Akraminia said on Sunday, after U.S. President Donald Trump said he had rejected an Iranian proposal to reopen the Strait of Hormuz and end the fighting. Akraminia warned that the United States would suffer greater damage [&#8230;]
The post Iran says armed forces ready fo...","https://npasyria.com/en/142000/","SY","https://npasyria.com/en/wp-content/uploads/2026/09/9999999999.jpg","FALSE"
"3d01042645b5cf7f","Associated Press","rss","western-wire","2026-09-27T12:29:00Z","Sea level rise is reshaping a California beach town and threatening a key rail line","","https://news.google.com/rss/articles/CBMipAFBVV95cUxOeUNzY1NCOVpjMkNBd3hadk5yU2hoNnhwMVYyT2g3N1dFY0lRVmtBdkxJYnE1azN3bmt6T2FxMWlLSW84NWV1NjQ4LURKQVhWcEVsTzVCd1BCT2lhZUtSSFBQd1lUSXZUaEI1LVViZWZIT3pMelh2T2ZjWENyRlIwT2hOMlc4aGkyLWg5dmc4a3NEY2hGbDhEY2dHMG5aNkVNU2h4eg?oc=5","US","","FALSE"
"a0ce1574af034d6c","Al Jazeera","rss","gulf","2026-09-27T12:34:13Z","Political rallies fill Brazil’s streets a week before elections","Rival political rallies have been held in Brazil as campaigns intensify with one week to go until election day.","https://www.aljazeera.com/video/newsfeed/2026/9/27/political-rallies-fill-brazils-streets-a-week-before-elections?traffic_source=rss","QA","","FALSE"
"8bce62401c9c0e1d","BBC World","rss","western-uk","2026-09-27T12:34:26Z","One dead as nor'easter storm pummels New York and New Jersey","Tens of millions of people from Maine to Virginia found themselves in the path of the powerful weather system.","https://www.bbc.co.uk/news/articles/ck1wxxzn5jndo?at_medium=RSS&at_campaign=rss","GB","https://ichef.bbci.co.uk/ace/standard/240/cpsprodpb/02b2/live/68ead9b0-b9ca-11f1-bc1f-3f186ca4140c.jpg","FALSE"
"cf9c6e40e4bbe8ca","BBC World","rss","western-uk","2026-09-27T12:36:57Z","Ten climbers missing after avalanche hits Himalayan base camp","The Nepali team was preparing to take overseas climbers up the Himlung Himal peak.","https://www.bbc.co.uk/news/articles/cwjdvml9e897o?at_medium=RSS&at_campaign=rss","GB","https://ichef.bbci.co.uk/ace/standard/240/cpsprodpb/b2f6/live/f8a40890-ba6c-11f1-a109-c7409015a263.jpg","FALSE"
"9eafd9ba30f0b402","Al Jazeera","rss","gulf","2026-09-27T12:45:42Z","Swiss voters reject tighter neutrality rules in referendum","About 71 percent of voters oppose initiative to impose stricter limits on neutrality.","https://www.aljazeera.com/news/2026/9/27/swiss-voters-set-to-reject-tighter-neutrality-rules-in-referendum?traffic_source=rss","QA","","FALSE"
"0125c07203bc8523","Enab Baladi","rss","syrian-independent","2026-09-27T12:48:32Z","What Is Behind Syria’s Weapons Depot Explosions?","Enab Baladi, Yazan Kur Weapons and ammunition depots and storage sites have repeatedly exploded across different parts of Syria during [&#8230;]
The post What Is Behind Syria’s Weapons Depot Explosions? appeared first on Enab Baladi.","https://english.enabbaladi.net/archives/2026/09/what-is-behind-syrias-weapons-depot-explosions/","SY","https://cdn.enabbaladi.net/english/wp-content/uploads/2026/09/%D8%AF%D8%AE%D8%A7%D9%86-%D9%8A%D8%AA%D8%B5%D8%A7%D8%B9%D8%AF-%D9%85%D9%86-%D9%85%D8%B3%D8%AA%D9%88%D8%AF%D8%B9-%D8%A3%D8%B3%D9%84%D8%AD%D8%A9-%D8%B9%D9%82%D8%A8-%D8%A7%D9%86%D9%81%D8%AC%D8%A7%D8%B1-%D9%88%D9%82%D8%B9-%D9%81%D9%8A-%D9%82%D8%B1%D9%8A%D8%A9-%D8%A7%D9%84%D8%B9%D9%8A%D8%B3-%D8%A8%D8%B1%D9%8A%D9%81-%D8%AD%D9%84%D8%A8-%D8%A7%D9%84%D8%AC%D9%86%D9%88%D8%A8%D9%8A-21-%D8%A3%D9%8A%D9%84%D9%88%D9%84-2026-%D8%B1%D9%88%D9%8A%D8%AA%D8%B1%D8%B2.jpg","FALSE"
"bdedebf1bd4431bc","Associated Press","rss","western-wire","2026-09-27T13:11:00Z","Powerful nor’easter floods Northeast, leaves over 100,000 without power as high tides threaten coast","","https://news.google.com/rss/articles/CBMilgFBVV95cUxNSm8yTVN4Z0tmWTVURVhPYTdqVWRYOXVqXzllQkJ1ZzRGZ040SXdRQjJ1ZlFLRDNYTlN6aWFyeXBQQXBsSUZ0UmtSWEdHVWtzZTJsVGFaZW9DSmd5ZXpUejdkSldwSHdiN3ZtYUJLNEJ2aFRQX05DVl80NVI1dzhlcUZtNHFDUm1NazZKT2Ryd0xJT1JoT0E?oc=5","US","","FALSE"
"74606d20a386b59e","Al Jazeera","rss","gulf","2026-09-27T13:17:53Z","‘Better deal’: What’s behind Trump’s rejection of Iran’s truce offer?","Experts say Trump sees economic sanctions as key to extracting more concessions but he risks losing leverage.","https://www.aljazeera.com/news/2026/9/27/better-deal-whats-behind-trumps-rejection-of-irans-truce-offer?traffic_source=rss","QA","","FALSE"
"25a5dff4b41a8754","Al Jazeera","rss","gulf","2026-09-27T13:34:49Z","Ethiopians celebrate Meskel and call for peace amid fighting","Ethiopians celebrate Meskel and call for peace amid fighting","https://www.aljazeera.com/video/newsfeed/2026/9/27/ethiopians-celebrate-meskel-and-call-for-peace-amid-fighting?traffic_source=rss","QA","","FALSE"
"13b615d157eddd67","Associated Press","rss","western-wire","2026-09-27T13:36:00Z","A'ja Wilson wins AP WNBA Player of the Year for 3rd straight year; Angel Reese top defensive player","","https://news.google.com/rss/articles/CBMimAFBVV95cUxOazJpREc4aTByMzFwLV9ld29tMk9iNVRUcXJkOU1iVHhieDlpWm1OQ2pKc1BfMzZuMW9fbEdnbmJVZkFOSW9tOWc0NGxnNEVoTzJJSTlUdnZaSGpPdUVldmN3eW1IdWJ3ejFhN0xhOG9raFdLallrNHU1WUlNeEx5Y0ltbW1ubHlDTHR2ekZtLVJaeFF4RmZKMg?oc=5","US","","FALSE"
"377e32cc0884dafe","DW English","rss","german","2026-09-27T13:47:00Z","European cities seek ways of boosting affordable housing","In many major urban centers of Europe, the housing shortage has become an explosive social issue. DW looks into various models that have been put in place across the continent.","https://www.dw.com/en/european-cities-seek-ways-of-boosting-affordable-housing/a-79438939?maca=en-rss-en-world-4025-rdf","DE","","FALSE"
"5f95dad345fe6a03","Al Jazeera","rss","gulf","2026-09-27T13:49:28Z","US installation commemorates victims of South African ‘white genocide’","Memorial crosses installed in the US have revived erroneous claims of a ‘white genocide’ against farmers in South Africa","https://www.aljazeera.com/video/newsfeed/2026/9/27/us-installation-commemorates-victims-of-south-african-white?traffic_source=rss","QA","","FALSE"
"1af97fc6f73fc003","Al Jazeera","rss","gulf","2026-09-27T14:03:45Z","Israel’s Smotrich calls for ‘war’ in West Bank: Rhetoric or real threat?","Smotrich’s words should not be dismissed as mere election rhetoric, human rights experts and analysts warn.","https://www.aljazeera.com/news/2026/9/27/israels-smotrich-urges-war-in-west-bank-poll-rhetoric-or-real-threat?traffic_source=rss","QA","","FALSE"
"b12d8381f77c2d17","Al Jazeera","rss","gulf","2026-09-27T14:07:55Z","Yemen’s health system could collapse in some areas, minister warns","Yemen&#039;s healthcare system may not be able to support the population as war strains resources, minister tells Al Jazeera.","https://www.aljazeera.com/news/2026/9/27/yemens-health-system-could-collapse-in-some-areas-minister-warns?traffic_source=rss","QA","","FALSE"
"93218faee0aaf7d6","BBC World","rss","western-uk","2026-09-27T14:09:22Z","Two mass shootings in South Africa leave 27 dead","The two attacks hours apart come as the country struggles to stop high levels of gang-related armed violence.","https://www.bbc.co.uk/news/articles/ck5ywnp075d1o?at_medium=RSS&at_campaign=rss","GB","https://ichef.bbci.co.uk/ace/standard/240/cpsprodpb/ccd0/live/83714c70-ba4b-11f1-952f-c5888b744c34.jpg","FALSE"
"ce295e34c733cd3f","Al Jazeera","rss","gulf","2026-09-27T14:09:23Z","True Crime Reports: The Dosa King’s Deadly Obsession","The Dosa King built an empire. After a woman rejects him, her husband is found dead – and the pursuit of justice begins.","https://www.aljazeera.com/video/true-crime-reports/2026/9/27/true-crime-reports-the-dosa-kings-deadly-obsession?traffic_source=rss","QA","","FALSE"
"dc010f8571d91782","Associated Press","rss","western-wire","2026-09-27T14:26:00Z","Eviction of 87-year-old sparks encampment protest in Madrid over housing crisis","","https://news.google.com/rss/articles/CBMinwFBVV95cUxPajVfLXo0QUJYM3FjWldGS25aQ2dsYnJ5QXB0NFpuQWFETmRGcVdhTFpfZTRaeENKTktaVHZ6RF8tcTBoZGozTmYtdWRTR3JkbXdoelZXblVHMEN6UlVpSmhteFV6YUx3dTByN255b0NhU2VXNjRmUkcxcC1QdWJkc3E3SkVvWmg4cjNGM1lqOXhUNkJiWkh0T21abXpKNUE?oc=5","US","","FALSE"
"1e5427902fe7dfcf","Al Jazeera","rss","gulf","2026-09-27T14:36:44Z","Strait of Hormuz tensions linger as Iran and US move further from a deal","There are fears of renewed fighting between the US and Iran, after President Trump rejected a deal.","https://www.aljazeera.com/economy/2026/9/27/strait-of-hormuz-tensions-linger-as-iran-and-us-move-further-from-a-deal?traffic_source=rss","QA","","FALSE"
"452dd6c15374fb48","Associated Press","rss","western-wire","2026-09-27T15:20:00Z","5 men arrested near air base used by US in Iran war on suspicion of preparing a terrorist act","","https://news.google.com/rss/articles/CBMioAFBVV95cUxOcERWNlhSekhlZGNhNVZ4dTZra2o2b3ZEdGFOeFhYWi02T2JlZ2VPNlZ6ZUQ1ODI1MHc3WElaaVRnV2RlZTlUeHhSR1pSN1NOanZiZkEyNnNtaXhPWS1qYXNrSDlIb1M0S3dwMktBNUJUd244MlZuTHJrNk12SGNCckdRSXBCZWxQWml1MHZHdEkwYjVlSEsyX0FOLTRWYlRZ?oc=5","US","","FALSE"
"4ee1c918fca82028","Al Jazeera","rss","gulf","2026-09-27T15:29:19Z","For Libya, the Hormuz crisis can be a trap or an opportunity","Libyan hydrocarbons are increasingly sought after. To take full advantage, the country needs a new economic strategy.","https://www.aljazeera.com/opinions/2026/9/27/for-libya-the-hormuz-crisis-can-be-a-trap-or-an-opportunity?traffic_source=rss","QA","","FALSE"
"cfd6402f31618c0c","Al Jazeera","rss","gulf","2026-09-27T15:30:00Z","Finding Desert Angels: Searching for the missing at the US-Mexico border","An ageing trailblazer of search and rescue risks his life to find a woman’s missing son in the US-Mexico borderlands.","https://www.aljazeera.com/video/witness/2026/9/27/finding-desert-angels-searching-for-the-missing-at-the-us-mexico-border?traffic_source=rss","QA","","FALSE"
"461cb2e4ec17b31c","BBC World","rss","western-uk","2026-09-27T15:56:25Z","Venezuela releases dozens of political prisoners as election calls grow","A slew of dissidents being released from long-term detention comes days after the nation's interim leader met the US president.","https://www.bbc.co.uk/news/articles/c620lrw2xr12o?at_medium=RSS&at_campaign=rss","GB","https://ichef.bbci.co.uk/ace/standard/240/cpsprodpb/856d/live/3b0c2900-ba87-11f1-befc-25c189e9eebf.jpg","FALSE"
"5405a95022ad2d8a","Al-Monitor","rss","mideast","2026-09-27T16:01:36Z","UK police arrest 5 by air base under terrorism act","LONDON, Sept 27 (Reuters) - British police said counter-terrorism officers were leading efforts to establish what had happened at an airbase used by the US Air Force on Sunday, after they arrested five men on suspicion of preparing a terrorist act.The five men were also arrested on suspicion of committing offences under the Explosives Act.  (Reporting by Kate Holton; Editing by Alexandra Hudson)","https://www.al-monitor.com/originals/2026/09/uk-police-arrest-5-air-base-under-terrorism-act","US","","FALSE"
"46bdd51fe8fbf16b","Al-Monitor","rss","mideast","2026-09-27T16:01:36Z","Deputy chair of Turkey's AK Party resigns after trading allegation amid funds crisis","ANKARA, Sept 27 (Reuters) - A deputy chair of President Tayyip Erdogan's ruling AK Party stepped down after an opposition politician accused her of making a large profit on shares just before a funds crisis triggered a major selloff on the country's stock market.Fatma Betul Sayan Kaya, the AK Party's deputy chair responsible for social policies and who also served as family minister from 2016 t...","https://www.al-monitor.com/originals/2026/09/deputy-chair-turkeys-ak-party-resigns-after-trading-allegation-amid-funds-crisis","US","","FALSE"
"edce31e26c8cbf30","Al-Monitor","rss","mideast","2026-09-27T16:01:36Z","Iran's army voices readiness for potential renewed US attack","DUBAI, Sept 27 (Reuters) - Iran's armed forces are prepared for any renewed U.S. attacks, state media quoted army spokesperson Mohammad Akraminia saying on Sunday, after US President Donald Trump said he rejected an Iranian proposal to reopen the Strait of Hormuz and end fighting.Akraminia said Iran's armed forces were fully prepared for confrontation and warned that the US would suffer greater...","https://www.al-monitor.com/originals/2026/09/irans-army-voices-readiness-potential-renewed-us-attack","US","","FALSE"
"f10c722ea624acd4","Al-Monitor","rss","mideast","2026-09-27T16:01:36Z","Trump says men arrested at US air base in UK were looking to do 'big damage'","By Toby ShepheardFAIRFORD, England, Sept 27 (Reuters) - British police arrested five men near a US air base on suspicion of explosive and terrorism offences on Sunday after a tip-off that three vans had been heading to the military airfield which has been used to strike Iran.US President Donald Trump said the suspects had been looking to do ""big damage"" and had been under investigation by Briti...","https://www.al-monitor.com/originals/2026/09/trump-says-men-arrested-us-air-base-uk-were-looking-do-big-damage","US","","FALSE"
"e4af1335e837c5f1","Al-Monitor","rss","mideast","2026-09-27T16:01:36Z","Iran insists on diplomatic solution after Trump rejects peace plan","By Trevor Hunnicutt, Yomna Ehab and Jana ChoukeirWASHINGTON/UNITED NATIONS/DUBAI, Sept 27 (Reuters) - Iran insisted on Sunday that only diplomacy can solve its conflict with the United States and Israel after US President Donald Trump said he rejected an Iranian proposal to reopen the Strait of Hormuz and end fighting.""Our conditions are clear, and any move toward reopening the Strait of Hormuz...","https://www.al-monitor.com/originals/2026/09/iran-insists-diplomatic-solution-after-trump-rejects-peace-plan","US","","FALSE"
"c24f3c8e64712e29","Al-Monitor","rss","mideast","2026-09-27T16:01:36Z","Oman calls for self-restraint, dialog in Mideast conflict","","https://www.al-monitor.com/originals/2026/09/oman-calls-self-restraint-dialog-mideast-conflict","US","","FALSE"
"ab11ed365ca9b330","Al-Monitor","rss","mideast","2026-09-27T16:01:36Z","Russia accuses Europe of seeking to thwart Ukraine talks","Russia's Foreign Minister Sergei Lavrov accused Europe Saturday of ""doing everything"" to thwart talks to resolve the conflict between Moscow and Kyiv, in an outspoken UN speech in which he vowed his country would achieve its Ukraine aims.  
            ""Europe is doing everything it can to thwart peace talks in which the&nbsp;Trump administration is interested,"" he said.","https://www.al-monitor.com/originals/2026/09/russia-accuses-europe-seeking-thwart-ukraine-talks","US","","FALSE"
"d424a52a8526b435","Al-Monitor","rss","mideast","2026-09-27T16:01:36Z","China pushes back against US on Iran and Cuba in UN speech","By Antoni SlodkowskiUNITED NATIONS, Sept 26 (Reuters) - China pushed back against the United States in its speech at the UN General Assembly on Saturday, saying sovereignty of countries in the Gulf should be respected and urging the ""relevant country"" to stop threatening Cuba and lift its blockade on it.Vice President Han Zheng did not mention the US by name in his remarks. The US has launched...","https://www.al-monitor.com/originals/2026/09/china-pushes-back-against-us-iran-and-cuba-un-speech","US","","FALSE"
"dfb130ae35c3439f","Al-Monitor","rss","mideast","2026-09-27T16:01:36Z","Six big takeaways from a turbulent week of UN diplomacy","By Antoni SlodkowskiUNITED NATIONS, Sept 26 (Reuters) - Limousines whisked world leaders away from the United Nations on Friday after a week of speeches, meetings and hallway diplomacy. While they reached no breakthroughs on the world's most intractable conflicts, talks on the Iran and Ukraine wars inched forward and global powers used the venue to debate AI risks with industry leaders.Here are...","https://www.al-monitor.com/originals/2026/09/six-big-takeaways-turbulent-week-un-diplomacy","US","","FALSE"
"0d08daa830630dd2","Al-Monitor","rss","mideast","2026-09-27T16:01:36Z","Trump rejects Iranian proposal to open Hormuz and end fighting","By Trevor Hunnicutt, Parisa Hafezi and Menna AlaaElDinWASHINGTON/UNITED NATIONS/CAIRO, Sept 26 (Reuters) - US President Donald Trump said on Saturday he had rejected an Iranian proposal to reopen the Strait of Hormuz and end fighting in the Middle East.Iran raised the initiative at the UN General Assembly in New York, saying it had been transmitted to the Americans via Qatari mediators and that...","https://www.al-monitor.com/originals/2026/09/trump-rejects-iranian-proposal-open-hormuz-and-end-fighting","US","","FALSE"
"e82584481a0ed012","Al-Monitor","rss","mideast","2026-09-27T16:01:36Z","Iran stands firm on Hormuz plan after US rejection","Iran stood firm Sunday on its conditions for reopening the Strait of Hormuz, despite US President Donald Trump's rejection of the proposal, leaving the Middle East war locked in a stalemate.  
            The waterway is key to the world's energy supply and is now central to the conflict between Washington and Tehran, which was triggered nearly seven months ago with deadly strikes on Iran.","https://www.al-monitor.com/originals/2026/09/iran-stands-firm-hormuz-plan-after-us-rejection","US","","FALSE"
"55a02f475511c7be","Al-Monitor","rss","mideast","2026-09-27T16:01:36Z","Iran proposes plan to reopen Hormuz within seven days: minister","Iran's Foreign Minister Abbas Araghchi said Friday that Tehran had offered Washington a plan that would see the Strait of Hormuz reopened to maritime navigation within seven days once agreed.  
            Araghchi met for talks on Tuesday with US President Donald Trump's envoy Steve Witkoff, and previously set out conditions for ending the war and reopening the vital energy shipping channel.&n...","https://www.al-monitor.com/originals/2026/09/iran-proposes-plan-reopen-hormuz-within-seven-days-minister","US","","FALSE"
"16fcb0303d71bd69","Al-Monitor","rss","mideast","2026-09-27T16:01:36Z","Pakistani, Saudi, Turkish chiefs discuss closer military ties","Sept 26 (Reuters) - The military chiefs of Pakistan, Saudi Arabia and Turkey discussed enhancing intelligence sharing, military coordination and capability integration at a meeting in Riyadh on Friday, according to statements from Saudi Arabia's Defence Ministry and Pakistan's military.The chiefs of defence forces and chiefs of general staff reviewed the security situation and threats facing Sa...","https://www.al-monitor.com/originals/2026/09/pakistani-saudi-turkish-chiefs-discuss-closer-military-ties","US","","FALSE"
"8b75b677144afb48","Al-Monitor","rss","mideast","2026-09-27T16:01:36Z","Iran's Araqchi says now up to US to accept 7-day plan","Sept 25 (Reuters) - Iran has given the United States a ""concrete"" seven-day plan to open the strategic Strait of Hormuz and the choice now rests with the US, Iran's Foreign Minister Abbas Araqchi told reporters at the United Nations on Friday.""If the necessary conditions are met, the strait can be reopened, a normal maritime passage restored within seven days. The choice now rests with the Unit...","https://www.al-monitor.com/originals/2026/09/irans-araqchi-says-now-us-accept-7-day-plan","US","","FALSE"
"10b12615b7918cfb","Al-Monitor","rss","mideast","2026-09-27T16:01:36Z","Despite fanfare, Xi shows Trump no sign of breaking with Iran","Beijing has significant leverage over Tehran, but little incentive to use it for Washington’s benefit, given its reliance on Iranian oil.","https://www.al-monitor.com/originals/2026/09/despite-fanfare-xi-shows-trump-no-sign-breaking-iran","US","","FALSE"
"c96d1b00b7ec9f14","Al-Monitor","rss","mideast","2026-09-27T16:01:36Z","Pakistan PM calls Houthi Mecca attacks 'red line' at UN","Pakistan's Prime Minister Shehbaz Sharif said at the UN Friday that further attacks on the Islamic holy city of Mecca would be a ""red line"" for Islamabad.  
            Pakistan maintains ties with Iran which backs the Houthi fighters responsible for firing missiles at Saudi Arabia where Mecca is situated.  
            But Islamabad is strategically close to Saudi, and entered into a defense a...","https://www.al-monitor.com/originals/2026/09/pakistan-pm-calls-houthi-mecca-attacks-red-line-un","US","","FALSE"
"5b259f26fd869f63","Al-Monitor","rss","mideast","2026-09-27T16:01:36Z","Could Iran's 7-day Hormuz proposal culminate in diplomatic deal?","Iran's proposal to reopen the Strait of Hormuz in seven days brings into focus the central challenge facing diplomacy with Washington: how to turn military leverage into a negotiated path without giving up too much in return.","https://www.al-monitor.com/originals/2026/09/could-irans-7-day-hormuz-proposal-culminate-diplomatic-deal","US","","FALSE"
